dim,deg,parallel_depth,max_cpu,avg_time
2,2,0,1,0.0032882452011108398
2,2,1,2,0.0175579309463501
2,2,1,4,0.014786386489868164
2,2,1,6,0.012072086334228516
2,2,1,8,0.009184813499450684
2,2,1,10,0.013021063804626466
2,2,1,12,0.012975120544433593
2,2,1,14,0.016129064559936523
2,2,1,16,0.010253286361694336
2,2,1,18,0.014829039573669434
2,2,1,20,0.013747477531433105
2,2,1,22,0.014226293563842774
2,2,1,24,0.01212000846862793
2,2,1,26,0.014620327949523925
2,2,1,28,0.012801551818847656
2,2,1,30,0.012765240669250489
2,2,1,32,0.01133272647857666
2,2,1,34,0.01302790641784668
2,2,1,36,0.012138056755065917
2,2,1,38,0.013554000854492187
2,2,1,40,0.013088464736938477
2,2,2,2,0.00969696044921875
2,2,2,4,0.012459921836853027
2,2,2,6,0.012663626670837402
2,2,2,8,0.01217648983001709
2,2,2,10,0.011191105842590332
2,2,2,12,0.012598395347595215
2,2,2,14,0.013459491729736327
2,2,2,16,0.015836930274963378
2,2,2,18,0.013781499862670899
2,2,2,20,0.012215733528137207
2,2,2,22,0.014292716979980469
2,2,2,24,0.012755894660949707
2,2,2,26,0.015129971504211425
2,2,2,28,0.013869524002075195
2,2,2,30,0.013344669342041015
2,2,2,32,0.016712117195129394
2,2,2,34,0.012545156478881835
2,2,2,36,0.015574240684509277
2,2,2,38,0.010683059692382812
2,2,2,40,0.012458705902099609
2,2,3,2,0.010989689826965332
2,2,3,4,0.01409289836883545
2,2,3,6,0.011925172805786134
2,2,3,8,0.016040539741516112
2,2,3,10,0.012778353691101075
2,2,3,12,0.013379740715026855
2,2,3,14,0.011154389381408692
2,2,3,16,0.011785054206848144
2,2,3,18,0.01479775905609131
2,2,3,20,0.014137697219848634
2,2,3,22,0.014153861999511718
2,2,3,24,0.016069507598876952
2,2,3,26,0.014529156684875488
2,2,3,28,0.015643811225891112
2,2,3,30,0.01409146785736084
2,2,3,32,0.013428044319152833
2,2,3,34,0.013344621658325196
2,2,3,36,0.013423299789428711
2,2,3,38,0.013212323188781738
2,2,3,40,0.011943888664245606
2,2,4,2,0.010528969764709472
2,2,4,4,0.011532354354858398
2,2,4,6,0.013482332229614258
2,2,4,8,0.014136862754821778
2,2,4,10,0.013863110542297363
2,2,4,12,0.01198716163635254
2,2,4,14,0.010939764976501464
2,2,4,16,0.01356070041656494
2,2,4,18,0.014854741096496583
2,2,4,20,0.011394119262695313
2,2,4,22,0.015258288383483887
2,2,4,24,0.012041616439819335
2,2,4,26,0.013135170936584473
2,2,4,28,0.014573812484741211
2,2,4,30,0.012070751190185547
2,2,4,32,0.012482690811157226
2,2,4,34,0.013027644157409668
2,2,4,36,0.015035200119018554
2,2,4,38,0.013549089431762695
2,2,4,40,0.012223553657531739
2,2,5,2,0.014021682739257812
2,2,5,4,0.015189528465270996
2,2,5,6,0.01281740665435791
2,2,5,8,0.013585042953491212
2,2,5,10,0.012753725051879883
2,2,5,12,0.011695599555969239
2,2,5,14,0.013776135444641114
2,2,5,16,0.013420581817626953
2,2,5,18,0.011810803413391113
2,2,5,20,0.011336994171142579
2,2,5,22,0.012119174003601074
2,2,5,24,0.01630833148956299
2,2,5,26,0.013099479675292968
2,2,5,28,0.012804126739501953
2,2,5,30,0.011374998092651366
2,2,5,32,0.010582447052001953
2,2,5,34,0.013699531555175781
2,2,5,36,0.01244959831237793
2,2,5,38,0.015626358985900878
2,2,5,40,0.014602231979370116
2,2,6,2,0.010771989822387695
2,2,6,4,0.010872387886047363
2,2,6,6,0.012739992141723633
2,2,6,8,0.014291477203369141
2,2,6,10,0.014362382888793945
2,2,6,12,0.012380671501159669
2,2,6,14,0.012857770919799805
2,2,6,16,0.012499380111694335
2,2,6,18,0.013902378082275391
2,2,6,20,0.011372756958007813
2,2,6,22,0.01354985237121582
2,2,6,24,0.014272117614746093
2,2,6,26,0.014151167869567872
2,2,6,28,0.012821578979492187
2,2,6,30,0.015241742134094238
2,2,6,32,0.01379096508026123
2,2,6,34,0.011641740798950195
2,2,6,36,0.012204575538635253
2,2,6,38,0.011750054359436036
2,2,6,40,0.012050127983093262
2,2,7,2,0.013196110725402832
2,2,7,4,0.01276540756225586
2,2,7,6,0.015003013610839843
2,2,7,8,0.013841462135314942
2,2,7,10,0.01303703784942627
2,2,7,12,0.01095113754272461
2,2,7,14,0.012844300270080567
2,2,7,16,0.010742902755737305
2,2,7,18,0.011199617385864257
2,2,7,20,0.013048362731933594
2,2,7,22,0.013384485244750976
2,2,7,24,0.013862109184265137
2,2,7,26,0.011784744262695313
2,2,7,28,0.012959718704223633
2,2,7,30,0.014069914817810059
2,2,7,32,0.013311028480529785
2,2,7,34,0.014257526397705078
2,2,7,36,0.010682201385498047
2,2,7,38,0.011637258529663085
2,2,7,40,0.01260533332824707
2,2,8,2,0.01048572063446045
2,2,8,4,0.01087656021118164
2,2,8,6,0.01269519329071045
2,2,8,8,0.013755536079406739
2,2,8,10,0.01079418659210205
2,2,8,12,0.014538002014160157
2,2,8,14,0.015158987045288086
2,2,8,16,0.014826679229736328
2,2,8,18,0.012760019302368164
2,2,8,20,0.01605551242828369
2,2,8,22,0.011350417137145996
2,2,8,24,0.012370657920837403
2,2,8,26,0.011606407165527344
2,2,8,28,0.014400768280029296
2,2,8,30,0.01205604076385498
2,2,8,32,0.010997271537780762
2,2,8,34,0.012755393981933594
2,2,8,36,0.01183335781097412
2,2,8,38,0.01239173412322998
2,2,8,40,0.012454628944396973
2,3,0,1,0.006090831756591797
2,3,1,2,0.016177105903625488
2,3,1,4,0.01640763282775879
2,3,1,6,0.015256643295288086
2,3,1,8,0.017923259735107423
2,3,1,10,0.0174130916595459
2,3,1,12,0.016619133949279784
2,3,1,14,0.015510129928588866
2,3,1,16,0.017431426048278808
2,3,1,18,0.017592644691467284
2,3,1,20,0.016173362731933594
2,3,1,22,0.01821107864379883
2,3,1,24,0.017091989517211914
2,3,1,26,0.018948793411254883
2,3,1,28,0.01785130500793457
2,3,1,30,0.015986299514770506
2,3,1,32,0.01696944236755371
2,3,1,34,0.016846632957458495
2,3,1,36,0.014302921295166016
2,3,1,38,0.015544795989990234
2,3,1,40,0.015698552131652832
2,3,2,2,0.015969371795654295
2,3,2,4,0.017707276344299316
2,3,2,6,0.01773192882537842
2,3,2,8,0.01845114231109619
2,3,2,10,0.01618509292602539
2,3,2,12,0.017619776725769042
2,3,2,14,0.018947696685791014
2,3,2,16,0.017006707191467286
2,3,2,18,0.01803760528564453
2,3,2,20,0.017633891105651854
2,3,2,22,0.01766526699066162
2,3,2,24,0.017646098136901857
2,3,2,26,0.017410802841186523
2,3,2,28,0.01764369010925293
2,3,2,30,0.018017005920410157
2,3,2,32,0.01459643840789795
2,3,2,34,0.017992591857910155
2,3,2,36,0.01743927001953125
2,3,2,38,0.017390990257263185
2,3,2,40,0.016573357582092284
2,3,3,2,0.015263652801513672
2,3,3,4,0.017174625396728517
2,3,3,6,0.018985342979431153
2,3,3,8,0.01987268924713135
2,3,3,10,0.01924276351928711
2,3,3,12,0.017982912063598634
2,3,3,14,0.015622138977050781
2,3,3,16,0.01572883129119873
2,3,3,18,0.01677725315093994
2,3,3,20,0.017298388481140136
2,3,3,22,0.018868231773376466
2,3,3,24,0.017444682121276856
2,3,3,26,0.0171069860458374
2,3,3,28,0.018423748016357423
2,3,3,30,0.01652681827545166
2,3,3,32,0.016494393348693848
2,3,3,34,0.021688008308410646
2,3,3,36,0.017000794410705566
2,3,3,38,0.01793208122253418
2,3,3,40,0.01946136951446533
2,3,4,2,0.01626431941986084
2,3,4,4,0.017537879943847656
2,3,4,6,0.015980124473571777
2,3,4,8,0.014901351928710938
2,3,4,10,0.018875646591186523
2,3,4,12,0.017412400245666503
2,3,4,14,0.017249059677124024
2,3,4,16,0.016793251037597656
2,3,4,18,0.018871831893920898
2,3,4,20,0.019292497634887697
2,3,4,22,0.016818141937255858
2,3,4,24,0.01733555793762207
2,3,4,26,0.017594027519226074
2,3,4,28,0.020463895797729493
2,3,4,30,0.018080472946166992
2,3,4,32,0.017391562461853027
2,3,4,34,0.01888458728790283
2,3,4,36,0.017799949645996092
2,3,4,38,0.017756319046020506
2,3,4,40,0.0157804012298584
2,3,5,2,0.015301871299743652
2,3,5,4,0.017782759666442872
2,3,5,6,0.01619687080383301
2,3,5,8,0.01778285503387451
2,3,5,10,0.016918587684631347
2,3,5,12,0.017156481742858887
2,3,5,14,0.02032153606414795
2,3,5,16,0.01906266212463379
2,3,5,18,0.016144776344299318
2,3,5,20,0.01757857799530029
2,3,5,22,0.017950224876403808
2,3,5,24,0.016491150856018065
2,3,5,26,0.017840313911437988
2,3,5,28,0.020303845405578613
2,3,5,30,0.017391419410705565
2,3,5,32,0.019415807723999024
2,3,5,34,0.017943191528320312
2,3,5,36,0.016323661804199217
2,3,5,38,0.016606521606445313
2,3,5,40,0.01715695858001709
2,3,6,2,0.015385270118713379
2,3,6,4,0.016315293312072755
2,3,6,6,0.01641800403594971
2,3,6,8,0.015894341468811034
2,3,6,10,0.016222548484802247
2,3,6,12,0.01706380844116211
2,3,6,14,0.01735227108001709
2,3,6,16,0.019036197662353517
2,3,6,18,0.014957594871520995
2,3,6,20,0.01939229965209961
2,3,6,22,0.014461994171142578
2,3,6,24,0.01496422290802002
2,3,6,26,0.017615365982055663
2,3,6,28,0.01706855297088623
2,3,6,30,0.01678316593170166
2,3,6,32,0.017252206802368164
2,3,6,34,0.01780085563659668
2,3,6,36,0.018309903144836426
2,3,6,38,0.016882157325744628
2,3,6,40,0.016205263137817384
2,3,7,2,0.013868355751037597
2,3,7,4,0.015173912048339844
2,3,7,6,0.017182803153991698
2,3,7,8,0.019348978996276855
2,3,7,10,0.018781590461730956
2,3,7,12,0.017381000518798827
2,3,7,14,0.01829831600189209
2,3,7,16,0.01732215881347656
2,3,7,18,0.018493843078613282
2,3,7,20,0.018183374404907228
2,3,7,22,0.016371822357177733
2,3,7,24,0.016192913055419922
2,3,7,26,0.016704511642456055
2,3,7,28,0.019272851943969726
2,3,7,30,0.016959023475646973
2,3,7,32,0.017475128173828125
2,3,7,34,0.01647815704345703
2,3,7,36,0.016202378273010253
2,3,7,38,0.016028404235839844
2,3,7,40,0.01690673828125
2,3,8,2,0.01647953987121582
2,3,8,4,0.016104745864868163
2,3,8,6,0.017167019844055175
2,3,8,8,0.017348098754882812
2,3,8,10,0.015096378326416016
2,3,8,12,0.016146039962768553
2,3,8,14,0.018210792541503908
2,3,8,16,0.017203354835510255
2,3,8,18,0.017270827293395997
2,3,8,20,0.016807818412780763
2,3,8,22,0.015556073188781739
2,3,8,24,0.01565420627593994
2,3,8,26,0.019103169441223145
2,3,8,28,0.016318225860595705
2,3,8,30,0.018355393409729005
2,3,8,32,0.0164309024810791
2,3,8,34,0.017566227912902833
2,3,8,36,0.01614079475402832
2,3,8,38,0.0172652006149292
2,3,8,40,0.017362022399902345
2,4,0,1,0.012602996826171876
2,4,1,2,0.020488405227661134
2,4,1,4,0.02526834011077881
2,4,1,6,0.027936601638793947
2,4,1,8,0.026136016845703124
2,4,1,10,0.023398947715759278
2,4,1,12,0.02489161491394043
2,4,1,14,0.024883031845092773
2,4,1,16,0.024148154258728027
2,4,1,18,0.025084972381591797
2,4,1,20,0.027131819725036622
2,4,1,22,0.02421121597290039
2,4,1,24,0.022154641151428223
2,4,1,26,0.023831939697265624
2,4,1,28,0.02606358528137207
2,4,1,30,0.02546391487121582
2,4,1,32,0.026276588439941406
2,4,1,34,0.024066638946533204
2,4,1,36,0.024009299278259278
2,4,1,38,0.024345827102661134
2,4,1,40,0.02519063949584961
2,4,2,2,0.019878268241882324
2,4,2,4,0.023358869552612304
2,4,2,6,0.024745893478393555
2,4,2,8,0.02736058235168457
2,4,2,10,0.02522268295288086
2,4,2,12,0.027119874954223633
2,4,2,14,0.027264213562011717
2,4,2,16,0.026999855041503908
2,4,2,18,0.024599027633666993
2,4,2,20,0.02401585578918457
2,4,2,22,0.023668360710144044
2,4,2,24,0.026104450225830078
2,4,2,26,0.024864745140075684
2,4,2,28,0.0251875638961792
2,4,2,30,0.02501213550567627
2,4,2,32,0.026671648025512695
2,4,2,34,0.02679605484008789
2,4,2,36,0.027442026138305663
2,4,2,38,0.02726268768310547
2,4,2,40,0.026607728004455565
2,4,3,2,0.022142958641052247
2,4,3,4,0.023639535903930663
2,4,3,6,0.025083136558532716
2,4,3,8,0.028704333305358886
2,4,3,10,0.026976370811462404
2,4,3,12,0.02985193729400635
2,4,3,14,0.026870918273925782
2,4,3,16,0.024365711212158202
2,4,3,18,0.026936602592468262
2,4,3,20,0.026531577110290527
2,4,3,22,0.02563953399658203
2,4,3,24,0.02715013027191162
2,4,3,26,0.028446507453918458
2,4,3,28,0.026985478401184083
2,4,3,30,0.02439146041870117
2,4,3,32,0.026736927032470704
2,4,3,34,0.027790474891662597
2,4,3,36,0.02445976734161377
2,4,3,38,0.02609093189239502
2,4,3,40,0.025437593460083008
2,4,4,2,0.019445466995239257
2,4,4,4,0.022310161590576173
2,4,4,6,0.02903029918670654
2,4,4,8,0.027416539192199708
2,4,4,10,0.03140711784362793
2,4,4,12,0.02467811107635498
2,4,4,14,0.028087806701660157
2,4,4,16,0.029520750045776367
2,4,4,18,0.02972080707550049
2,4,4,20,0.027418303489685058
2,4,4,22,0.02884197235107422
2,4,4,24,0.029085826873779298
2,4,4,26,0.026366138458251955
2,4,4,28,0.02723684310913086
2,4,4,30,0.027319502830505372
2,4,4,32,0.02737879753112793
2,4,4,34,0.025101232528686523
2,4,4,36,0.0297727108001709
2,4,4,38,0.026814985275268554
2,4,4,40,0.02349855899810791
2,4,5,2,0.019946527481079102
2,4,5,4,0.024646925926208495
2,4,5,6,0.024928736686706542
2,4,5,8,0.029567885398864745
2,4,5,10,0.028603172302246092
2,4,5,12,0.026510238647460938
2,4,5,14,0.027756810188293457
2,4,5,16,0.029134345054626466
2,4,5,18,0.02629110813140869
2,4,5,20,0.0297105073928833
2,4,5,22,0.028150606155395507
2,4,5,24,0.030413484573364256
2,4,5,26,0.027223038673400878
2,4,5,28,0.02633659839630127
2,4,5,30,0.028046679496765137
2,4,5,32,0.027074122428894044
2,4,5,34,0.030631327629089357
2,4,5,36,0.03017094135284424
2,4,5,38,0.0283968448638916
2,4,5,40,0.02914111614227295
2,4,6,2,0.01824674606323242
2,4,6,4,0.022725510597229003
2,4,6,6,0.029880619049072264
2,4,6,8,0.026819801330566405
2,4,6,10,0.027301549911499023
2,4,6,12,0.02646515369415283
2,4,6,14,0.025974607467651366
2,4,6,16,0.027584290504455565
2,4,6,18,0.026300573348999025
2,4,6,20,0.025110077857971192
2,4,6,22,0.028674101829528807
2,4,6,24,0.02477736473083496
2,4,6,26,0.02596001625061035
2,4,6,28,0.030240702629089355
2,4,6,30,0.025618958473205566
2,4,6,32,0.027778315544128417
2,4,6,34,0.027617239952087404
2,4,6,36,0.028502678871154784
2,4,6,38,0.025092124938964844
2,4,6,40,0.026695895195007324
2,4,7,2,0.017459821701049805
2,4,7,4,0.022653698921203613
2,4,7,6,0.02572145462036133
2,4,7,8,0.027046775817871092
2,4,7,10,0.02564980983734131
2,4,7,12,0.02711806297302246
2,4,7,14,0.026561594009399413
2,4,7,16,0.02729165554046631
2,4,7,18,0.02657902240753174
2,4,7,20,0.030447864532470705
2,4,7,22,0.02636561393737793
2,4,7,24,0.02735557556152344
2,4,7,26,0.02734532356262207
2,4,7,28,0.027466893196105957
2,4,7,30,0.025200653076171874
2,4,7,32,0.028673291206359863
2,4,7,34,0.026329946517944337
2,4,7,36,0.023462510108947753
2,4,7,38,0.02722771167755127
2,4,7,40,0.028148531913757324
2,4,8,2,0.020403146743774414
2,4,8,4,0.023017048835754395
2,4,8,6,0.028667473793029787
2,4,8,8,0.023331093788146972
2,4,8,10,0.026517534255981447
2,4,8,12,0.02878425121307373
2,4,8,14,0.02689385414123535
2,4,8,16,0.026674842834472655
2,4,8,18,0.02569746971130371
2,4,8,20,0.028847408294677735
2,4,8,22,0.028124523162841798
2,4,8,24,0.028429532051086427
2,4,8,26,0.025815439224243165
2,4,8,28,0.028410458564758302
2,4,8,30,0.027744340896606445
2,4,8,32,0.025551462173461915
2,4,8,34,0.030304956436157226
2,4,8,36,0.02813570499420166
2,4,8,38,0.026336312294006348
2,4,8,40,0.027251362800598145
2,5,0,1,0.009018802642822265
2,5,1,2,0.01695892810821533
2,5,1,4,0.019055891036987304
2,5,1,6,0.02012171745300293
2,5,1,8,0.019110488891601562
2,5,1,10,0.01927025318145752
2,5,1,12,0.019159889221191405
2,5,1,14,0.018729448318481445
2,5,1,16,0.019158244132995605
2,5,1,18,0.019055676460266114
2,5,1,20,0.01899869441986084
2,5,1,22,0.019617486000061034
2,5,1,24,0.020487713813781738
2,5,1,26,0.018522071838378906
2,5,1,28,0.01954174041748047
2,5,1,30,0.018388533592224122
2,5,1,32,0.019425582885742188
2,5,1,34,0.020148849487304686
2,5,1,36,0.0198319673538208
2,5,1,38,0.018517088890075684
2,5,1,40,0.01976332664489746
2,5,2,2,0.015702366828918457
2,5,2,4,0.018527674674987792
2,5,2,6,0.02051866054534912
2,5,2,8,0.023244452476501466
2,5,2,10,0.021471142768859863
2,5,2,12,0.022269082069396973
2,5,2,14,0.02155165672302246
2,5,2,16,0.021097278594970702
2,5,2,18,0.02248084545135498
2,5,2,20,0.022562503814697266
2,5,2,22,0.02459390163421631
2,5,2,24,0.01956775188446045
2,5,2,26,0.021585512161254882
2,5,2,28,0.0220996618270874
2,5,2,30,0.024457049369812012
2,5,2,32,0.020974564552307128
2,5,2,34,0.02226436138153076
2,5,2,36,0.020270729064941408
2,5,2,38,0.022536373138427733
2,5,2,40,0.022902417182922363
2,5,3,2,0.01363372802734375
2,5,3,4,0.020294332504272462
2,5,3,6,0.023186469078063966
2,5,3,8,0.0198469877243042
2,5,3,10,0.023849630355834962
2,5,3,12,0.022519612312316896
2,5,3,14,0.020981502532958985
2,5,3,16,0.02246718406677246
2,5,3,18,0.022879147529602052
2,5,3,20,0.02184925079345703
2,5,3,22,0.02264409065246582
2,5,3,24,0.023763298988342285
2,5,3,26,0.023235297203063963
2,5,3,28,0.022032690048217774
2,5,3,30,0.02328646183013916
2,5,3,32,0.023950695991516113
2,5,3,34,0.022746014595031738
2,5,3,36,0.021100449562072753
2,5,3,38,0.02269749641418457
2,5,3,40,0.022602415084838866
2,5,4,2,0.01803543567657471
2,5,4,4,0.018535661697387695
2,5,4,6,0.02335503101348877
2,5,4,8,0.025174736976623535
2,5,4,10,0.022054624557495118
2,5,4,12,0.02322988510131836
2,5,4,14,0.02172043323516846
2,5,4,16,0.022735333442687987
2,5,4,18,0.024265623092651366
2,5,4,20,0.02335851192474365
2,5,4,22,0.02463862895965576
2,5,4,24,0.024965715408325196
2,5,4,26,0.02412552833557129
2,5,4,28,0.02471010684967041
2,5,4,30,0.025470376014709473
2,5,4,32,0.022414278984069825
2,5,4,34,0.025197052955627443
2,5,4,36,0.024715280532836913
2,5,4,38,0.02426154613494873
2,5,4,40,0.023268413543701173
2,5,5,2,0.015243935585021972
2,5,5,4,0.022944426536560057
2,5,5,6,0.020740962028503417
2,5,5,8,0.02308378219604492
2,5,5,10,0.020267200469970704
2,5,5,12,0.024751973152160645
2,5,5,14,0.024419951438903808
2,5,5,16,0.023569631576538085
2,5,5,18,0.024994444847106934
2,5,5,20,0.022842931747436523
2,5,5,22,0.02250239849090576
2,5,5,24,0.024137139320373535
2,5,5,26,0.025411462783813475
2,5,5,28,0.025111961364746093
2,5,5,30,0.023877811431884766
2,5,5,32,0.023394846916198732
2,5,5,34,0.02463564872741699
2,5,5,36,0.02344019412994385
2,5,5,38,0.023404884338378906
2,5,5,40,0.023426389694213866
2,5,6,2,0.016788291931152343
2,5,6,4,0.020315933227539062
2,5,6,6,0.024869227409362794
2,5,6,8,0.020526719093322755
2,5,6,10,0.02429525852203369
2,5,6,12,0.02359163761138916
2,5,6,14,0.02486758232116699
2,5,6,16,0.024408841133117677
2,5,6,18,0.02480580806732178
2,5,6,20,0.022533392906188963
2,5,6,22,0.024487614631652832
2,5,6,24,0.02278287410736084
2,5,6,26,0.024119114875793456
2,5,6,28,0.019854068756103516
2,5,6,30,0.02261958122253418
2,5,6,32,0.023190975189208984
2,5,6,34,0.023303794860839843
2,5,6,36,0.02355303764343262
2,5,6,38,0.022326087951660155
2,5,6,40,0.02156939506530762
2,5,7,2,0.01645848751068115
2,5,7,4,0.023286652565002442
2,5,7,6,0.022779512405395507
2,5,7,8,0.02179701328277588
2,5,7,10,0.02204141616821289
2,5,7,12,0.02357449531555176
2,5,7,14,0.024152445793151855
2,5,7,16,0.024877500534057618
2,5,7,18,0.024215841293334962
2,5,7,20,0.022496342658996582
2,5,7,22,0.025416970252990723
2,5,7,24,0.022650671005249024
2,5,7,26,0.024110007286071777
2,5,7,28,0.02397947311401367
2,5,7,30,0.025183963775634765
2,5,7,32,0.024170231819152833
2,5,7,34,0.021145391464233398
2,5,7,36,0.024307560920715333
2,5,7,38,0.02132084369659424
2,5,7,40,0.022281837463378907
2,5,8,2,0.017239594459533693
2,5,8,4,0.019025087356567383
2,5,8,6,0.02375640869140625
2,5,8,8,0.022373485565185546
2,5,8,10,0.022046327590942383
2,5,8,12,0.02308833599090576
2,5,8,14,0.022230768203735353
2,5,8,16,0.023359847068786622
2,5,8,18,0.02160313129425049
2,5,8,20,0.022972798347473143
2,5,8,22,0.022036242485046386
2,5,8,24,0.021065783500671387
2,5,8,26,0.024379372596740723
2,5,8,28,0.0243776798248291
2,5,8,30,0.023951387405395506
2,5,8,32,0.02352423667907715
2,5,8,34,0.023404264450073244
2,5,8,36,0.023468208312988282
2,5,8,38,0.023671221733093262
2,5,8,40,0.020378923416137694
2,6,0,1,0.017026257514953614
2,6,1,2,0.02403535842895508
2,6,1,4,0.030420589447021484
2,6,1,6,0.029269814491271973
2,6,1,8,0.029644083976745606
2,6,1,10,0.030008864402770997
2,6,1,12,0.03152267932891846
2,6,1,14,0.029608726501464844
2,6,1,16,0.02752213478088379
2,6,1,18,0.029033946990966796
2,6,1,20,0.0273972749710083
2,6,1,22,0.02697904109954834
2,6,1,24,0.027164006233215333
2,6,1,26,0.02949247360229492
2,6,1,28,0.028226041793823244
2,6,1,30,0.030656194686889647
2,6,1,32,0.02725958824157715
2,6,1,34,0.030241990089416505
2,6,1,36,0.030190467834472656
2,6,1,38,0.03088390827178955
2,6,1,40,0.02732710838317871
2,6,2,2,0.021581220626831054
2,6,2,4,0.02330937385559082
2,6,2,6,0.02647092342376709
2,6,2,8,0.03060431480407715
2,6,2,10,0.029313278198242188
2,6,2,12,0.029224705696105958
2,6,2,14,0.03170821666717529
2,6,2,16,0.02751169204711914
2,6,2,18,0.029172778129577637
2,6,2,20,0.028340458869934082
2,6,2,22,0.028737831115722656
2,6,2,24,0.028652238845825195
2,6,2,26,0.02800929546356201
2,6,2,28,0.02904465198516846
2,6,2,30,0.02888455390930176
2,6,2,32,0.030974531173706056
2,6,2,34,0.031027603149414062
2,6,2,36,0.03092634677886963
2,6,2,38,0.030641961097717284
2,6,2,40,0.03240182399749756
2,6,3,2,0.02338275909423828
2,6,3,4,0.022878336906433105
2,6,3,6,0.024749398231506348
2,6,3,8,0.03033125400543213
2,6,3,10,0.03014369010925293
2,6,3,12,0.03269548416137695
2,6,3,14,0.03254611492156982
2,6,3,16,0.031712460517883304
2,6,3,18,0.029988741874694823
2,6,3,20,0.0323833703994751
2,6,3,22,0.03185453414916992
2,6,3,24,0.032344388961791995
2,6,3,26,0.028565025329589842
2,6,3,28,0.032997727394104004
2,6,3,30,0.03269615173339844
2,6,3,32,0.0306804895401001
2,6,3,34,0.03137142658233642
2,6,3,36,0.030055761337280273
2,6,3,38,0.03191163539886475
2,6,3,40,0.03167171478271484
2,6,4,2,0.021703004837036133
2,6,4,4,0.021789360046386718
2,6,4,6,0.026270174980163576
2,6,4,8,0.027812957763671875
2,6,4,10,0.03153705596923828
2,6,4,12,0.03117671012878418
2,6,4,14,0.031958723068237306
2,6,4,16,0.03138444423675537
2,6,4,18,0.03222205638885498
2,6,4,20,0.03309288024902344
2,6,4,22,0.03178224563598633
2,6,4,24,0.031213951110839844
2,6,4,26,0.0315854549407959
2,6,4,28,0.03244826793670654
2,6,4,30,0.03299582004547119
2,6,4,32,0.032535767555236815
2,6,4,34,0.03013913631439209
2,6,4,36,0.032958698272705075
2,6,4,38,0.0333315372467041
2,6,4,40,0.029698109626770018
2,6,5,2,0.022224688529968263
2,6,5,4,0.02377805709838867
2,6,5,6,0.027097630500793456
2,6,5,8,0.02938418388366699
2,6,5,10,0.027846264839172363
2,6,5,12,0.03284759521484375
2,6,5,14,0.0321821928024292
2,6,5,16,0.033221983909606935
2,6,5,18,0.03035690784454346
2,6,5,20,0.030956721305847167
2,6,5,22,0.033309125900268556
2,6,5,24,0.03033125400543213
2,6,5,26,0.03378438949584961
2,6,5,28,0.03210358619689942
2,6,5,30,0.031168174743652344
2,6,5,32,0.029187560081481934
2,6,5,34,0.033856892585754396
2,6,5,36,0.03381085395812988
2,6,5,38,0.031230902671813963
2,6,5,40,0.030294203758239747
2,6,6,2,0.021688008308410646
2,6,6,4,0.025687575340270996
2,6,6,6,0.028435564041137694
2,6,6,8,0.030255603790283202
2,6,6,10,0.030186843872070313
2,6,6,12,0.03190114498138428
2,6,6,14,0.029224467277526856
2,6,6,16,0.030294394493103026
2,6,6,18,0.03201580047607422
2,6,6,20,0.031094574928283693
2,6,6,22,0.0310030460357666
2,6,6,24,0.03463339805603027
2,6,6,26,0.033334541320800784
2,6,6,28,0.031027746200561524
2,6,6,30,0.029993414878845215
2,6,6,32,0.029263734817504883
2,6,6,34,0.03046388626098633
2,6,6,36,0.03281834125518799
2,6,6,38,0.03209099769592285
2,6,6,40,0.03238940238952637
2,6,7,2,0.024059343338012695
2,6,7,4,0.025765872001647948
2,6,7,6,0.026512503623962402
2,6,7,8,0.03075854778289795
2,6,7,10,0.03213636875152588
2,6,7,12,0.029909777641296386
2,6,7,14,0.032056212425231934
2,6,7,16,0.03234248161315918
2,6,7,18,0.03188269138336182
2,6,7,20,0.03098917007446289
2,6,7,22,0.030671119689941406
2,6,7,24,0.029976844787597656
2,6,7,26,0.03194999694824219
2,6,7,28,0.029983091354370116
2,6,7,30,0.03060328960418701
2,6,7,32,0.029616689682006835
2,6,7,34,0.03187220096588135
2,6,7,36,0.03286080360412598
2,6,7,38,0.03341796398162842
2,6,7,40,0.030710387229919433
2,6,8,2,0.021609187126159668
2,6,8,4,0.023533272743225097
2,6,8,6,0.027570486068725586
2,6,8,8,0.03117105960845947
2,6,8,10,0.0326829195022583
2,6,8,12,0.0321582555770874
2,6,8,14,0.031928205490112306
2,6,8,16,0.030933523178100587
2,6,8,18,0.032381224632263186
2,6,8,20,0.031638813018798825
2,6,8,22,0.03405146598815918
2,6,8,24,0.03315911293029785
2,6,8,26,0.02992880344390869
2,6,8,28,0.030527234077453613
2,6,8,30,0.0303821325302124
2,6,8,32,0.030842304229736328
2,6,8,34,0.03053429126739502
2,6,8,36,0.030173993110656737
2,6,8,38,0.03295619487762451
2,6,8,40,0.030127835273742676
2,7,0,1,0.015424513816833496
2,7,1,2,0.0205965518951416
2,7,1,4,0.02851710319519043
2,7,1,6,0.023119425773620604
2,7,1,8,0.025400233268737794
2,7,1,10,0.024108242988586426
2,7,1,12,0.025285553932189942
2,7,1,14,0.027140998840332033
2,7,1,16,0.025566673278808592
2,7,1,18,0.023011255264282226
2,7,1,20,0.022432637214660645
2,7,1,22,0.025261712074279786
2,7,1,24,0.02412109375
2,7,1,26,0.024254274368286134
2,7,1,28,0.022545504570007324
2,7,1,30,0.026238608360290527
2,7,1,32,0.023210668563842775
2,7,1,34,0.027311491966247558
2,7,1,36,0.026305198669433594
2,7,1,38,0.02375175952911377
2,7,1,40,0.02436676025390625
2,7,2,2,0.01945655345916748
2,7,2,4,0.019391179084777832
2,7,2,6,0.02307450771331787
2,7,2,8,0.025391221046447754
2,7,2,10,0.024481987953186034
2,7,2,12,0.02289104461669922
2,7,2,14,0.025589942932128906
2,7,2,16,0.026183605194091797
2,7,2,18,0.029807662963867186
2,7,2,20,0.024587583541870118
2,7,2,22,0.027210760116577148
2,7,2,24,0.027504968643188476
2,7,2,26,0.02528402805328369
2,7,2,28,0.028175973892211915
2,7,2,30,0.028296661376953126
2,7,2,32,0.0271806001663208
2,7,2,34,0.025238966941833495
2,7,2,36,0.02679574489593506
2,7,2,38,0.024757075309753417
2,7,2,40,0.02507939338684082
2,7,3,2,0.022312211990356445
2,7,3,4,0.02172679901123047
2,7,3,6,0.02530703544616699
2,7,3,8,0.026181125640869142
2,7,3,10,0.029291415214538576
2,7,3,12,0.03071472644805908
2,7,3,14,0.030933570861816407
2,7,3,16,0.02912001609802246
2,7,3,18,0.028687334060668944
2,7,3,20,0.02692418098449707
2,7,3,22,0.02986745834350586
2,7,3,24,0.028830528259277344
2,7,3,26,0.03124244213104248
2,7,3,28,0.030700087547302246
2,7,3,30,0.02898280620574951
2,7,3,32,0.029098320007324218
2,7,3,34,0.028428244590759277
2,7,3,36,0.029401254653930665
2,7,3,38,0.029653358459472656
2,7,3,40,0.02661747932434082
2,7,4,2,0.022168660163879396
2,7,4,4,0.022494029998779298
2,7,4,6,0.02392251491546631
2,7,4,8,0.02960526943206787
2,7,4,10,0.02854917049407959
2,7,4,12,0.02948744297027588
2,7,4,14,0.026838040351867674
2,7,4,16,0.02796609401702881
2,7,4,18,0.02934427261352539
2,7,4,20,0.02771294116973877
2,7,4,22,0.029590582847595213
2,7,4,24,0.02989344596862793
2,7,4,26,0.030251169204711915
2,7,4,28,0.02738006114959717
2,7,4,30,0.030373787879943846
2,7,4,32,0.030750298500061037
2,7,4,34,0.028992390632629393
2,7,4,36,0.030559778213500977
2,7,4,38,0.028750967979431153
2,7,4,40,0.030516695976257325
2,7,5,2,0.020854759216308593
2,7,5,4,0.018803787231445313
2,7,5,6,0.027508258819580078
2,7,5,8,0.027594614028930663
2,7,5,10,0.02907860279083252
2,7,5,12,0.028156328201293945
2,7,5,14,0.03095738887786865
2,7,5,16,0.02917606830596924
2,7,5,18,0.029785895347595216
2,7,5,20,0.029688358306884766
2,7,5,22,0.03003995418548584
2,7,5,24,0.0302093505859375
2,7,5,26,0.030566763877868653
2,7,5,28,0.031011176109313966
2,7,5,30,0.029539012908935548
2,7,5,32,0.028141140937805176
2,7,5,34,0.029262566566467287
2,7,5,36,0.029277229309082033
2,7,5,38,0.030361008644104005
2,7,5,40,0.029588603973388673
2,7,6,2,0.02099483013153076
2,7,6,4,0.0205127477645874
2,7,6,6,0.025047707557678222
2,7,6,8,0.028408360481262208
2,7,6,10,0.029543757438659668
2,7,6,12,0.030200386047363283
2,7,6,14,0.03065462112426758
2,7,6,16,0.028362345695495606
2,7,6,18,0.032317614555358885
2,7,6,20,0.02729785442352295
2,7,6,22,0.030350112915039064
2,7,6,24,0.030103564262390137
2,7,6,26,0.031148099899291994
2,7,6,28,0.030178546905517578
2,7,6,30,0.030891680717468263
2,7,6,32,0.02934873104095459
2,7,6,34,0.028949475288391112
2,7,6,36,0.029155683517456055
2,7,6,38,0.030347418785095216
2,7,6,40,0.029681396484375
2,7,7,2,0.02138645648956299
2,7,7,4,0.020889830589294434
2,7,7,6,0.025021886825561522
2,7,7,8,0.02796316146850586
2,7,7,10,0.025688028335571288
2,7,7,12,0.029886746406555177
2,7,7,14,0.028132152557373048
2,7,7,16,0.02978549003601074
2,7,7,18,0.026697802543640136
2,7,7,20,0.02849133014678955
2,7,7,22,0.03130271434783936
2,7,7,24,0.026550817489624023
2,7,7,26,0.030272603034973145
2,7,7,28,0.029962992668151854
2,7,7,30,0.03069329261779785
2,7,7,32,0.02817397117614746
2,7,7,34,0.026563191413879396
2,7,7,36,0.028506827354431153
2,7,7,38,0.030301499366760253
2,7,7,40,0.02850611209869385
2,7,8,2,0.017586994171142577
2,7,8,4,0.02045435905456543
2,7,8,6,0.02600994110107422
2,7,8,8,0.025524473190307616
2,7,8,10,0.03114428520202637
2,7,8,12,0.02664361000061035
2,7,8,14,0.030110669136047364
2,7,8,16,0.026633834838867186
2,7,8,18,0.03217141628265381
2,7,8,20,0.029805541038513184
2,7,8,22,0.029296255111694335
2,7,8,24,0.030814456939697265
2,7,8,26,0.02921149730682373
2,7,8,28,0.02888636589050293
2,7,8,30,0.02796459197998047
2,7,8,32,0.03029959201812744
2,7,8,34,0.028862404823303222
2,7,8,36,0.028879213333129882
2,7,8,38,0.02967534065246582
2,7,8,40,0.027960371971130372
2,8,0,1,0.017591309547424317
2,8,1,2,0.020616698265075683
2,8,1,4,0.026732373237609863
2,8,1,6,0.026598477363586427
2,8,1,8,0.02667098045349121
2,8,1,10,0.025900816917419432
2,8,1,12,0.024408984184265136
2,8,1,14,0.027669668197631836
2,8,1,16,0.025597333908081055
2,8,1,18,0.027002286911010743
2,8,1,20,0.026369404792785645
2,8,1,22,0.025563597679138184
2,8,1,24,0.02811708450317383
2,8,1,26,0.02732367515563965
2,8,1,28,0.02592179775238037
2,8,1,30,0.025760197639465333
2,8,1,32,0.025391316413879393
2,8,1,34,0.02803170680999756
2,8,1,36,0.024734354019165038
2,8,1,38,0.028664302825927735
2,8,1,40,0.027526497840881348
2,8,2,2,0.021861720085144042
2,8,2,4,0.019449234008789062
2,8,2,6,0.02503511905670166
2,8,2,8,0.02634751796722412
2,8,2,10,0.026140570640563965
2,8,2,12,0.025610923767089844
2,8,2,14,0.02779250144958496
2,8,2,16,0.027398085594177245
2,8,2,18,0.029393434524536133
2,8,2,20,0.0290708065032959
2,8,2,22,0.024253487586975098
2,8,2,24,0.026496267318725585
2,8,2,26,0.025142765045166014
2,8,2,28,0.0252701997756958
2,8,2,30,0.028028583526611327
2,8,2,32,0.027152419090270996
2,8,2,34,0.028229451179504393
2,8,2,36,0.02559840679168701
2,8,2,38,0.027387547492980956
2,8,2,40,0.02840576171875
2,8,3,2,0.019218945503234865
2,8,3,4,0.017745494842529297
2,8,3,6,0.02819325923919678
2,8,3,8,0.029132270812988283
2,8,3,10,0.02700350284576416
2,8,3,12,0.029577112197875975
2,8,3,14,0.03024158477783203
2,8,3,16,0.030640053749084472
2,8,3,18,0.02804124355316162
2,8,3,20,0.030445098876953125
2,8,3,22,0.029035210609436035
2,8,3,24,0.02911992073059082
2,8,3,26,0.030296802520751953
2,8,3,28,0.03052256107330322
2,8,3,30,0.031827449798583984
2,8,3,32,0.03088412284851074
2,8,3,34,0.03146240711212158
2,8,3,36,0.027331900596618653
2,8,3,38,0.029250621795654297
2,8,3,40,0.030668258666992188
2,8,4,2,0.021216964721679686
2,8,4,4,0.018220114707946777
2,8,4,6,0.025548911094665526
2,8,4,8,0.031116223335266112
2,8,4,10,0.0291339635848999
2,8,4,12,0.02942044734954834
2,8,4,14,0.03118746280670166
2,8,4,16,0.02975430488586426
2,8,4,18,0.030591344833374022
2,8,4,20,0.03236258029937744
2,8,4,22,0.027892279624938964
2,8,4,24,0.029352092742919923
2,8,4,26,0.027283430099487305
2,8,4,28,0.02960662841796875
2,8,4,30,0.03107452392578125
2,8,4,32,0.02969181537628174
2,8,4,34,0.02903900146484375
2,8,4,36,0.027711963653564452
2,8,4,38,0.0281707763671875
2,8,4,40,0.03232896327972412
2,8,5,2,0.0203355073928833
2,8,5,4,0.01739950180053711
2,8,5,6,0.026302671432495116
2,8,5,8,0.02849581241607666
2,8,5,10,0.03010115623474121
2,8,5,12,0.02979323863983154
2,8,5,14,0.028662228584289552
2,8,5,16,0.03059370517730713
2,8,5,18,0.030006051063537598
2,8,5,20,0.031409287452697755
2,8,5,22,0.030027890205383302
2,8,5,24,0.028148794174194337
2,8,5,26,0.030099201202392577
2,8,5,28,0.028965687751770018
2,8,5,30,0.030904650688171387
2,8,5,32,0.028133964538574217
2,8,5,34,0.027245497703552245
2,8,5,36,0.027611708641052245
2,8,5,38,0.03060293197631836
2,8,5,40,0.03156411647796631
2,8,6,2,0.021436405181884766
2,8,6,4,0.018910956382751466
2,8,6,6,0.025667834281921386
2,8,6,8,0.02520608901977539
2,8,6,10,0.024607324600219728
2,8,6,12,0.028892254829406737
2,8,6,14,0.027550387382507324
2,8,6,16,0.02721433639526367
2,8,6,18,0.030081462860107423
2,8,6,20,0.02863008975982666
2,8,6,22,0.03064706325531006
2,8,6,24,0.02870650291442871
2,8,6,26,0.029946303367614745
2,8,6,28,0.027758455276489256
2,8,6,30,0.03318805694580078
2,8,6,32,0.029071688652038574
2,8,6,34,0.028517818450927733
2,8,6,36,0.02810204029083252
2,8,6,38,0.030174398422241212
2,8,6,40,0.02835555076599121
2,8,7,2,0.021125292778015135
2,8,7,4,0.018363761901855468
2,8,7,6,0.026918768882751465
2,8,7,8,0.03175668716430664
2,8,7,10,0.02863433361053467
2,8,7,12,0.029098200798034667
2,8,7,14,0.031538987159729005
2,8,7,16,0.02951974868774414
2,8,7,18,0.031903195381164554
2,8,7,20,0.02903115749359131
2,8,7,22,0.02889389991760254
2,8,7,24,0.028876423835754395
2,8,7,26,0.027196264266967772
2,8,7,28,0.028272843360900878
2,8,7,30,0.030856871604919435
2,8,7,32,0.029245662689208984
2,8,7,34,0.03049478530883789
2,8,7,36,0.0305919885635376
2,8,7,38,0.029585957527160645
2,8,7,40,0.029471969604492186
2,8,8,2,0.02104487419128418
2,8,8,4,0.020463442802429198
2,8,8,6,0.025043582916259764
2,8,8,8,0.02820439338684082
2,8,8,10,0.03036367893218994
2,8,8,12,0.03148207664489746
2,8,8,14,0.030936264991760255
2,8,8,16,0.02856295108795166
2,8,8,18,0.029316282272338866
2,8,8,20,0.028902482986450196
2,8,8,22,0.030362558364868165
2,8,8,24,0.032113075256347656
2,8,8,26,0.030997371673583983
2,8,8,28,0.031227684020996092
2,8,8,30,0.030112028121948242
2,8,8,32,0.027591633796691894
2,8,8,34,0.028044509887695312
2,8,8,36,0.03092515468597412
2,8,8,38,0.02683875560760498
2,8,8,40,0.029050707817077637
2,9,0,1,0.016300153732299805
2,9,1,2,0.020611834526062012
2,9,1,4,0.0247236967086792
2,9,1,6,0.026347637176513672
2,9,1,8,0.027372360229492188
2,9,1,10,0.026905512809753417
2,9,1,12,0.026570677757263184
2,9,1,14,0.024672985076904297
2,9,1,16,0.02671802043914795
2,9,1,18,0.02520751953125
2,9,1,20,0.027462244033813477
2,9,1,22,0.02673792839050293
2,9,1,24,0.025161600112915038
2,9,1,26,0.024353218078613282
2,9,1,28,0.025153398513793945
2,9,1,30,0.02445657253265381
2,9,1,32,0.02596454620361328
2,9,1,34,0.02427387237548828
2,9,1,36,0.0228989839553833
2,9,1,38,0.02656693458557129
2,9,1,40,0.0254565954208374
2,9,2,2,0.021232175827026366
2,9,2,4,0.023189949989318847
2,9,2,6,0.027646780014038086
2,9,2,8,0.028085160255432128
2,9,2,10,0.028416967391967772
2,9,2,12,0.029312801361083985
2,9,2,14,0.028918766975402833
2,9,2,16,0.027220273017883302
2,9,2,18,0.02804563045501709
2,9,2,20,0.026306819915771485
2,9,2,22,0.02588996887207031
2,9,2,24,0.030210304260253906
2,9,2,26,0.025386285781860352
2,9,2,28,0.029454374313354494
2,9,2,30,0.028266525268554686
2,9,2,32,0.02914869785308838
2,9,2,34,0.02664306163787842
2,9,2,36,0.02742304801940918
2,9,2,38,0.02886476516723633
2,9,2,40,0.029740405082702637
2,9,3,2,0.022281765937805176
2,9,3,4,0.020354390144348145
2,9,3,6,0.02720332145690918
2,9,3,8,0.02863154411315918
2,9,3,10,0.02995929718017578
2,9,3,12,0.030104422569274904
2,9,3,14,0.03226239681243896
2,9,3,16,0.02925424575805664
2,9,3,18,0.026813864707946777
2,9,3,20,0.0291731595993042
2,9,3,22,0.02813565731048584
2,9,3,24,0.028232550621032713
2,9,3,26,0.030439472198486327
2,9,3,28,0.03131470680236816
2,9,3,30,0.02640693187713623
2,9,3,32,0.02701559066772461
2,9,3,34,0.02811143398284912
2,9,3,36,0.028501200675964355
2,9,3,38,0.027287983894348146
2,9,3,40,0.030788564682006837
2,9,4,2,0.020159316062927247
2,9,4,4,0.02224273681640625
2,9,4,6,0.027532052993774415
2,9,4,8,0.029066920280456543
2,9,4,10,0.029544138908386232
2,9,4,12,0.02965536117553711
2,9,4,14,0.02964606285095215
2,9,4,16,0.029188656806945802
2,9,4,18,0.02765157222747803
2,9,4,20,0.02887547016143799
2,9,4,22,0.028889393806457518
2,9,4,24,0.027490401268005372
2,9,4,26,0.029874515533447266
2,9,4,28,0.031347250938415526
2,9,4,30,0.029181861877441408
2,9,4,32,0.02850828170776367
2,9,4,34,0.03205044269561767
2,9,4,36,0.02775142192840576
2,9,4,38,0.027675437927246093
2,9,4,40,0.031678080558776855
2,9,5,2,0.02157893180847168
2,9,5,4,0.021587562561035157
2,9,5,6,0.02861776351928711
2,9,5,8,0.029519486427307128
2,9,5,10,0.031663250923156736
2,9,5,12,0.02743687629699707
2,9,5,14,0.028362727165222167
2,9,5,16,0.029885745048522948
2,9,5,18,0.02731766700744629
2,9,5,20,0.03251268863677979
2,9,5,22,0.032720518112182614
2,9,5,24,0.030167675018310545
2,9,5,26,0.027178859710693358
2,9,5,28,0.029041290283203125
2,9,5,30,0.030901765823364256
2,9,5,32,0.026526331901550293
2,9,5,34,0.030075263977050782
2,9,5,36,0.028105950355529784
2,9,5,38,0.029567027091979982
2,9,5,40,0.031109094619750977
2,9,6,2,0.02047553062438965
2,9,6,4,0.02026968002319336
2,9,6,6,0.02597188949584961
2,9,6,8,0.03248350620269776
2,9,6,10,0.031326699256896975
2,9,6,12,0.027756428718566893
2,9,6,14,0.027853989601135255
2,9,6,16,0.030176520347595215
2,9,6,18,0.03014681339263916
2,9,6,20,0.02726304531097412
2,9,6,22,0.03133964538574219
2,9,6,24,0.02761392593383789
2,9,6,26,0.027484035491943358
2,9,6,28,0.028255248069763185
2,9,6,30,0.026199078559875487
2,9,6,32,0.030594277381896972
2,9,6,34,0.027118730545043945
2,9,6,36,0.02850766181945801
2,9,6,38,0.03129198551177979
2,9,6,40,0.029850244522094727
2,9,7,2,0.020786046981811523
2,9,7,4,0.021159434318542482
2,9,7,6,0.028941035270690918
2,9,7,8,0.029003214836120606
2,9,7,10,0.02609713077545166
2,9,7,12,0.031736898422241214
2,9,7,14,0.03006308078765869
2,9,7,16,0.03058474063873291
2,9,7,18,0.02824058532714844
2,9,7,20,0.032745742797851564
2,9,7,22,0.027802705764770508
2,9,7,24,0.03033120632171631
2,9,7,26,0.02885000705718994
2,9,7,28,0.03067307472229004
2,9,7,30,0.030289626121520995
2,9,7,32,0.03129532337188721
2,9,7,34,0.028890466690063475
2,9,7,36,0.03128890991210938
2,9,7,38,0.031660842895507815
2,9,7,40,0.029598188400268555
2,9,8,2,0.01939537525177002
2,9,8,4,0.020740151405334473
2,9,8,6,0.027645254135131837
2,9,8,8,0.028748583793640137
2,9,8,10,0.03087620735168457
2,9,8,12,0.030802345275878905
2,9,8,14,0.03032064437866211
2,9,8,16,0.03158876895904541
2,9,8,18,0.03125097751617432
2,9,8,20,0.03131864070892334
2,9,8,22,0.02783844470977783
2,9,8,24,0.029181671142578126
2,9,8,26,0.028151535987854005
2,9,8,28,0.0289592981338501
2,9,8,30,0.03109149932861328
2,9,8,32,0.029701828956604004
2,9,8,34,0.03237450122833252
2,9,8,36,0.03308408260345459
2,9,8,38,0.030704522132873537
2,9,8,40,0.03052549362182617
2,10,0,1,0.028817129135131837
2,10,1,2,0.035253167152404785
2,10,1,4,0.032187461853027344
2,10,1,6,0.035764241218566896
2,10,1,8,0.03293983936309815
2,10,1,10,0.0338329553604126
2,10,1,12,0.03514103889465332
2,10,1,14,0.03376693725585937
2,10,1,16,0.036588740348815915
2,10,1,18,0.0359912633895874
2,10,1,20,0.03467111587524414
2,10,1,22,0.03324637413024902
2,10,1,24,0.03594605922698975
2,10,1,26,0.03362152576446533
2,10,1,28,0.03290417194366455
2,10,1,30,0.03358473777770996
2,10,1,32,0.033240532875061034
2,10,1,34,0.03317241668701172
2,10,1,36,0.032092046737670896
2,10,1,38,0.03651556968688965
2,10,1,40,0.03540294170379639
2,10,2,2,0.031121420860290527
2,10,2,4,0.024231743812561036
2,10,2,6,0.028746366500854492
2,10,2,8,0.030136919021606444
2,10,2,10,0.034201407432556154
2,10,2,12,0.03355374336242676
2,10,2,14,0.033999514579772946
2,10,2,16,0.03244504928588867
2,10,2,18,0.03672192096710205
2,10,2,20,0.03489537239074707
2,10,2,22,0.03337032794952392
2,10,2,24,0.0309999942779541
2,10,2,26,0.032342958450317386
2,10,2,28,0.030945014953613282
2,10,2,30,0.032271504402160645
2,10,2,32,0.03273022174835205
2,10,2,34,0.03336832523345947
2,10,2,36,0.031083226203918457
2,10,2,38,0.03158271312713623
2,10,2,40,0.031289863586425784
2,10,3,2,0.032381319999694826
2,10,3,4,0.02263004779815674
2,10,3,6,0.026657938957214355
2,10,3,8,0.02991025447845459
2,10,3,10,0.03317875862121582
2,10,3,12,0.033086299896240234
2,10,3,14,0.036471223831176756
2,10,3,16,0.03485591411590576
2,10,3,18,0.036818742752075195
2,10,3,20,0.03716413974761963
2,10,3,22,0.03454737663269043
2,10,3,24,0.03707311153411865
2,10,3,26,0.033420228958129884
2,10,3,28,0.03377907276153565
2,10,3,30,0.034805798530578615
2,10,3,32,0.03357234001159668
2,10,3,34,0.034343385696411134
2,10,3,36,0.031031274795532228
2,10,3,38,0.03230240345001221
2,10,3,40,0.035501527786254886
2,10,4,2,0.03200862407684326
2,10,4,4,0.027800846099853515
2,10,4,6,0.023639345169067384
2,10,4,8,0.03079369068145752
2,10,4,10,0.03335890769958496
2,10,4,12,0.03373620510101318
2,10,4,14,0.03676309585571289
2,10,4,16,0.03509600162506103
2,10,4,18,0.03435337543487549
2,10,4,20,0.03610432147979736
2,10,4,22,0.03664729595184326
2,10,4,24,0.03846352100372315
2,10,4,26,0.03370270729064941
2,10,4,28,0.035019302368164064
2,10,4,30,0.03313441276550293
2,10,4,32,0.03538687229156494
2,10,4,34,0.036229848861694336
2,10,4,36,0.03270785808563233
2,10,4,38,0.036220121383666995
2,10,4,40,0.036078810691833496
2,10,5,2,0.03078787326812744
2,10,5,4,0.0249070405960083
2,10,5,6,0.027529168128967284
2,10,5,8,0.02852005958557129
2,10,5,10,0.03059244155883789
2,10,5,12,0.03376762866973877
2,10,5,14,0.034744429588317874
2,10,5,16,0.036628127098083496
2,10,5,18,0.03514907360076904
2,10,5,20,0.03496353626251221
2,10,5,22,0.0339104175567627
2,10,5,24,0.03538825511932373
2,10,5,26,0.036949682235717776
2,10,5,28,0.03420047760009766
2,10,5,30,0.03538632392883301
2,10,5,32,0.03280131816864014
2,10,5,34,0.03452475070953369
2,10,5,36,0.03489224910736084
2,10,5,38,0.035654759407043456
2,10,5,40,0.037207937240600585
2,10,6,2,0.030413126945495604
2,10,6,4,0.022100448608398438
2,10,6,6,0.022616147994995117
2,10,6,8,0.028044795989990233
2,10,6,10,0.03146746158599854
2,10,6,12,0.03351144790649414
2,10,6,14,0.031514668464660646
2,10,6,16,0.03047008514404297
2,10,6,18,0.036570286750793456
2,10,6,20,0.035477638244628906
2,10,6,22,0.033265089988708495
2,10,6,24,0.03628225326538086
2,10,6,26,0.03620433807373047
2,10,6,28,0.03549323081970215
2,10,6,30,0.0354194164276123
2,10,6,32,0.03309311866760254
2,10,6,34,0.03483469486236572
2,10,6,36,0.032602906227111816
2,10,6,38,0.03272089958190918
2,10,6,40,0.0385221004486084
2,10,7,2,0.03185019493103027
2,10,7,4,0.022872424125671385
2,10,7,6,0.023500394821166993
2,10,7,8,0.028529930114746093
2,10,7,10,0.03166253566741943
2,10,7,12,0.03870086669921875
2,10,7,14,0.034931182861328125
2,10,7,16,0.035955071449279785
2,10,7,18,0.03492646217346192
2,10,7,20,0.033865833282470705
2,10,7,22,0.03799207210540771
2,10,7,24,0.03527166843414307
2,10,7,26,0.03627707958221436
2,10,7,28,0.03397369384765625
2,10,7,30,0.036617398262023926
2,10,7,32,0.037541532516479494
2,10,7,34,0.0356135368347168
2,10,7,36,0.03652665615081787
2,10,7,38,0.03649139404296875
2,10,7,40,0.03393309116363526
2,10,8,2,0.030693817138671874
2,10,8,4,0.024234652519226074
2,10,8,6,0.026180624961853027
2,10,8,8,0.03130645751953125
2,10,8,10,0.028400945663452148
2,10,8,12,0.032691550254821775
2,10,8,14,0.03691134452819824
2,10,8,16,0.034467554092407225
2,10,8,18,0.034954404830932616
2,10,8,20,0.036304569244384764
2,10,8,22,0.03745205402374267
2,10,8,24,0.034803462028503415
2,10,8,26,0.03367624282836914
2,10,8,28,0.033892703056335446
2,10,8,30,0.03637306690216065
2,10,8,32,0.034695887565612794
2,10,8,34,0.0347353458404541
2,10,8,36,0.03653535842895508
2,10,8,38,0.0348111629486084
2,10,8,40,0.03410630226135254
2,11,0,1,0.02311713695526123
2,11,1,2,0.026033568382263183
2,11,1,4,0.03100876808166504
2,11,1,6,0.03125143051147461
2,11,1,8,0.029180455207824706
2,11,1,10,0.031249094009399413
2,11,1,12,0.03098165988922119
2,11,1,14,0.030551767349243163
2,11,1,16,0.03031136989593506
2,11,1,18,0.029991507530212402
2,11,1,20,0.0316805362701416
2,11,1,22,0.029328393936157226
2,11,1,24,0.03096799850463867
2,11,1,26,0.03129961490631104
2,11,1,28,0.027895665168762206
2,11,1,30,0.03204898834228516
2,11,1,32,0.03188104629516601
2,11,1,34,0.03071577548980713
2,11,1,36,0.029427051544189453
2,11,1,38,0.029902148246765136
2,11,1,40,0.03366858959197998
2,11,2,2,0.0273606538772583
2,11,2,4,0.022466492652893067
2,11,2,6,0.026627278327941893
2,11,2,8,0.02769932746887207
2,11,2,10,0.030805563926696776
2,11,2,12,0.032847023010253905
2,11,2,14,0.0305588960647583
2,11,2,16,0.03032691478729248
2,11,2,18,0.02702491283416748
2,11,2,20,0.03146417140960693
2,11,2,22,0.03278293609619141
2,11,2,24,0.028677749633789062
2,11,2,26,0.03097579479217529
2,11,2,28,0.03127877712249756
2,11,2,30,0.0327545166015625
2,11,2,32,0.029905080795288086
2,11,2,34,0.030118393898010253
2,11,2,36,0.029784727096557616
2,11,2,38,0.03133225440979004
2,11,2,40,0.032282018661499025
2,11,3,2,0.02622520923614502
2,11,3,4,0.019624733924865724
2,11,3,6,0.025453615188598632
2,11,3,8,0.025227832794189452
2,11,3,10,0.02929213047027588
2,11,3,12,0.03249924182891846
2,11,3,14,0.03303148746490479
2,11,3,16,0.032501387596130374
2,11,3,18,0.03143949508666992
2,11,3,20,0.033274269104003905
2,11,3,22,0.03289284706115723
2,11,3,24,0.03307511806488037
2,11,3,26,0.031850004196166994
2,11,3,28,0.03323285579681397
2,11,3,30,0.03160839080810547
2,11,3,32,0.03563222885131836
2,11,3,34,0.036365318298339847
2,11,3,36,0.03273346424102783
2,11,3,38,0.02977898120880127
2,11,3,40,0.03225622177124023
2,11,4,2,0.027254366874694826
2,11,4,4,0.02290785312652588
2,11,4,6,0.02361264228820801
2,11,4,8,0.032408857345581056
2,11,4,10,0.033513450622558595
2,11,4,12,0.034663939476013185
2,11,4,14,0.03335614204406738
2,11,4,16,0.03478209972381592
2,11,4,18,0.03604915142059326
2,11,4,20,0.03157696723937988
2,11,4,22,0.03295025825500488
2,11,4,24,0.03484020233154297
2,11,4,26,0.033282470703125
2,11,4,28,0.03233859539031982
2,11,4,30,0.03411281108856201
2,11,4,32,0.029838705062866212
2,11,4,34,0.03468689918518066
2,11,4,36,0.03480086326599121
2,11,4,38,0.031819725036621095
2,11,4,40,0.03549768924713135
2,11,5,2,0.02473471164703369
2,11,5,4,0.02306511402130127
2,11,5,6,0.02878098487854004
2,11,5,8,0.030825114250183104
2,11,5,10,0.03138046264648438
2,11,5,12,0.031180453300476075
2,11,5,14,0.03320302963256836
2,11,5,16,0.032035088539123534
2,11,5,18,0.03566749095916748
2,11,5,20,0.03428800106048584
2,11,5,22,0.035117149353027344
2,11,5,24,0.03580045700073242
2,11,5,26,0.03268530368804932
2,11,5,28,0.0338040828704834
2,11,5,30,0.03338255882263184
2,11,5,32,0.031477165222167966
2,11,5,34,0.032739996910095215
2,11,5,36,0.035936522483825686
2,11,5,38,0.03479299545288086
2,11,5,40,0.032914161682128906
2,11,6,2,0.02480010986328125
2,11,6,4,0.021786999702453614
2,11,6,6,0.026104331016540527
2,11,6,8,0.027535247802734374
2,11,6,10,0.032230043411254884
2,11,6,12,0.034502625465393066
2,11,6,14,0.03276829719543457
2,11,6,16,0.03351166248321533
2,11,6,18,0.03504631519317627
2,11,6,20,0.03491621017456055
2,11,6,22,0.03041977882385254
2,11,6,24,0.03583991527557373
2,11,6,26,0.03242747783660889
2,11,6,28,0.0306596040725708
2,11,6,30,0.032509899139404295
2,11,6,32,0.03624539375305176
2,11,6,34,0.035103774070739745
2,11,6,36,0.03347647190093994
2,11,6,38,0.036288118362426756
2,11,6,40,0.03361196517944336
2,11,7,2,0.028005146980285646
2,11,7,4,0.02455315589904785
2,11,7,6,0.026832962036132814
2,11,7,8,0.03389918804168701
2,11,7,10,0.03216311931610107
2,11,7,12,0.03422870635986328
2,11,7,14,0.03510925769805908
2,11,7,16,0.035550403594970706
2,11,7,18,0.03236711025238037
2,11,7,20,0.032114481925964354
2,11,7,22,0.03220136165618896
2,11,7,24,0.03403487205505371
2,11,7,26,0.035915708541870116
2,11,7,28,0.03209524154663086
2,11,7,30,0.031571578979492185
2,11,7,32,0.03476073741912842
2,11,7,34,0.031891894340515134
2,11,7,36,0.03232216835021973
2,11,7,38,0.037203431129455566
2,11,7,40,0.03379092216491699
2,11,8,2,0.027962541580200194
2,11,8,4,0.023002362251281737
2,11,8,6,0.02386009693145752
2,11,8,8,0.027854537963867186
2,11,8,10,0.0352863073348999
2,11,8,12,0.03358311653137207
2,11,8,14,0.03466007709503174
2,11,8,16,0.03232786655426025
2,11,8,18,0.034321165084838866
2,11,8,20,0.03505728244781494
2,11,8,22,0.03359301090240478
2,11,8,24,0.03317346572875977
2,11,8,26,0.033036541938781736
2,11,8,28,0.035043978691101076
2,11,8,30,0.03377478122711182
2,11,8,32,0.033170533180236814
2,11,8,34,0.029991459846496583
2,11,8,36,0.03348433971405029
2,11,8,38,0.03211290836334228
2,11,8,40,0.03392956256866455
2,12,0,1,0.028605198860168456
2,12,1,2,0.03239035606384277
2,12,1,4,0.037148904800415036
2,12,1,6,0.03931570053100586
2,12,1,8,0.03913977146148682
2,12,1,10,0.03912684917449951
2,12,1,12,0.03959486484527588
2,12,1,14,0.03620748519897461
2,12,1,16,0.038612985610961915
2,12,1,18,0.03878357410430908
2,12,1,20,0.04094431400299072
2,12,1,22,0.03925409317016602
2,12,1,24,0.038196754455566403
2,12,1,26,0.037966585159301756
2,12,1,28,0.03450641632080078
2,12,1,30,0.03868944644927978
2,12,1,32,0.03701329231262207
2,12,1,34,0.03691411018371582
2,12,1,36,0.03729248046875
2,12,1,38,0.040236258506774904
2,12,1,40,0.03979923725128174
2,12,2,2,0.032605528831481934
2,12,2,4,0.03095698356628418
2,12,2,6,0.03399498462677002
2,12,2,8,0.03453574180603027
2,12,2,10,0.03722190856933594
2,12,2,12,0.03635008335113525
2,12,2,14,0.03934381008148193
2,12,2,16,0.03875718116760254
2,12,2,18,0.03911821842193604
2,12,2,20,0.037481260299682614
2,12,2,22,0.04073760509490967
2,12,2,24,0.03786630630493164
2,12,2,26,0.03539285659790039
2,12,2,28,0.04046468734741211
2,12,2,30,0.03853011131286621
2,12,2,32,0.04021785259246826
2,12,2,34,0.04026918411254883
2,12,2,36,0.03694260120391846
2,12,2,38,0.03906748294830322
2,12,2,40,0.036379003524780275
2,12,3,2,0.030038928985595702
2,12,3,4,0.028016066551208495
2,12,3,6,0.03250787258148193
2,12,3,8,0.03416576385498047
2,12,3,10,0.03494277000427246
2,12,3,12,0.04018073081970215
2,12,3,14,0.03881447315216065
2,12,3,16,0.041447782516479494
2,12,3,18,0.04067506790161133
2,12,3,20,0.03882138729095459
2,12,3,22,0.03842306137084961
2,12,3,24,0.03765556812286377
2,12,3,26,0.039138269424438474
2,12,3,28,0.04082045555114746
2,12,3,30,0.035926222801208496
2,12,3,32,0.03827345371246338
2,12,3,34,0.04021894931793213
2,12,3,36,0.037855672836303714
2,12,3,38,0.04012997150421142
2,12,3,40,0.04072563648223877
2,12,4,2,0.02947235107421875
2,12,4,4,0.02588481903076172
2,12,4,6,0.02794671058654785
2,12,4,8,0.03442692756652832
2,12,4,10,0.03419473171234131
2,12,4,12,0.0369837760925293
2,12,4,14,0.03703505992889404
2,12,4,16,0.037377452850341795
2,12,4,18,0.03976550102233887
2,12,4,20,0.04068257808685303
2,12,4,22,0.0421299934387207
2,12,4,24,0.04038059711456299
2,12,4,26,0.03971378803253174
2,12,4,28,0.03917255401611328
2,12,4,30,0.04008166790008545
2,12,4,32,0.04194257259368896
2,12,4,34,0.03872296810150146
2,12,4,36,0.03871328830718994
2,12,4,38,0.03944284915924072
2,12,4,40,0.0392916202545166
2,12,5,2,0.031227540969848634
2,12,5,4,0.025948095321655273
2,12,5,6,0.028339624404907227
2,12,5,8,0.034151673316955566
2,12,5,10,0.039339232444763186
2,12,5,12,0.03816165924072266
2,12,5,14,0.0429645299911499
2,12,5,16,0.038213253021240234
2,12,5,18,0.04015169143676758
2,12,5,20,0.040970468521118165
2,12,5,22,0.03946998119354248
2,12,5,24,0.039187288284301756
2,12,5,26,0.03986191749572754
2,12,5,28,0.03947622776031494
2,12,5,30,0.03969838619232178
2,12,5,32,0.03959126472473144
2,12,5,34,0.041872072219848636
2,12,5,36,0.04030430316925049
2,12,5,38,0.03965308666229248
2,12,5,40,0.0393240213394165
2,12,6,2,0.029856777191162108
2,12,6,4,0.025794458389282227
2,12,6,6,0.028850102424621583
2,12,6,8,0.03204092979431152
2,12,6,10,0.03669576644897461
2,12,6,12,0.03990755081176758
2,12,6,14,0.040168476104736325
2,12,6,16,0.03778371810913086
2,12,6,18,0.039652037620544436
2,12,6,20,0.04275166988372803
2,12,6,22,0.040488672256469724
2,12,6,24,0.037949752807617185
2,12,6,26,0.03936426639556885
2,12,6,28,0.039333462715148926
2,12,6,30,0.03935689926147461
2,12,6,32,0.03951082229614258
2,12,6,34,0.039599251747131345
2,12,6,36,0.04199213981628418
2,12,6,38,0.04272749423980713
2,12,6,40,0.03746998310089111
2,12,7,2,0.028923702239990235
2,12,7,4,0.02696387767791748
2,12,7,6,0.03013031482696533
2,12,7,8,0.039290881156921385
2,12,7,10,0.0373377799987793
2,12,7,12,0.03839116096496582
2,12,7,14,0.03545160293579101
2,12,7,16,0.03940439224243164
2,12,7,18,0.03949429988861084
2,12,7,20,0.03690202236175537
2,12,7,22,0.04087822437286377
2,12,7,24,0.041226744651794434
2,12,7,26,0.04214928150177002
2,12,7,28,0.04276702404022217
2,12,7,30,0.03984313011169434
2,12,7,32,0.04005136489868164
2,12,7,34,0.03983631134033203
2,12,7,36,0.03861212730407715
2,12,7,38,0.04243783950805664
2,12,7,40,0.03950686454772949
2,12,8,2,0.03197062015533447
2,12,8,4,0.026301145553588867
2,12,8,6,0.028087282180786134
2,12,8,8,0.03571314811706543
2,12,8,10,0.03978874683380127
2,12,8,12,0.038875246047973634
2,12,8,14,0.0395158052444458
2,12,8,16,0.04118528366088867
2,12,8,18,0.039504599571228025
2,12,8,20,0.04028317928314209
2,12,8,22,0.041897368431091306
2,12,8,24,0.040069866180419925
2,12,8,26,0.03846101760864258
2,12,8,28,0.04088160991668701
2,12,8,30,0.039929890632629396
2,12,8,32,0.04059782028198242
2,12,8,34,0.03981647491455078
2,12,8,36,0.04019289016723633
2,12,8,38,0.042190384864807126
2,12,8,40,0.03958065509796142
2,13,0,1,0.024369096755981444
2,13,1,2,0.030052781105041504
2,13,1,4,0.033566403388977054
2,13,1,6,0.033938241004943845
2,13,1,8,0.03348381519317627
2,13,1,10,0.0340975284576416
2,13,1,12,0.03377852439880371
2,13,1,14,0.03306624889373779
2,13,1,16,0.03300948143005371
2,13,1,18,0.034735488891601565
2,13,1,20,0.033198428153991696
2,13,1,22,0.03282108306884766
2,13,1,24,0.03384289741516113
2,13,1,26,0.03399357795715332
2,13,1,28,0.0338630199432373
2,13,1,30,0.03282313346862793
2,13,1,32,0.03302278518676758
2,13,1,34,0.03524866104125977
2,13,1,36,0.03467800617218018
2,13,1,38,0.0344961404800415
2,13,1,40,0.03486156463623047
2,13,2,2,0.028177809715270997
2,13,2,4,0.024117016792297365
2,13,2,6,0.030403852462768555
2,13,2,8,0.036498427391052246
2,13,2,10,0.03370671272277832
2,13,2,12,0.03378064632415771
2,13,2,14,0.0344024658203125
2,13,2,16,0.033486223220825194
2,13,2,18,0.03246488571166992
2,13,2,20,0.031881856918334964
2,13,2,22,0.033253717422485354
2,13,2,24,0.03557109832763672
2,13,2,26,0.03426558971405029
2,13,2,28,0.03330287933349609
2,13,2,30,0.03342494964599609
2,13,2,32,0.03420889377593994
2,13,2,34,0.03409137725830078
2,13,2,36,0.0332317590713501
2,13,2,38,0.03450210094451904
2,13,2,40,0.03294286727905273
2,13,3,2,0.026193809509277344
2,13,3,4,0.021397614479064943
2,13,3,6,0.024838566780090332
2,13,3,8,0.02862210273742676
2,13,3,10,0.034841513633728026
2,13,3,12,0.03142859935760498
2,13,3,14,0.033882546424865725
2,13,3,16,0.03143818378448486
2,13,3,18,0.03278372287750244
2,13,3,20,0.032481265068054196
2,13,3,22,0.032463574409484865
2,13,3,24,0.030590629577636717
2,13,3,26,0.031697964668273924
2,13,3,28,0.031822037696838376
2,13,3,30,0.033199739456176755
2,13,3,32,0.03427441120147705
2,13,3,34,0.03336808681488037
2,13,3,36,0.03427314758300781
2,13,3,38,0.030941367149353027
2,13,3,40,0.032050347328186034
2,13,4,2,0.029554271697998048
2,13,4,4,0.018901300430297852
2,13,4,6,0.02435956001281738
2,13,4,8,0.031055188179016112
2,13,4,10,0.033844947814941406
2,13,4,12,0.03128955364227295
2,13,4,14,0.03507144451141357
2,13,4,16,0.03343720436096191
2,13,4,18,0.03291530609130859
2,13,4,20,0.03305637836456299
2,13,4,22,0.03459408283233643
2,13,4,24,0.035569047927856444
2,13,4,26,0.03492679595947266
2,13,4,28,0.035426664352416995
2,13,4,30,0.034774374961853025
2,13,4,32,0.03513062000274658
2,13,4,34,0.03550882339477539
2,13,4,36,0.03508219718933105
2,13,4,38,0.03312842845916748
2,13,4,40,0.03088994026184082
2,13,5,2,0.026291823387145995
2,13,5,4,0.020971512794494628
2,13,5,6,0.02831714153289795
2,13,5,8,0.028877115249633788
2,13,5,10,0.03697268962860108
2,13,5,12,0.035941028594970705
2,13,5,14,0.03805279731750488
2,13,5,16,0.03604369163513184
2,13,5,18,0.032708382606506346
2,13,5,20,0.03596296310424805
2,13,5,22,0.0343151330947876
2,13,5,24,0.03290624618530273
2,13,5,26,0.03470556735992432
2,13,5,28,0.03468167781829834
2,13,5,30,0.03506245613098145
2,13,5,32,0.03548026084899902
2,13,5,34,0.035921144485473636
2,13,5,36,0.0313488245010376
2,13,5,38,0.035010480880737306
2,13,5,40,0.031481027603149414
2,13,6,2,0.027767014503479005
2,13,6,4,0.022135257720947266
2,13,6,6,0.027363514900207518
2,13,6,8,0.03169751167297363
2,13,6,10,0.03418188095092774
2,13,6,12,0.03590614795684814
2,13,6,14,0.0330549955368042
2,13,6,16,0.0325145959854126
2,13,6,18,0.037380409240722653
2,13,6,20,0.033966803550720216
2,13,6,22,0.03515238761901855
2,13,6,24,0.03570990562438965
2,13,6,26,0.03448717594146729
2,13,6,28,0.03402442932128906
2,13,6,30,0.03174118995666504
2,13,6,32,0.03251368999481201
2,13,6,34,0.03469836711883545
2,13,6,36,0.03520634174346924
2,13,6,38,0.034071826934814455
2,13,6,40,0.03446683883666992
2,13,7,2,0.025641226768493654
2,13,7,4,0.021069860458374022
2,13,7,6,0.02898240089416504
2,13,7,8,0.032279586791992186
2,13,7,10,0.03317129611968994
2,13,7,12,0.03478243350982666
2,13,7,14,0.03574988842010498
2,13,7,16,0.037332797050476076
2,13,7,18,0.03544375896453857
2,13,7,20,0.033945107460021974
2,13,7,22,0.03512101173400879
2,13,7,24,0.03625531196594238
2,13,7,26,0.0300417423248291
2,13,7,28,0.033388948440551756
2,13,7,30,0.036946582794189456
2,13,7,32,0.032678961753845215
2,13,7,34,0.03524305820465088
2,13,7,36,0.032034778594970705
2,13,7,38,0.03224549293518066
2,13,7,40,0.03315248489379883
2,13,8,2,0.027971458435058594
2,13,8,4,0.020224642753601075
2,13,8,6,0.02624204158782959
2,13,8,8,0.031719326972961426
2,13,8,10,0.032282328605651854
2,13,8,12,0.03465251922607422
2,13,8,14,0.03497037887573242
2,13,8,16,0.03321361541748047
2,13,8,18,0.032490205764770505
2,13,8,20,0.033868718147277835
2,13,8,22,0.03583040237426758
2,13,8,24,0.03410179615020752
2,13,8,26,0.033390140533447264
2,13,8,28,0.03434345722198486
2,13,8,30,0.03554956912994385
2,13,8,32,0.03534684181213379
2,13,8,34,0.03424208164215088
2,13,8,36,0.03348703384399414
2,13,8,38,0.034354114532470705
2,13,8,40,0.03512508869171142
2,14,0,1,0.031235909461975096
2,14,1,2,0.03332431316375732
2,14,1,4,0.031944561004638675
2,14,1,6,0.03272278308868408
2,14,1,8,0.03320877552032471
2,14,1,10,0.03200418949127197
2,14,1,12,0.03372204303741455
2,14,1,14,0.03120112419128418
2,14,1,16,0.032924437522888185
2,14,1,18,0.03200597763061523
2,14,1,20,0.03334653377532959
2,14,1,22,0.03575234413146973
2,14,1,24,0.03337907791137695
2,14,1,26,0.03298053741455078
2,14,1,28,0.03376946449279785
2,14,1,30,0.0312995195388794
2,14,1,32,0.03251893520355224
2,14,1,34,0.031148767471313475
2,14,1,36,0.031065821647644043
2,14,1,38,0.031222009658813478
2,14,1,40,0.03274946212768555
2,14,2,2,0.03297765254974365
2,14,2,4,0.026656508445739746
2,14,2,6,0.030140614509582518
2,14,2,8,0.033843040466308594
2,14,2,10,0.03625543117523193
2,14,2,12,0.03619537353515625
2,14,2,14,0.03494658470153809
2,14,2,16,0.036969661712646484
2,14,2,18,0.03662295341491699
2,14,2,20,0.03580455780029297
2,14,2,22,0.035348367691040036
2,14,2,24,0.03718335628509521
2,14,2,26,0.03741424083709717
2,14,2,28,0.03641164302825928
2,14,2,30,0.035117149353027344
2,14,2,32,0.03662433624267578
2,14,2,34,0.034763431549072264
2,14,2,36,0.036290216445922854
2,14,2,38,0.036276602745056154
2,14,2,40,0.03403403759002686
2,14,3,2,0.032652878761291505
2,14,3,4,0.02511160373687744
2,14,3,6,0.030445432662963866
2,14,3,8,0.0287384033203125
2,14,3,10,0.03356835842132568
2,14,3,12,0.03814992904663086
2,14,3,14,0.038855791091918945
2,14,3,16,0.038228726387023924
2,14,3,18,0.04041283130645752
2,14,3,20,0.03994009494781494
2,14,3,22,0.03791053295135498
2,14,3,24,0.03917288780212402
2,14,3,26,0.03707413673400879
2,14,3,28,0.036623787879943845
2,14,3,30,0.03610937595367432
2,14,3,32,0.05807790756225586
2,14,3,34,0.04050464630126953
2,14,3,36,0.03734934329986572
2,14,3,38,0.03726129531860352
2,14,3,40,0.03940131664276123
2,14,4,2,0.031621551513671874
2,14,4,4,0.02672445774078369
2,14,4,6,0.02672467231750488
2,14,4,8,0.03541808128356934
2,14,4,10,0.03809037208557129
2,14,4,12,0.04221377372741699
2,14,4,14,0.04300746917724609
2,14,4,16,0.04343070983886719
2,14,4,18,0.042384004592895506
2,14,4,20,0.041407299041748044
2,14,4,22,0.04139728546142578
2,14,4,24,0.04436187744140625
2,14,4,26,0.03948707580566406
2,14,4,28,0.040347933769226074
2,14,4,30,0.04172306060791016
2,14,4,32,0.03931183815002441
2,14,4,34,0.03769586086273193
2,14,4,36,0.04185521602630615
2,14,4,38,0.037377333641052245
2,14,4,40,0.038495874404907225
2,14,5,2,0.03504290580749512
2,14,5,4,0.028353452682495117
2,14,5,6,0.02904980182647705
2,14,5,8,0.0320681095123291
2,14,5,10,0.03863945007324219
2,14,5,12,0.040711474418640134
2,14,5,14,0.0430023193359375
2,14,5,16,0.04107978343963623
2,14,5,18,0.04026138782501221
2,14,5,20,0.0386044979095459
2,14,5,22,0.04153993129730225
2,14,5,24,0.04100344181060791
2,14,5,26,0.03980851173400879
2,14,5,28,0.043964481353759764
2,14,5,30,0.04314572811126709
2,14,5,32,0.0428736686706543
2,14,5,34,0.04207358360290527
2,14,5,36,0.03921594619750977
2,14,5,38,0.045062685012817384
2,14,5,40,0.04243426322937012
2,14,6,2,0.03207266330718994
2,14,6,4,0.0269744873046875
2,14,6,6,0.03064110279083252
2,14,6,8,0.03581149578094482
2,14,6,10,0.031905961036682126
2,14,6,12,0.04296972751617432
2,14,6,14,0.04262897968292236
2,14,6,16,0.041965150833129884
2,14,6,18,0.04218118190765381
2,14,6,20,0.04218144416809082
2,14,6,22,0.04129040241241455
2,14,6,24,0.039645957946777347
2,14,6,26,0.04106945991516113
2,14,6,28,0.04127836227416992
2,14,6,30,0.04176230430603027
2,14,6,32,0.04225025177001953
2,14,6,34,0.03802444934844971
2,14,6,36,0.04095470905303955
2,14,6,38,0.04154326915740967
2,14,6,40,0.04237649440765381
2,14,7,2,0.030814504623413085
2,14,7,4,0.025719356536865235
2,14,7,6,0.02983088493347168
2,14,7,8,0.033181071281433105
2,14,7,10,0.03859343528747559
2,14,7,12,0.042878460884094236
2,14,7,14,0.04355778694152832
2,14,7,16,0.042956757545471194
2,14,7,18,0.044674468040466306
2,14,7,20,0.04133536815643311
2,14,7,22,0.0389401912689209
2,14,7,24,0.03934025764465332
2,14,7,26,0.04455490112304687
2,14,7,28,0.04022417068481445
2,14,7,30,0.04162423610687256
2,14,7,32,0.041248416900634764
2,14,7,34,0.042221879959106444
2,14,7,36,0.038989925384521486
2,14,7,38,0.04134347438812256
2,14,7,40,0.04170610904693604
2,14,8,2,0.03232383728027344
2,14,8,4,0.027664756774902342
2,14,8,6,0.029201149940490723
2,14,8,8,0.031368565559387204
2,14,8,10,0.03202133178710938
2,14,8,12,0.04144022464752197
2,14,8,14,0.043093204498291016
2,14,8,16,0.04129061698913574
2,14,8,18,0.04280900955200195
2,14,8,20,0.04171578884124756
2,14,8,22,0.039870166778564455
2,14,8,24,0.04127845764160156
2,14,8,26,0.04426798820495605
2,14,8,28,0.04442622661590576
2,14,8,30,0.0389819860458374
2,14,8,32,0.040405678749084475
2,14,8,34,0.041811442375183104
2,14,8,36,0.04226250648498535
2,14,8,38,0.04536740779876709
2,14,8,40,0.03930485248565674
2,15,0,1,0.03418977260589599
2,15,1,2,0.03456704616546631
2,15,1,4,0.033897995948791504
2,15,1,6,0.037082457542419435
2,15,1,8,0.03689851760864258
2,15,1,10,0.033788752555847165
2,15,1,12,0.03671195507049561
2,15,1,14,0.036231470108032224
2,15,1,16,0.033918118476867674
2,15,1,18,0.033956170082092285
2,15,1,20,0.03589518070220947
2,15,1,22,0.035031247138977054
2,15,1,24,0.033530592918395996
2,15,1,26,0.033722543716430665
2,15,1,28,0.033637070655822755
2,15,1,30,0.03362030982971191
2,15,1,32,0.035139846801757815
2,15,1,34,0.03558473587036133
2,15,1,36,0.03482000827789307
2,15,1,38,0.03577477931976318
2,15,1,40,0.0361952543258667
2,15,2,2,0.032817625999450685
2,15,2,4,0.02808966636657715
2,15,2,6,0.03146994113922119
2,15,2,8,0.03665165901184082
2,15,2,10,0.03256170749664307
2,15,2,12,0.03572933673858643
2,15,2,14,0.03697621822357178
2,15,2,16,0.03773496150970459
2,15,2,18,0.03672237396240234
2,15,2,20,0.035948753356933594
2,15,2,22,0.03462538719177246
2,15,2,24,0.03844785690307617
2,15,2,26,0.03714530467987061
2,15,2,28,0.03758971691131592
2,15,2,30,0.036812114715576175
2,15,2,32,0.038771319389343264
2,15,2,34,0.03988690376281738
2,15,2,36,0.035312461853027347
2,15,2,38,0.038054251670837404
2,15,2,40,0.040577936172485354
2,15,3,2,0.032845354080200194
2,15,3,4,0.025764894485473634
2,15,3,6,0.02818446159362793
2,15,3,8,0.0283172607421875
2,15,3,10,0.03261961936950684
2,15,3,12,0.03582887649536133
2,15,3,14,0.037093305587768556
2,15,3,16,0.037411952018737794
2,15,3,18,0.0349961519241333
2,15,3,20,0.0373725414276123
2,15,3,22,0.03660759925842285
2,15,3,24,0.03471956253051758
2,15,3,26,0.0351776123046875
2,15,3,28,0.03688545227050781
2,15,3,30,0.03489630222320557
2,15,3,32,0.036026740074157716
2,15,3,34,0.037786006927490234
2,15,3,36,0.03780045509338379
2,15,3,38,0.03734779357910156
2,15,3,40,0.03709123134613037
2,15,4,2,0.03292551040649414
2,15,4,4,0.024306392669677733
2,15,4,6,0.025669288635253907
2,15,4,8,0.028937506675720214
2,15,4,10,0.034377765655517575
2,15,4,12,0.034259366989135745
2,15,4,14,0.0390594482421875
2,15,4,16,0.04047603607177734
2,15,4,18,0.04034442901611328
2,15,4,20,0.03905782699584961
2,15,4,22,0.039160943031311034
2,15,4,24,0.04125320911407471
2,15,4,26,0.03990504741668701
2,15,4,28,0.037911176681518555
2,15,4,30,0.039764904975891115
2,15,4,32,0.036856770515441895
2,15,4,34,0.03948979377746582
2,15,4,36,0.03912620544433594
2,15,4,38,0.04080531597137451
2,15,4,40,0.039317655563354495
2,15,5,2,0.0342963695526123
2,15,5,4,0.024905824661254884
2,15,5,6,0.02395017147064209
2,15,5,8,0.026591062545776367
2,15,5,10,0.03699429035186767
2,15,5,12,0.03378298282623291
2,15,5,14,0.03895583152770996
2,15,5,16,0.04073243141174317
2,15,5,18,0.039806461334228514
2,15,5,20,0.039539456367492676
2,15,5,22,0.040037894248962404
2,15,5,24,0.03793337345123291
2,15,5,26,0.039646148681640625
2,15,5,28,0.04022793769836426
2,15,5,30,0.04219040870666504
2,15,5,32,0.03933990001678467
2,15,5,34,0.03946499824523926
2,15,5,36,0.04041402339935303
2,15,5,38,0.03979496955871582
2,15,5,40,0.04235804080963135
2,15,6,2,0.034374046325683597
2,15,6,4,0.02403087615966797
2,15,6,6,0.02420010566711426
2,15,6,8,0.02665379047393799
2,15,6,10,0.030336570739746094
2,15,6,12,0.036041545867919925
2,15,6,14,0.038553810119628905
2,15,6,16,0.0428452730178833
2,15,6,18,0.03937420845031738
2,15,6,20,0.04307551383972168
2,15,6,22,0.038175773620605466
2,15,6,24,0.037814879417419435
2,15,6,26,0.04002325534820557
2,15,6,28,0.04197816848754883
2,15,6,30,0.04086742401123047
2,15,6,32,0.03716475963592529
2,15,6,34,0.03740873336791992
2,15,6,36,0.041312885284423825
2,15,6,38,0.04216320514678955
2,15,6,40,0.03670053482055664
2,15,7,2,0.0344700813293457
2,15,7,4,0.02557637691497803
2,15,7,6,0.024600648880004884
2,15,7,8,0.030302786827087404
2,15,7,10,0.03631038665771484
2,15,7,12,0.03388795852661133
2,15,7,14,0.03598623275756836
2,15,7,16,0.03865106105804443
2,15,7,18,0.039720463752746585
2,15,7,20,0.04154508113861084
2,15,7,22,0.0419327974319458
2,15,7,24,0.03752932548522949
2,15,7,26,0.04055390357971191
2,15,7,28,0.037729930877685544
2,15,7,30,0.036582112312316895
2,15,7,32,0.03819451332092285
2,15,7,34,0.04126040935516358
2,15,7,36,0.04296271800994873
2,15,7,38,0.04208614826202393
2,15,7,40,0.03826277256011963
2,15,8,2,0.035255265235900876
2,15,8,4,0.02346978187561035
2,15,8,6,0.023646044731140136
2,15,8,8,0.027148890495300292
2,15,8,10,0.034653449058532716
2,15,8,12,0.03617544174194336
2,15,8,14,0.03837575912475586
2,15,8,16,0.04226369857788086
2,15,8,18,0.03925986289978027
2,15,8,20,0.037652325630187986
2,15,8,22,0.03901021480560303
2,15,8,24,0.037481689453125
2,15,8,26,0.04259471893310547
2,15,8,28,0.04091286659240723
2,15,8,30,0.04135229587554932
2,15,8,32,0.04082024097442627
2,15,8,34,0.03936758041381836
2,15,8,36,0.03717837333679199
2,15,8,38,0.03779399394989014
2,15,8,40,0.0387007474899292
2,16,0,1,0.032686686515808104
2,16,1,2,0.03512008190155029
2,16,1,4,0.03311090469360352
2,16,1,6,0.030804657936096193
2,16,1,8,0.03216958045959473
2,16,1,10,0.03234555721282959
2,16,1,12,0.03377127647399902
2,16,1,14,0.03267593383789062
2,16,1,16,0.029551005363464354
2,16,1,18,0.030918455123901366
2,16,1,20,0.03174369335174561
2,16,1,22,0.031040239334106445
2,16,1,24,0.03334784507751465
2,16,1,26,0.03406293392181396
2,16,1,28,0.03013279438018799
2,16,1,30,0.03081080913543701
2,16,1,32,0.03137938976287842
2,16,1,34,0.03268866539001465
2,16,1,36,0.03236243724822998
2,16,1,38,0.034203314781188966
2,16,1,40,0.03083963394165039
2,16,2,2,0.032039427757263185
2,16,2,4,0.02488439083099365
2,16,2,6,0.03007397651672363
2,16,2,8,0.031886744499206546
2,16,2,10,0.03289952278137207
2,16,2,12,0.035800838470458986
2,16,2,14,0.032242655754089355
2,16,2,16,0.036397337913513184
2,16,2,18,0.034785008430480956
2,16,2,20,0.03672938346862793
2,16,2,22,0.034290432929992676
2,16,2,24,0.03348915576934815
2,16,2,26,0.034024834632873535
2,16,2,28,0.034541773796081546
2,16,2,30,0.03581249713897705
2,16,2,32,0.03661084175109863
2,16,2,34,0.03707740306854248
2,16,2,36,0.033121776580810544
2,16,2,38,0.03603916168212891
2,16,2,40,0.036103129386901855
2,16,3,2,0.033295416831970216
2,16,3,4,0.025519299507141113
2,16,3,6,0.023499321937561036
2,16,3,8,0.028885698318481444
2,16,3,10,0.033104324340820314
2,16,3,12,0.03288094997406006
2,16,3,14,0.033225846290588376
2,16,3,16,0.03417026996612549
2,16,3,18,0.03334646224975586
2,16,3,20,0.033886504173278806
2,16,3,22,0.034808230400085446
2,16,3,24,0.035356450080871585
2,16,3,26,0.03586113452911377
2,16,3,28,0.033892059326171876
2,16,3,30,0.034957361221313474
2,16,3,32,0.03571004867553711
2,16,3,34,0.0358123779296875
2,16,3,36,0.03435015678405762
2,16,3,38,0.03349878787994385
2,16,3,40,0.030936193466186524
2,16,4,2,0.0350719690322876
2,16,4,4,0.024775147438049316
2,16,4,6,0.02686007022857666
2,16,4,8,0.026856136322021485
2,16,4,10,0.02538409233093262
2,16,4,12,0.034545612335205075
2,16,4,14,0.03590788841247559
2,16,4,16,0.03360559940338135
2,16,4,18,0.03249809741973877
2,16,4,20,0.03399972915649414
2,16,4,22,0.03360040187835693
2,16,4,24,0.03569004535675049
2,16,4,26,0.03419585227966308
2,16,4,28,0.035780906677246094
2,16,4,30,0.035860872268676756
2,16,4,32,0.03449451923370361
2,16,4,34,0.0379525899887085
2,16,4,36,0.03439366817474365
2,16,4,38,0.035717105865478514
2,16,4,40,0.03608255386352539
2,16,5,2,0.034588623046875
2,16,5,4,0.026841187477111818
2,16,5,6,0.022032928466796876
2,16,5,8,0.025792980194091798
2,16,5,10,0.029480361938476564
2,16,5,12,0.03387117385864258
2,16,5,14,0.037011361122131346
2,16,5,16,0.03759000301361084
2,16,5,18,0.03721489906311035
2,16,5,20,0.03680143356323242
2,16,5,22,0.03759481906890869
2,16,5,24,0.03572146892547608
2,16,5,26,0.03521795272827148
2,16,5,28,0.03656437397003174
2,16,5,30,0.03805553913116455
2,16,5,32,0.035686278343200685
2,16,5,34,0.03646571636199951
2,16,5,36,0.03600707054138184
2,16,5,38,0.03402414321899414
2,16,5,40,0.03590679168701172
2,16,6,2,0.03325388431549072
2,16,6,4,0.02479407787322998
2,16,6,6,0.02525787353515625
2,16,6,8,0.0290010929107666
2,16,6,10,0.030240797996520997
2,16,6,12,0.034598588943481445
2,16,6,14,0.036993765830993654
2,16,6,16,0.03792438507080078
2,16,6,18,0.035839176177978514
2,16,6,20,0.0356560468673706
2,16,6,22,0.03928964138031006
2,16,6,24,0.03642282485961914
2,16,6,26,0.03437306880950928
2,16,6,28,0.035758471488952635
2,16,6,30,0.03596184253692627
2,16,6,32,0.03933684825897217
2,16,6,34,0.036627578735351565
2,16,6,36,0.03484921455383301
2,16,6,38,0.035811662673950195
2,16,6,40,0.035684967041015626
2,16,7,2,0.03462495803833008
2,16,7,4,0.023094868659973143
2,16,7,6,0.022844862937927247
2,16,7,8,0.030823922157287596
2,16,7,10,0.03275539875030518
2,16,7,12,0.03392171859741211
2,16,7,14,0.03369584083557129
2,16,7,16,0.03506805896759033
2,16,7,18,0.039507484436035155
2,16,7,20,0.034975504875183104
2,16,7,22,0.03619585037231445
2,16,7,24,0.033421111106872556
2,16,7,26,0.03814699649810791
2,16,7,28,0.035835981369018555
2,16,7,30,0.03632814884185791
2,16,7,32,0.03560323715209961
2,16,7,34,0.034175324440002444
2,16,7,36,0.037932085990905764
2,16,7,38,0.037245893478393556
2,16,7,40,0.03508350849151611
2,16,8,2,0.03194751739501953
2,16,8,4,0.024407672882080077
2,16,8,6,0.022512078285217285
2,16,8,8,0.02688448429107666
2,16,8,10,0.030289483070373536
2,16,8,12,0.03487229347229004
2,16,8,14,0.037366199493408206
2,16,8,16,0.03656761646270752
2,16,8,18,0.03725144863128662
2,16,8,20,0.038489580154418945
2,16,8,22,0.03530783653259277
2,16,8,24,0.03569345474243164
2,16,8,26,0.03837928771972656
2,16,8,28,0.03566911220550537
2,16,8,30,0.03233184814453125
2,16,8,32,0.03689706325531006
2,16,8,34,0.03736808300018311
2,16,8,36,0.036820292472839355
2,16,8,38,0.03550269603729248
2,16,8,40,0.03656857013702393
2,17,0,1,0.030568027496337892
2,17,1,2,0.03343446254730224
2,17,1,4,0.033405852317810056
2,17,1,6,0.031078004837036134
2,17,1,8,0.03416290283203125
2,17,1,10,0.033931541442871097
2,17,1,12,0.034516334533691406
2,17,1,14,0.036737370491027835
2,17,1,16,0.03328220844268799
2,17,1,18,0.03628404140472412
2,17,1,20,0.03549518585205078
2,17,1,22,0.03135921955108643
2,17,1,24,0.03285815715789795
2,17,1,26,0.032241106033325195
2,17,1,28,0.034403109550476076
2,17,1,30,0.03257293701171875
2,17,1,32,0.03493123054504395
2,17,1,34,0.03480238914489746
2,17,1,36,0.03487849235534668
2,17,1,38,0.03291704654693604
2,17,1,40,0.03419561386108398
2,17,2,2,0.03190567493438721
2,17,2,4,0.029004502296447753
2,17,2,6,0.029661679267883302
2,17,2,8,0.034638500213623045
2,17,2,10,0.03620634078979492
2,17,2,12,0.035489773750305174
2,17,2,14,0.036560440063476564
2,17,2,16,0.037729716300964354
2,17,2,18,0.03691906929016113
2,17,2,20,0.035903549194335936
2,17,2,22,0.03702542781829834
2,17,2,24,0.03569643497467041
2,17,2,26,0.039987039566040036
2,17,2,28,0.03778316974639893
2,17,2,30,0.03488602638244629
2,17,2,32,0.034819936752319335
2,17,2,34,0.03543407917022705
2,17,2,36,0.03695733547210693
2,17,2,38,0.035116147994995114
2,17,2,40,0.03762006759643555
2,17,3,2,0.032325124740600585
2,17,3,4,0.026413345336914064
2,17,3,6,0.029219412803649904
2,17,3,8,0.033587288856506345
2,17,3,10,0.039993119239807126
2,17,3,12,0.03757431507110596
2,17,3,14,0.03720695972442627
2,17,3,16,0.03947598934173584
2,17,3,18,0.03969686031341553
2,17,3,20,0.0391124963760376
2,17,3,22,0.03668828010559082
2,17,3,24,0.037145590782165526
2,17,3,26,0.04034614562988281
2,17,3,28,0.04221673011779785
2,17,3,30,0.03487215042114258
2,17,3,32,0.040933537483215335
2,17,3,34,0.037904882431030275
2,17,3,36,0.03882408142089844
2,17,3,38,0.03842341899871826
2,17,3,40,0.038002181053161624
2,17,4,2,0.031758689880371095
2,17,4,4,0.024099516868591308
2,17,4,6,0.027975821495056154
2,17,4,8,0.03224680423736572
2,17,4,10,0.03531045913696289
2,17,4,12,0.039549612998962404
2,17,4,14,0.03765106201171875
2,17,4,16,0.037540221214294435
2,17,4,18,0.03913750648498535
2,17,4,20,0.03966741561889649
2,17,4,22,0.03925044536590576
2,17,4,24,0.04094257354736328
2,17,4,26,0.03864877223968506
2,17,4,28,0.037482714653015135
2,17,4,30,0.037154984474182126
2,17,4,32,0.040457963943481445
2,17,4,34,0.03996245861053467
2,17,4,36,0.04031286239624023
2,17,4,38,0.03948259353637695
2,17,4,40,0.04093742370605469
2,17,5,2,0.03327717781066895
2,17,5,4,0.02558555603027344
2,17,5,6,0.027130699157714842
2,17,5,8,0.03233859539031982
2,17,5,10,0.0349726676940918
2,17,5,12,0.03900461196899414
2,17,5,14,0.03690168857574463
2,17,5,16,0.037581777572631835
2,17,5,18,0.04105231761932373
2,17,5,20,0.04050326347351074
2,17,5,22,0.03997988700866699
2,17,5,24,0.03985207080841065
2,17,5,26,0.036682939529418944
2,17,5,28,0.037230181694030764
2,17,5,30,0.037426996231079104
2,17,5,32,0.03909740447998047
2,17,5,34,0.04146065711975098
2,17,5,36,0.040103363990783694
2,17,5,38,0.03972382545471191
2,17,5,40,0.040387082099914554
2,17,6,2,0.032891583442687986
2,17,6,4,0.0251514196395874
2,17,6,6,0.027078747749328613
2,17,6,8,0.03006894588470459
2,17,6,10,0.03474106788635254
2,17,6,12,0.03874921798706055
2,17,6,14,0.039392614364624025
2,17,6,16,0.039066529273986815
2,17,6,18,0.03818950653076172
2,17,6,20,0.03776814937591553
2,17,6,22,0.03866822719573974
2,17,6,24,0.04095215797424316
2,17,6,26,0.037727642059326175
2,17,6,28,0.038737249374389646
2,17,6,30,0.036544179916381835
2,17,6,32,0.041806721687316896
2,17,6,34,0.04161217212677002
2,17,6,36,0.04066472053527832
2,17,6,38,0.042035365104675294
2,17,6,40,0.03848531246185303
2,17,7,2,0.03401181697845459
2,17,7,4,0.02374765872955322
2,17,7,6,0.027950525283813477
2,17,7,8,0.031554341316223145
2,17,7,10,0.03687145709991455
2,17,7,12,0.04060382843017578
2,17,7,14,0.03807597160339356
2,17,7,16,0.04146034717559814
2,17,7,18,0.04077169895172119
2,17,7,20,0.04099462032318115
2,17,7,22,0.039184737205505374
2,17,7,24,0.03987295627593994
2,17,7,26,0.038480496406555174
2,17,7,28,0.03626172542572022
2,17,7,30,0.03990592956542969
2,17,7,32,0.03812196254730225
2,17,7,34,0.04189743995666504
2,17,7,36,0.039710187911987306
2,17,7,38,0.04206140041351318
2,17,7,40,0.03852312564849854
2,17,8,2,0.03314201831817627
2,17,8,4,0.024983644485473633
2,17,8,6,0.026078557968139647
2,17,8,8,0.03012387752532959
2,17,8,10,0.03676917552947998
2,17,8,12,0.04214036464691162
2,17,8,14,0.0416179895401001
2,17,8,16,0.04115550518035889
2,17,8,18,0.04050922393798828
2,17,8,20,0.03780333995819092
2,17,8,22,0.0397599458694458
2,17,8,24,0.034827566146850585
2,17,8,26,0.04066834449768066
2,17,8,28,0.03993966579437256
2,17,8,30,0.03593513965606689
2,17,8,32,0.04161522388458252
2,17,8,34,0.03899729251861572
2,17,8,36,0.04183573722839355
2,17,8,38,0.038748764991760255
2,17,8,40,0.037799739837646486
2,18,0,1,0.04579589366912842
2,18,1,2,0.04419851303100586
2,18,1,4,0.04355418682098389
2,18,1,6,0.04080455303192139
2,18,1,8,0.040784144401550294
2,18,1,10,0.04062328338623047
2,18,1,12,0.04023125171661377
2,18,1,14,0.04202449321746826
2,18,1,16,0.0417741060256958
2,18,1,18,0.04236702919006348
2,18,1,20,0.040722203254699704
2,18,1,22,0.04295468330383301
2,18,1,24,0.04258139133453369
2,18,1,26,0.04339492321014404
2,18,1,28,0.04171726703643799
2,18,1,30,0.04316060543060303
2,18,1,32,0.04055421352386475
2,18,1,34,0.04153890609741211
2,18,1,36,0.040752291679382324
2,18,1,38,0.042489361763000486
2,18,1,40,0.041033697128295896
2,18,2,2,0.04294886589050293
2,18,2,4,0.03800404071807861
2,18,2,6,0.036878347396850586
2,18,2,8,0.03960585594177246
2,18,2,10,0.04063727855682373
2,18,2,12,0.04272856712341309
2,18,2,14,0.04473056793212891
2,18,2,16,0.04370779991149902
2,18,2,18,0.04346597194671631
2,18,2,20,0.04229550361633301
2,18,2,22,0.045217585563659665
2,18,2,24,0.04542057514190674
2,18,2,26,0.044028401374816895
2,18,2,28,0.04573655128479004
2,18,2,30,0.04244296550750733
2,18,2,32,0.04491293430328369
2,18,2,34,0.04585542678833008
2,18,2,36,0.04308397769927978
2,18,2,38,0.040271449089050296
2,18,2,40,0.04420347213745117
2,18,3,2,0.044413399696350095
2,18,3,4,0.03529856204986572
2,18,3,6,0.03372964859008789
2,18,3,8,0.03578629493713379
2,18,3,10,0.037720870971679685
2,18,3,12,0.03980607986450195
2,18,3,14,0.04216797351837158
2,18,3,16,0.04332122802734375
2,18,3,18,0.0447077751159668
2,18,3,20,0.041733932495117185
2,18,3,22,0.043387627601623534
2,18,3,24,0.0426419734954834
2,18,3,26,0.04315428733825684
2,18,3,28,0.04538650512695312
2,18,3,30,0.04408106803894043
2,18,3,32,0.04485275745391846
2,18,3,34,0.04522833824157715
2,18,3,36,0.0439685583114624
2,18,3,38,0.04237606525421143
2,18,3,40,0.042932534217834474
2,18,4,2,0.04286360740661621
2,18,4,4,0.03153655529022217
2,18,4,6,0.028499698638916014
2,18,4,8,0.031163692474365234
2,18,4,10,0.03840994834899902
2,18,4,12,0.04064121246337891
2,18,4,14,0.04653301239013672
2,18,4,16,0.044980740547180174
2,18,4,18,0.04244959354400635
2,18,4,20,0.04652471542358398
2,18,4,22,0.04253153800964356
2,18,4,24,0.0379425048828125
2,18,4,26,0.04441003799438477
2,18,4,28,0.045097756385803225
2,18,4,30,0.04096331596374512
2,18,4,32,0.047365546226501465
2,18,4,34,0.046820759773254395
2,18,4,36,0.04796502590179443
2,18,4,38,0.04729185104370117
2,18,4,40,0.045197582244873045
2,18,5,2,0.04352424144744873
2,18,5,4,0.031786108016967775
2,18,5,6,0.03207564353942871
2,18,5,8,0.031738448143005374
2,18,5,10,0.036317753791809085
2,18,5,12,0.041482186317443846
2,18,5,14,0.04339120388031006
2,18,5,16,0.04557499885559082
2,18,5,18,0.04841272830963135
2,18,5,20,0.04563717842102051
2,18,5,22,0.04473235607147217
2,18,5,24,0.04171617031097412
2,18,5,26,0.04535684585571289
2,18,5,28,0.04992055892944336
2,18,5,30,0.04593069553375244
2,18,5,32,0.04423799514770508
2,18,5,34,0.050164437294006346
2,18,5,36,0.04463119506835937
2,18,5,38,0.0463792085647583
2,18,5,40,0.04777376651763916
2,18,6,2,0.04163944721221924
2,18,6,4,0.033205246925354
2,18,6,6,0.03143572807312012
2,18,6,8,0.03243701457977295
2,18,6,10,0.038776302337646486
2,18,6,12,0.04088282585144043
2,18,6,14,0.04356520175933838
2,18,6,16,0.047333598136901855
2,18,6,18,0.047971558570861814
2,18,6,20,0.04676928520202637
2,18,6,22,0.045779991149902347
2,18,6,24,0.04877374172210693
2,18,6,26,0.04654006958007813
2,18,6,28,0.04963231086730957
2,18,6,30,0.04715950489044189
2,18,6,32,0.04723224639892578
2,18,6,34,0.04642484188079834
2,18,6,36,0.045139217376708986
2,18,6,38,0.04715697765350342
2,18,6,40,0.04541027545928955
2,18,7,2,0.04205398559570313
2,18,7,4,0.031232690811157225
2,18,7,6,0.02784256935119629
2,18,7,8,0.033663177490234376
2,18,7,10,0.03995521068572998
2,18,7,12,0.04296767711639404
2,18,7,14,0.04293544292449951
2,18,7,16,0.047658133506774905
2,18,7,18,0.04687371253967285
2,18,7,20,0.04896118640899658
2,18,7,22,0.04529669284820557
2,18,7,24,0.04651398658752441
2,18,7,26,0.04666471481323242
2,18,7,28,0.04908895492553711
2,18,7,30,0.04546589851379394
2,18,7,32,0.04770457744598389
2,18,7,34,0.04687280654907226
2,18,7,36,0.04672043323516846
2,18,7,38,0.04989960193634033
2,18,7,40,0.04912436008453369
2,18,8,2,0.04563198089599609
2,18,8,4,0.0318183183670044
2,18,8,6,0.032660722732543945
2,18,8,8,0.03651862144470215
2,18,8,10,0.038379335403442384
2,18,8,12,0.04120454788208008
2,18,8,14,0.043834471702575685
2,18,8,16,0.043824505805969236
2,18,8,18,0.04712841510772705
2,18,8,20,0.04656543731689453
2,18,8,22,0.0438502311706543
2,18,8,24,0.04674680233001709
2,18,8,26,0.04611945152282715
2,18,8,28,0.04264204502105713
2,18,8,30,0.046464276313781736
2,18,8,32,0.0440974235534668
2,18,8,34,0.04681706428527832
2,18,8,36,0.044401693344116214
2,18,8,38,0.050801444053649905
2,18,8,40,0.04621820449829102
2,19,0,1,0.04189984798431397
2,19,1,2,0.04143819808959961
2,19,1,4,0.036486268043518066
2,19,1,6,0.03729183673858642
2,19,1,8,0.03467438220977783
2,19,1,10,0.03728327751159668
2,19,1,12,0.03539230823516846
2,19,1,14,0.03631443977355957
2,19,1,16,0.036877989768981934
2,19,1,18,0.03621101379394531
2,19,1,20,0.036217474937438966
2,19,1,22,0.03445935249328613
2,19,1,24,0.0354882001876831
2,19,1,26,0.03393330574035645
2,19,1,28,0.034862518310546875
2,19,1,30,0.03559861183166504
2,19,1,32,0.03684868812561035
2,19,1,34,0.038344955444335936
2,19,1,36,0.03835539817810059
2,19,1,38,0.033509469032287596
2,19,1,40,0.03399941921234131
2,19,2,2,0.03906271457672119
2,19,2,4,0.03211057186126709
2,19,2,6,0.032454276084899904
2,19,2,8,0.03695247173309326
2,19,2,10,0.036690807342529295
2,19,2,12,0.039742350578308105
2,19,2,14,0.03832666873931885
2,19,2,16,0.04171731472015381
2,19,2,18,0.04329757690429688
2,19,2,20,0.04108359813690186
2,19,2,22,0.03987941741943359
2,19,2,24,0.04129877090454102
2,19,2,26,0.03868188858032227
2,19,2,28,0.04060533046722412
2,19,2,30,0.04288063049316406
2,19,2,32,0.039470863342285153
2,19,2,34,0.04283902645111084
2,19,2,36,0.03954031467437744
2,19,2,38,0.04037685394287109
2,19,2,40,0.041419029235839844
2,19,3,2,0.038162827491760254
2,19,3,4,0.03118419647216797
2,19,3,6,0.029511022567749023
2,19,3,8,0.03395106792449951
2,19,3,10,0.037105441093444824
2,19,3,12,0.03762960433959961
2,19,3,14,0.039481186866760255
2,19,3,16,0.04172041416168213
2,19,3,18,0.039502930641174314
2,19,3,20,0.038665485382080075
2,19,3,22,0.038727736473083495
2,19,3,24,0.040467143058776855
2,19,3,26,0.04488506317138672
2,19,3,28,0.040812325477600095
2,19,3,30,0.03827095031738281
2,19,3,32,0.03814630508422852
2,19,3,34,0.039432740211486815
2,19,3,36,0.03812685012817383
2,19,3,38,0.039124679565429685
2,19,3,40,0.037760448455810544
2,19,4,2,0.041022658348083496
2,19,4,4,0.029360342025756835
2,19,4,6,0.024989724159240723
2,19,4,8,0.029544258117675783
2,19,4,10,0.03578639030456543
2,19,4,12,0.0387253999710083
2,19,4,14,0.03688948154449463
2,19,4,16,0.04118854999542236
2,19,4,18,0.037357640266418454
2,19,4,20,0.0427032470703125
2,19,4,22,0.04043679237365723
2,19,4,24,0.04073998928070068
2,19,4,26,0.03901562690734863
2,19,4,28,0.04094533920288086
2,19,4,30,0.040288996696472165
2,19,4,32,0.041868853569030764
2,19,4,34,0.04379723072052002
2,19,4,36,0.04217705726623535
2,19,4,38,0.040602493286132815
2,19,4,40,0.03926043510437012
2,19,5,2,0.03842093944549561
2,19,5,4,0.02690284252166748
2,19,5,6,0.029041576385498046
2,19,5,8,0.03067615032196045
2,19,5,10,0.03286921977996826
2,19,5,12,0.03655998706817627
2,19,5,14,0.03930463790893555
2,19,5,16,0.04097774028778076
2,19,5,18,0.04272456169128418
2,19,5,20,0.04183661937713623
2,19,5,22,0.039744901657104495
2,19,5,24,0.04009599685668945
2,19,5,26,0.042473006248474124
2,19,5,28,0.04075908660888672
2,19,5,30,0.039949440956115724
2,19,5,32,0.040460062026977536
2,19,5,34,0.04107985496520996
2,19,5,36,0.042880010604858396
2,19,5,38,0.03738858699798584
2,19,5,40,0.03913445472717285
2,19,6,2,0.041584110260009764
2,19,6,4,0.027766990661621093
2,19,6,6,0.02623305320739746
2,19,6,8,0.02818121910095215
2,19,6,10,0.03279886245727539
2,19,6,12,0.036507821083068846
2,19,6,14,0.03979370594024658
2,19,6,16,0.03952436447143555
2,19,6,18,0.039731836318969725
2,19,6,20,0.04039137363433838
2,19,6,22,0.03870637416839599
2,19,6,24,0.04293055534362793
2,19,6,26,0.0412541389465332
2,19,6,28,0.04036123752593994
2,19,6,30,0.04133901596069336
2,19,6,32,0.04028036594390869
2,19,6,34,0.04148404598236084
2,19,6,36,0.04113774299621582
2,19,6,38,0.039861869812011716
2,19,6,40,0.04041464328765869
2,19,7,2,0.03974263668060303
2,19,7,4,0.027634167671203615
2,19,7,6,0.02675330638885498
2,19,7,8,0.027520513534545897
2,19,7,10,0.030453062057495116
2,19,7,12,0.034740447998046875
2,19,7,14,0.03769431114196777
2,19,7,16,0.04189269542694092
2,19,7,18,0.041077494621276855
2,19,7,20,0.042963385581970215
2,19,7,22,0.037250399589538574
2,19,7,24,0.03911612033843994
2,19,7,26,0.04006621837615967
2,19,7,28,0.041738700866699216
2,19,7,30,0.03779878616333008
2,19,7,32,0.04198346138000488
2,19,7,34,0.04197738170623779
2,19,7,36,0.03997423648834229
2,19,7,38,0.038709402084350586
2,19,7,40,0.04139201641082764
2,19,8,2,0.043677783012390135
2,19,8,4,0.02892425060272217
2,19,8,6,0.025985097885131835
2,19,8,8,0.030199527740478516
2,19,8,10,0.03179342746734619
2,19,8,12,0.038495445251464845
2,19,8,14,0.03913581371307373
2,19,8,16,0.03785421848297119
2,19,8,18,0.04034082889556885
2,19,8,20,0.040318632125854494
2,19,8,22,0.03867216110229492
2,19,8,24,0.03858847618103027
2,19,8,26,0.043633031845092776
2,19,8,28,0.04259481430053711
2,19,8,30,0.038712143898010254
2,19,8,32,0.040175247192382815
2,19,8,34,0.039516544342041014
2,19,8,36,0.041648697853088376
2,19,8,38,0.04324526786804199
2,19,8,40,0.04130878448486328
2,20,0,1,0.04355995655059815
2,20,1,2,0.040184950828552245
2,20,1,4,0.03459768295288086
2,20,1,6,0.03376657962799072
2,20,1,8,0.03296377658843994
2,20,1,10,0.035773849487304686
2,20,1,12,0.03543357849121094
2,20,1,14,0.0367586612701416
2,20,1,16,0.03728220462799072
2,20,1,18,0.03794419765472412
2,20,1,20,0.035702633857727054
2,20,1,22,0.03630919456481933
2,20,1,24,0.03537163734436035
2,20,1,26,0.036204195022583006
2,20,1,28,0.03404231071472168
2,20,1,30,0.03475079536437988
2,20,1,32,0.03590514659881592
2,20,1,34,0.03491513729095459
2,20,1,36,0.03565013408660889
2,20,1,38,0.03502535820007324
2,20,1,40,0.03432352542877197
2,20,2,2,0.03932414054870605
2,20,2,4,0.02920377254486084
2,20,2,6,0.032367897033691403
2,20,2,8,0.03373730182647705
2,20,2,10,0.03504812717437744
2,20,2,12,0.03705263137817383
2,20,2,14,0.03860914707183838
2,20,2,16,0.036952757835388185
2,20,2,18,0.03870232105255127
2,20,2,20,0.03878896236419678
2,20,2,22,0.04150147438049316
2,20,2,24,0.037692928314208986
2,20,2,26,0.03916788101196289
2,20,2,28,0.03751983642578125
2,20,2,30,0.037714910507202146
2,20,2,32,0.038885760307312014
2,20,2,34,0.03565592765808105
2,20,2,36,0.03865914344787598
2,20,2,38,0.04038417339324951
2,20,2,40,0.03806049823760986
2,20,3,2,0.037714910507202146
2,20,3,4,0.028372573852539062
2,20,3,6,0.025477170944213867
2,20,3,8,0.028237414360046387
2,20,3,10,0.033905434608459475
2,20,3,12,0.033625125885009766
2,20,3,14,0.03435118198394775
2,20,3,16,0.03743419647216797
2,20,3,18,0.03716518878936768
2,20,3,20,0.036983609199523926
2,20,3,22,0.039801836013793945
2,20,3,24,0.039298391342163085
2,20,3,26,0.03684568405151367
2,20,3,28,0.04188075065612793
2,20,3,30,0.04052588939666748
2,20,3,32,0.035610318183898926
2,20,3,34,0.03541476726531982
2,20,3,36,0.03958272933959961
2,20,3,38,0.03699705600738525
2,20,3,40,0.03674306869506836
2,20,4,2,0.03999803066253662
2,20,4,4,0.028223633766174316
2,20,4,6,0.026850366592407228
2,20,4,8,0.027808475494384765
2,20,4,10,0.029599332809448244
2,20,4,12,0.03593254089355469
2,20,4,14,0.033480477333068845
2,20,4,16,0.03800101280212402
2,20,4,18,0.03859817981719971
2,20,4,20,0.03574185371398926
2,20,4,22,0.038315200805664064
2,20,4,24,0.038848137855529784
2,20,4,26,0.03966755867004394
2,20,4,28,0.03581483364105224
2,20,4,30,0.03570427894592285
2,20,4,32,0.04035272598266602
2,20,4,34,0.03686261177062988
2,20,4,36,0.03990633487701416
2,20,4,38,0.03926563262939453
2,20,4,40,0.03933496475219726
2,20,5,2,0.04081137180328369
2,20,5,4,0.027565693855285643
2,20,5,6,0.02477297782897949
2,20,5,8,0.02638874053955078
2,20,5,10,0.030362415313720702
2,20,5,12,0.03340017795562744
2,20,5,14,0.036342072486877444
2,20,5,16,0.03909637928009033
2,20,5,18,0.036797308921813966
2,20,5,20,0.03914577960968017
2,20,5,22,0.03967604637145996
2,20,5,24,0.03596286773681641
2,20,5,26,0.04106948375701904
2,20,5,28,0.03851633071899414
2,20,5,30,0.03747460842132568
2,20,5,32,0.04050853252410889
2,20,5,34,0.042396831512451175
2,20,5,36,0.04077608585357666
2,20,5,38,0.03834373950958252
2,20,5,40,0.035898661613464354
2,20,6,2,0.0396268367767334
2,20,6,4,0.027073097229003907
2,20,6,6,0.02468545436859131
2,20,6,8,0.025056934356689452
2,20,6,10,0.029517626762390135
2,20,6,12,0.036008810997009276
2,20,6,14,0.03792781829833984
2,20,6,16,0.039012026786804196
2,20,6,18,0.03814606666564942
2,20,6,20,0.03792760372161865
2,20,6,22,0.04095392227172852
2,20,6,24,0.036924219131469725
2,20,6,26,0.03946378231048584
2,20,6,28,0.03685648441314697
2,20,6,30,0.03987021446228027
2,20,6,32,0.038730955123901366
2,20,6,34,0.04077966213226318
2,20,6,36,0.039716482162475586
2,20,6,38,0.04028451442718506
2,20,6,40,0.03892979621887207
2,20,7,2,0.04018125534057617
2,20,7,4,0.02905163764953613
2,20,7,6,0.02441563606262207
2,20,7,8,0.02693018913269043
2,20,7,10,0.032141685485839844
2,20,7,12,0.03381609916687012
2,20,7,14,0.03617708683013916
2,20,7,16,0.03801722526550293
2,20,7,18,0.03876273632049561
2,20,7,20,0.03953664302825928
2,20,7,22,0.03869373798370361
2,20,7,24,0.03988151550292969
2,20,7,26,0.04246020317077637
2,20,7,28,0.03609235286712646
2,20,7,30,0.04022116661071777
2,20,7,32,0.037575292587280276
2,20,7,34,0.037012553215026854
2,20,7,36,0.03938469886779785
2,20,7,38,0.037149882316589354
2,20,7,40,0.03886387348175049
2,20,8,2,0.03930594921112061
2,20,8,4,0.02631373405456543
2,20,8,6,0.02477579116821289
2,20,8,8,0.027186894416809083
2,20,8,10,0.02764759063720703
2,20,8,12,0.03559613227844238
2,20,8,14,0.03934202194213867
2,20,8,16,0.03700442314147949
2,20,8,18,0.03790736198425293
2,20,8,20,0.03993897438049317
2,20,8,22,0.0390512228012085
2,20,8,24,0.03941433429718018
2,20,8,26,0.03947324752807617
2,20,8,28,0.03886590003967285
2,20,8,30,0.03970203399658203
2,20,8,32,0.03913557529449463
2,20,8,34,0.03897716999053955
2,20,8,36,0.037967348098754884
2,20,8,38,0.03827085494995117
2,20,8,40,0.03918676376342774
2,21,0,1,0.039971446990966795
2,21,1,2,0.03956725597381592
2,21,1,4,0.03640789985656738
2,21,1,6,0.0361081600189209
2,21,1,8,0.03734734058380127
2,21,1,10,0.03843426704406738
2,21,1,12,0.03619077205657959
2,21,1,14,0.03500485420227051
2,21,1,16,0.03749153614044189
2,21,1,18,0.03768622875213623
2,21,1,20,0.03728303909301758
2,21,1,22,0.03715493679046631
2,21,1,24,0.03614418506622315
2,21,1,26,0.03513834476470947
2,21,1,28,0.03457753658294678
2,21,1,30,0.035820817947387694
2,21,1,32,0.03761606216430664
2,21,1,34,0.0385814905166626
2,21,1,36,0.03535094261169434
2,21,1,38,0.0359250545501709
2,21,1,40,0.03504912853240967
2,21,2,2,0.04039149284362793
2,21,2,4,0.031820487976074216
2,21,2,6,0.033275723457336426
2,21,2,8,0.03773465156555176
2,21,2,10,0.03620598316192627
2,21,2,12,0.04100372791290283
2,21,2,14,0.039982151985168454
2,21,2,16,0.03503193855285645
2,21,2,18,0.03736686706542969
2,21,2,20,0.03828539848327637
2,21,2,22,0.04112231731414795
2,21,2,24,0.03793215751647949
2,21,2,26,0.03726046085357666
2,21,2,28,0.03650500774383545
2,21,2,30,0.038056468963623045
2,21,2,32,0.038361549377441406
2,21,2,34,0.03856215476989746
2,21,2,36,0.03744349479675293
2,21,2,38,0.037972664833068846
2,21,2,40,0.038222861289978025
2,21,3,2,0.03729248046875
2,21,3,4,0.027982354164123535
2,21,3,6,0.026784062385559082
2,21,3,8,0.030263328552246095
2,21,3,10,0.03242447376251221
2,21,3,12,0.0354466438293457
2,21,3,14,0.037151455879211426
2,21,3,16,0.03895161151885986
2,21,3,18,0.04059226512908935
2,21,3,20,0.042300868034362796
2,21,3,22,0.040215802192687986
2,21,3,24,0.03845245838165283
2,21,3,26,0.038454651832580566
2,21,3,28,0.04157564640045166
2,21,3,30,0.04121253490447998
2,21,3,32,0.038272428512573245
2,21,3,34,0.039604687690734865
2,21,3,36,0.03948369026184082
2,21,3,38,0.03975939750671387
2,21,3,40,0.04081618785858154
2,21,4,2,0.03789334297180176
2,21,4,4,0.02990751266479492
2,21,4,6,0.026679730415344237
2,21,4,8,0.02899165153503418
2,21,4,10,0.03251636028289795
2,21,4,12,0.03909909725189209
2,21,4,14,0.03996927738189697
2,21,4,16,0.040026736259460446
2,21,4,18,0.042015600204467776
2,21,4,20,0.03696110248565674
2,21,4,22,0.038430213928222656
2,21,4,24,0.041325950622558595
2,21,4,26,0.04226329326629639
2,21,4,28,0.041555356979370114
2,21,4,30,0.04368879795074463
2,21,4,32,0.043768787384033205
2,21,4,34,0.03957414627075195
2,21,4,36,0.039530277252197266
2,21,4,38,0.04146265983581543
2,21,4,40,0.0402418851852417
2,21,5,2,0.037377452850341795
2,21,5,4,0.027407407760620117
2,21,5,6,0.02607388496398926
2,21,5,8,0.02641468048095703
2,21,5,10,0.03212494850158691
2,21,5,12,0.03741445541381836
2,21,5,14,0.038612866401672365
2,21,5,16,0.039285588264465335
2,21,5,18,0.04165558815002442
2,21,5,20,0.04138429164886474
2,21,5,22,0.04061267375946045
2,21,5,24,0.03913869857788086
2,21,5,26,0.03995239734649658
2,21,5,28,0.042181873321533205
2,21,5,30,0.04169185161590576
2,21,5,32,0.038591551780700686
2,21,5,34,0.04235353469848633
2,21,5,36,0.0397191047668457
2,21,5,38,0.04244198799133301
2,21,5,40,0.041120362281799314
2,21,6,2,0.03819806575775146
2,21,6,4,0.028922128677368163
2,21,6,6,0.02574632167816162
2,21,6,8,0.027974796295166016
2,21,6,10,0.035221195220947264
2,21,6,12,0.034826231002807614
2,21,6,14,0.03793191909790039
2,21,6,16,0.03838589191436768
2,21,6,18,0.038797307014465335
2,21,6,20,0.039425230026245116
2,21,6,22,0.0448171854019165
2,21,6,24,0.04388127326965332
2,21,6,26,0.040995240211486816
2,21,6,28,0.0412564754486084
2,21,6,30,0.04396290779113769
2,21,6,32,0.042815780639648436
2,21,6,34,0.0423236608505249
2,21,6,36,0.04068450927734375
2,21,6,38,0.042969274520874026
2,21,6,40,0.042161178588867185
2,21,7,2,0.03856778144836426
2,21,7,4,0.025822830200195313
2,21,7,6,0.026317262649536134
2,21,7,8,0.026548385620117188
2,21,7,10,0.03073451519012451
2,21,7,12,0.03444452285766601
2,21,7,14,0.03759090900421143
2,21,7,16,0.04147696495056152
2,21,7,18,0.0431098461151123
2,21,7,20,0.04089045524597168
2,21,7,22,0.038341093063354495
2,21,7,24,0.04052436351776123
2,21,7,26,0.041715812683105466
2,21,7,28,0.03868975639343262
2,21,7,30,0.04202678203582764
2,21,7,32,0.04292588233947754
2,21,7,34,0.04091689586639404
2,21,7,36,0.04242250919342041
2,21,7,38,0.04107949733734131
2,21,7,40,0.040424656867980954
2,21,8,2,0.04062542915344238
2,21,8,4,0.026689743995666503
2,21,8,6,0.0263502836227417
2,21,8,8,0.0284376859664917
2,21,8,10,0.03433866500854492
2,21,8,12,0.036832785606384276
2,21,8,14,0.039981293678283694
2,21,8,16,0.04120173454284668
2,21,8,18,0.04126255512237549
2,21,8,20,0.042687487602233884
2,21,8,22,0.03922901153564453
2,21,8,24,0.03949615955352783
2,21,8,26,0.03848786354064941
2,21,8,28,0.040447354316711426
2,21,8,30,0.04035234451293945
2,21,8,32,0.04060511589050293
2,21,8,34,0.042496752738952634
2,21,8,36,0.04031713008880615
2,21,8,38,0.03846542835235596
2,21,8,40,0.039385437965393066
2,22,0,1,0.06142480373382568
2,22,1,2,0.05638201236724853
2,22,1,4,0.05058157444000244
2,22,1,6,0.0498828649520874
2,22,1,8,0.049298214912414554
2,22,1,10,0.047675681114196775
2,22,1,12,0.04872167110443115
2,22,1,14,0.0494269847869873
2,22,1,16,0.05048305988311767
2,22,1,18,0.04882171154022217
2,22,1,20,0.0498215913772583
2,22,1,22,0.050069022178649905
2,22,1,24,0.05087416172027588
2,22,1,26,0.04870045185089111
2,22,1,28,0.04737112522125244
2,22,1,30,0.04932911396026611
2,22,1,32,0.05031285285949707
2,22,1,34,0.04756176471710205
2,22,1,36,0.04998593330383301
2,22,1,38,0.051334381103515625
2,22,1,40,0.048293542861938474
2,22,2,2,0.05372843742370605
2,22,2,4,0.042145800590515134
2,22,2,6,0.042293453216552736
2,22,2,8,0.04310441017150879
2,22,2,10,0.04859981536865234
2,22,2,12,0.0518625020980835
2,22,2,14,0.05071115493774414
2,22,2,16,0.051572418212890624
2,22,2,18,0.04917356967926025
2,22,2,20,0.04576718807220459
2,22,2,22,0.05247056484222412
2,22,2,24,0.04941658973693848
2,22,2,26,0.05007901191711426
2,22,2,28,0.05286078453063965
2,22,2,30,0.051153159141540526
2,22,2,32,0.049095654487609865
2,22,2,34,0.04834434986114502
2,22,2,36,0.0483015775680542
2,22,2,38,0.0481278657913208
2,22,2,40,0.051689672470092776
2,22,3,2,0.05529935359954834
2,22,3,4,0.04046428203582764
2,22,3,6,0.03497326374053955
2,22,3,8,0.03587751388549805
2,22,3,10,0.03884344100952149
2,22,3,12,0.04255721569061279
2,22,3,14,0.044938087463378906
2,22,3,16,0.04700925350189209
2,22,3,18,0.046419191360473636
2,22,3,20,0.0477616548538208
2,22,3,22,0.05132360458374023
2,22,3,24,0.05085608959197998
2,22,3,26,0.047889542579650876
2,22,3,28,0.04839804172515869
2,22,3,30,0.04789841175079346
2,22,3,32,0.05058629512786865
2,22,3,34,0.05016038417816162
2,22,3,36,0.048203229904174805
2,22,3,38,0.047214603424072264
2,22,3,40,0.05090675354003906
2,22,4,2,0.056372666358947755
2,22,4,4,0.03653311729431152
2,22,4,6,0.033994626998901364
2,22,4,8,0.032731246948242185
2,22,4,10,0.03571603298187256
2,22,4,12,0.040232157707214354
2,22,4,14,0.04570703506469727
2,22,4,16,0.04583580493927002
2,22,4,18,0.046172499656677246
2,22,4,20,0.04761664867401123
2,22,4,22,0.04988594055175781
2,22,4,24,0.04891993999481201
2,22,4,26,0.049953651428222653
2,22,4,28,0.0497023344039917
2,22,4,30,0.04619624614715576
2,22,4,32,0.04693193435668945
2,22,4,34,0.04568374156951904
2,22,4,36,0.04571125507354736
2,22,4,38,0.051230978965759275
2,22,4,40,0.04892568588256836
2,22,5,2,0.05569133758544922
2,22,5,4,0.03714001178741455
2,22,5,6,0.03335053920745849
2,22,5,8,0.034279894828796384
2,22,5,10,0.038302135467529294
2,22,5,12,0.0418917179107666
2,22,5,14,0.04287500381469726
2,22,5,16,0.05180962085723877
2,22,5,18,0.04988918304443359
2,22,5,20,0.05139539241790771
2,22,5,22,0.05021333694458008
2,22,5,24,0.049689507484436034
2,22,5,26,0.04940633773803711
2,22,5,28,0.050579833984375
2,22,5,30,0.050313496589660646
2,22,5,32,0.04803457260131836
2,22,5,34,0.049588990211486814
2,22,5,36,0.047936415672302245
2,22,5,38,0.048486518859863284
2,22,5,40,0.048668503761291504
2,22,6,2,0.057074546813964844
2,22,6,4,0.038306903839111325
2,22,6,6,0.03513858318328857
2,22,6,8,0.03325831890106201
2,22,6,10,0.03641610145568848
2,22,6,12,0.04241821765899658
2,22,6,14,0.04256958961486816
2,22,6,16,0.047652268409729005
2,22,6,18,0.04676475524902344
2,22,6,20,0.05073821544647217
2,22,6,22,0.048895835876464844
2,22,6,24,0.04851384162902832
2,22,6,26,0.0504040002822876
2,22,6,28,0.05008354187011719
2,22,6,30,0.046092104911804196
2,22,6,32,0.047417092323303225
2,22,6,34,0.04725372791290283
2,22,6,36,0.05222129821777344
2,22,6,38,0.049067330360412595
2,22,6,40,0.04737024307250977
2,22,7,2,0.05517258644104004
2,22,7,4,0.03636841773986817
2,22,7,6,0.033201074600219725
2,22,7,8,0.03380928039550781
2,22,7,10,0.041115975379943846
2,22,7,12,0.04346487522125244
2,22,7,14,0.04496145248413086
2,22,7,16,0.049750232696533205
2,22,7,18,0.04901566505432129
2,22,7,20,0.05162935256958008
2,22,7,22,0.0501009464263916
2,22,7,24,0.04991915225982666
2,22,7,26,0.04860532283782959
2,22,7,28,0.050269126892089844
2,22,7,30,0.048481535911560056
2,22,7,32,0.04937906265258789
2,22,7,34,0.047683548927307126
2,22,7,36,0.04947497844696045
2,22,7,38,0.0467876672744751
2,22,7,40,0.04980149269104004
2,22,8,2,0.05914103984832764
2,22,8,4,0.03641853332519531
2,22,8,6,0.03403477668762207
2,22,8,8,0.03648576736450195
2,22,8,10,0.03747389316558838
2,22,8,12,0.041133451461791995
2,22,8,14,0.04243009090423584
2,22,8,16,0.04483330249786377
2,22,8,18,0.050573539733886716
2,22,8,20,0.05219302177429199
2,22,8,22,0.045022892951965335
2,22,8,24,0.050201916694641115
2,22,8,26,0.04875364303588867
2,22,8,28,0.04623091220855713
2,22,8,30,0.048809266090393065
2,22,8,32,0.05172994136810303
2,22,8,34,0.049975037574768066
2,22,8,36,0.051988744735717775
2,22,8,38,0.04958131313323975
2,22,8,40,0.05143668651580811
2,23,0,1,0.04729471206665039
2,23,1,2,0.04696061611175537
2,23,1,4,0.0463270902633667
2,23,1,6,0.04238591194152832
2,23,1,8,0.046044921875
2,23,1,10,0.043701553344726564
2,23,1,12,0.0428633451461792
2,23,1,14,0.04507448673248291
2,23,1,16,0.04432754516601563
2,23,1,18,0.04411749839782715
2,23,1,20,0.045299959182739255
2,23,1,22,0.04346635341644287
2,23,1,24,0.04321303367614746
2,23,1,26,0.042874503135681155
2,23,1,28,0.04608221054077148
2,23,1,30,0.04448885917663574
2,23,1,32,0.04302294254302978
2,23,1,34,0.04726207256317139
2,23,1,36,0.0450664758682251
2,23,1,38,0.04587874412536621
2,23,1,40,0.044370269775390624
2,23,2,2,0.04442672729492188
2,23,2,4,0.03884027004241943
2,23,2,6,0.04143378734588623
2,23,2,8,0.042145299911499026
2,23,2,10,0.04638452529907226
2,23,2,12,0.04682393074035644
2,23,2,14,0.04856128692626953
2,23,2,16,0.0481379508972168
2,23,2,18,0.04620718955993652
2,23,2,20,0.04665341377258301
2,23,2,22,0.047719168663024905
2,23,2,24,0.04596874713897705
2,23,2,26,0.04864912033081055
2,23,2,28,0.04492511749267578
2,23,2,30,0.048555612564086914
2,23,2,32,0.04465508460998535
2,23,2,34,0.04839351177215576
2,23,2,36,0.04820420742034912
2,23,2,38,0.04819319248199463
2,23,2,40,0.04640421867370605
2,23,3,2,0.04313957691192627
2,23,3,4,0.032950639724731445
2,23,3,6,0.030985450744628905
2,23,3,8,0.034552717208862306
2,23,3,10,0.03869409561157226
2,23,3,12,0.04169445037841797
2,23,3,14,0.04323740005493164
2,23,3,16,0.042628908157348634
2,23,3,18,0.040098834037780764
2,23,3,20,0.04355318546295166
2,23,3,22,0.04284672737121582
2,23,3,24,0.046102142333984374
2,23,3,26,0.04443612098693848
2,23,3,28,0.044518041610717776
2,23,3,30,0.04472336769104004
2,23,3,32,0.04554145336151123
2,23,3,34,0.044045662879943846
2,23,3,36,0.04559886455535889
2,23,3,38,0.04480862617492676
2,23,3,40,0.04348912239074707
2,23,4,2,0.04297382831573486
2,23,4,4,0.031689238548278806
2,23,4,6,0.030716538429260254
2,23,4,8,0.031205034255981444
2,23,4,10,0.03514986038208008
2,23,4,12,0.038350367546081544
2,23,4,14,0.04246947765350342
2,23,4,16,0.04382133483886719
2,23,4,18,0.04277472496032715
2,23,4,20,0.04393866062164307
2,23,4,22,0.0453455924987793
2,23,4,24,0.04445414543151856
2,23,4,26,0.04373161792755127
2,23,4,28,0.04641859531402588
2,23,4,30,0.046300530433654785
2,23,4,32,0.04443199634552002
2,23,4,34,0.04503936767578125
2,23,4,36,0.04416570663452148
2,23,4,38,0.0442004919052124
2,23,4,40,0.04454488754272461
2,23,5,2,0.04532558917999267
2,23,5,4,0.030450201034545897
2,23,5,6,0.029081845283508302
2,23,5,8,0.030076766014099122
2,23,5,10,0.0377460241317749
2,23,5,12,0.03820323944091797
2,23,5,14,0.04383938312530518
2,23,5,16,0.0432297945022583
2,23,5,18,0.048396754264831546
2,23,5,20,0.0477348804473877
2,23,5,22,0.04740850925445557
2,23,5,24,0.048553848266601564
2,23,5,26,0.048398709297180174
2,23,5,28,0.04590456485748291
2,23,5,30,0.043913769721984866
2,23,5,32,0.04439499378204346
2,23,5,34,0.04239532947540283
2,23,5,36,0.045578289031982425
2,23,5,38,0.04397373199462891
2,23,5,40,0.044452452659606935
2,23,6,2,0.04345772266387939
2,23,6,4,0.030866074562072753
2,23,6,6,0.026645874977111815
2,23,6,8,0.031179141998291016
2,23,6,10,0.03495454788208008
2,23,6,12,0.039632868766784665
2,23,6,14,0.041153120994567874
2,23,6,16,0.04622488021850586
2,23,6,18,0.04553878307342529
2,23,6,20,0.04914283752441406
2,23,6,22,0.044632124900817874
2,23,6,24,0.04435441493988037
2,23,6,26,0.044760942459106445
2,23,6,28,0.04370429515838623
2,23,6,30,0.04066276550292969
2,23,6,32,0.04428434371948242
2,23,6,34,0.0431396484375
2,23,6,36,0.04316425323486328
2,23,6,38,0.04301919937133789
2,23,6,40,0.04216907024383545
2,23,7,2,0.04203379154205322
2,23,7,4,0.030830764770507814
2,23,7,6,0.027791714668273924
2,23,7,8,0.028362202644348144
2,23,7,10,0.03366355895996094
2,23,7,12,0.03851437568664551
2,23,7,14,0.04255187511444092
2,23,7,16,0.04401686191558838
2,23,7,18,0.042456436157226565
2,23,7,20,0.043531060218811035
2,23,7,22,0.0450514554977417
2,23,7,24,0.04180831909179687
2,23,7,26,0.042575955390930176
2,23,7,28,0.04129979610443115
2,23,7,30,0.045514893531799314
2,23,7,32,0.04543566703796387
2,23,7,34,0.043127131462097165
2,23,7,36,0.043712496757507324
2,23,7,38,0.047500324249267575
2,23,7,40,0.044544768333435056
2,23,8,2,0.046401453018188474
2,23,8,4,0.03217337131500244
2,23,8,6,0.028928923606872558
2,23,8,8,0.0266371488571167
2,23,8,10,0.03431956768035889
2,23,8,12,0.03822629451751709
2,23,8,14,0.04229097366333008
2,23,8,16,0.04555072784423828
2,23,8,18,0.04342854022979736
2,23,8,20,0.043962621688842775
2,23,8,22,0.04694020748138428
2,23,8,24,0.04325358867645264
2,23,8,26,0.045861029624938966
2,23,8,28,0.04408528804779053
2,23,8,30,0.04266843795776367
2,23,8,32,0.04437541961669922
2,23,8,34,0.04408135414123535
2,23,8,36,0.04523041248321533
2,23,8,38,0.046209859848022464
2,23,8,40,0.04411911964416504
2,24,0,1,0.05494027137756348
2,24,1,2,0.05571143627166748
2,24,1,4,0.046417832374572754
2,24,1,6,0.046997570991516115
2,24,1,8,0.045013952255249026
2,24,1,10,0.0450974702835083
2,24,1,12,0.044873380661010744
2,24,1,14,0.04801030158996582
2,24,1,16,0.0450268030166626
2,24,1,18,0.045949769020080564
2,24,1,20,0.04692785739898682
2,24,1,22,0.04771988391876221
2,24,1,24,0.04777095317840576
2,24,1,26,0.04511826038360596
2,24,1,28,0.04450721740722656
2,24,1,30,0.04524440765380859
2,24,1,32,0.044620633125305176
2,24,1,34,0.0440934419631958
2,24,1,36,0.04505641460418701
2,24,1,38,0.04520668983459473
2,24,1,40,0.04572277069091797
2,24,2,2,0.055913257598876956
2,24,2,4,0.04175901412963867
2,24,2,6,0.04157869815826416
2,24,2,8,0.046551752090454104
2,24,2,10,0.04964206218719482
2,24,2,12,0.049790263175964355
2,24,2,14,0.04965207576751709
2,24,2,16,0.05189833641052246
2,24,2,18,0.049743938446044925
2,24,2,20,0.04961240291595459
2,24,2,22,0.04918985366821289
2,24,2,24,0.049283385276794434
2,24,2,26,0.04999310970306396
2,24,2,28,0.04938223361968994
2,24,2,30,0.04669651985168457
2,24,2,32,0.049710559844970706
2,24,2,34,0.05033354759216309
2,24,2,36,0.0490382194519043
2,24,2,38,0.04920241832733154
2,24,2,40,0.049755644798278806
2,24,3,2,0.054087471961975095
2,24,3,4,0.03823244571685791
2,24,3,6,0.034419703483581546
2,24,3,8,0.03548595905303955
2,24,3,10,0.04024949073791504
2,24,3,12,0.0428530216217041
2,24,3,14,0.04656193256378174
2,24,3,16,0.048407578468322755
2,24,3,18,0.048092222213745116
2,24,3,20,0.047716498374938965
2,24,3,22,0.04835658073425293
2,24,3,24,0.049901795387268064
2,24,3,26,0.04397363662719726
2,24,3,28,0.04919812679290771
2,24,3,30,0.04953470230102539
2,24,3,32,0.04847042560577393
2,24,3,34,0.04699852466583252
2,24,3,36,0.04842829704284668
2,24,3,38,0.048095703125
2,24,3,40,0.04567761421203613
2,24,4,2,0.053387570381164554
2,24,4,4,0.03480863571166992
2,24,4,6,0.02972407341003418
2,24,4,8,0.034417366981506346
2,24,4,10,0.03489594459533692
2,24,4,12,0.04267284870147705
2,24,4,14,0.04384009838104248
2,24,4,16,0.04561514854431152
2,24,4,18,0.049633574485778806
2,24,4,20,0.045298647880554196
2,24,4,22,0.04816832542419434
2,24,4,24,0.04538669586181641
2,24,4,26,0.04645171165466309
2,24,4,28,0.04383983612060547
2,24,4,30,0.04620535373687744
2,24,4,32,0.04668247699737549
2,24,4,34,0.04612119197845459
2,24,4,36,0.047407102584838864
2,24,4,38,0.04796812534332275
2,24,4,40,0.05095441341400146
2,24,5,2,0.051948714256286624
2,24,5,4,0.03588912487030029
2,24,5,6,0.033142709732055665
2,24,5,8,0.03633275032043457
2,24,5,10,0.03873355388641357
2,24,5,12,0.0418332576751709
2,24,5,14,0.046204781532287596
2,24,5,16,0.046894264221191403
2,24,5,18,0.050788068771362306
2,24,5,20,0.049757194519042966
2,24,5,22,0.049317002296447754
2,24,5,24,0.050265383720397946
2,24,5,26,0.04859621524810791
2,24,5,28,0.04797837734222412
2,24,5,30,0.0506927490234375
2,24,5,32,0.04539554119110108
2,24,5,34,0.04939913749694824
2,24,5,36,0.04480388164520264
2,24,5,38,0.050618648529052734
2,24,5,40,0.05070028305053711
2,24,6,2,0.05258665084838867
2,24,6,4,0.038405227661132815
2,24,6,6,0.033523154258728025
2,24,6,8,0.03210945129394531
2,24,6,10,0.03865725994110107
2,24,6,12,0.04350380897521973
2,24,6,14,0.045895504951477054
2,24,6,16,0.04714784622192383
2,24,6,18,0.047759294509887695
2,24,6,20,0.04901375770568848
2,24,6,22,0.04773306846618652
2,24,6,24,0.0457721471786499
2,24,6,26,0.048823308944702146
2,24,6,28,0.04710407257080078
2,24,6,30,0.05154078006744385
2,24,6,32,0.046059155464172365
2,24,6,34,0.04515626430511475
2,24,6,36,0.04556791782379151
2,24,6,38,0.04941184520721435
2,24,6,40,0.04558122158050537
2,24,7,2,0.0528223991394043
2,24,7,4,0.03553466796875
2,24,7,6,0.03291687965393066
2,24,7,8,0.030595064163208008
2,24,7,10,0.03586769104003906
2,24,7,12,0.040217137336730956
2,24,7,14,0.04496653079986572
2,24,7,16,0.043718504905700686
2,24,7,18,0.046033072471618655
2,24,7,20,0.04609436988830566
2,24,7,22,0.04843454360961914
2,24,7,24,0.046323537826538086
2,24,7,26,0.04651079177856445
2,24,7,28,0.04683651924133301
2,24,7,30,0.0464003324508667
2,24,7,32,0.04503328800201416
2,24,7,34,0.04396731853485107
2,24,7,36,0.046927356719970705
2,24,7,38,0.04967503547668457
2,24,7,40,0.052500462532043456
2,24,8,2,0.05295753479003906
2,24,8,4,0.036775612831115724
2,24,8,6,0.0343209981918335
2,24,8,8,0.03898594379425049
2,24,8,10,0.038764357566833496
2,24,8,12,0.042583346366882324
2,24,8,14,0.04344396591186524
2,24,8,16,0.050659465789794925
2,24,8,18,0.05003740787506104
2,24,8,20,0.05127172470092774
2,24,8,22,0.047839117050170896
2,24,8,24,0.05157458782196045
2,24,8,26,0.04339530467987061
2,24,8,28,0.04694640636444092
2,24,8,30,0.04495792388916016
2,24,8,32,0.04674332141876221
2,24,8,34,0.04686703681945801
2,24,8,36,0.04213409423828125
2,24,8,38,0.04654381275177002
2,24,8,40,0.04466216564178467
2,25,0,1,0.04958491325378418
2,25,1,2,0.04860255718231201
2,25,1,4,0.0451815128326416
2,25,1,6,0.04851839542388916
2,25,1,8,0.04586005210876465
2,25,1,10,0.04467053413391113
2,25,1,12,0.04651763439178467
2,25,1,14,0.0463160514831543
2,25,1,16,0.048006272315979
2,25,1,18,0.04652571678161621
2,25,1,20,0.04629719257354736
2,25,1,22,0.04940111637115478
2,25,1,24,0.04761879444122315
2,25,1,26,0.04531130790710449
2,25,1,28,0.04599552154541016
2,25,1,30,0.045574498176574704
2,25,1,32,0.045993375778198245
2,25,1,34,0.046405792236328125
2,25,1,36,0.0477452278137207
2,25,1,38,0.04901432991027832
2,25,1,40,0.04850184917449951
2,25,2,2,0.047278094291687014
2,25,2,4,0.03827865123748779
2,25,2,6,0.04054126739501953
2,25,2,8,0.04496276378631592
2,25,2,10,0.04700238704681396
2,25,2,12,0.047165632247924805
2,25,2,14,0.04897418022155762
2,25,2,16,0.04866960048675537
2,25,2,18,0.050092887878417966
2,25,2,20,0.04878404140472412
2,25,2,22,0.04972548484802246
2,25,2,24,0.0497894287109375
2,25,2,26,0.04888734817504883
2,25,2,28,0.045958948135375974
2,25,2,30,0.04986560344696045
2,25,2,32,0.04771523475646973
2,25,2,34,0.04886353015899658
2,25,2,36,0.04778451919555664
2,25,2,38,0.04680068492889404
2,25,2,40,0.04455533027648926
2,25,3,2,0.045846176147460935
2,25,3,4,0.03450620174407959
2,25,3,6,0.036306571960449216
2,25,3,8,0.03753182888031006
2,25,3,10,0.04377195835113525
2,25,3,12,0.04401023387908935
2,25,3,14,0.04281930923461914
2,25,3,16,0.046274232864379886
2,25,3,18,0.048474478721618655
2,25,3,20,0.04511270523071289
2,25,3,22,0.04818007946014404
2,25,3,24,0.06170709133148193
2,25,3,26,0.04809825420379639
2,25,3,28,0.04963045120239258
2,25,3,30,0.0476823091506958
2,25,3,32,0.04689204692840576
2,25,3,34,0.04865167140960693
2,25,3,36,0.050835919380187986
2,25,3,38,0.046602511405944826
2,25,3,40,0.04656519889831543
2,25,4,2,0.04687919616699219
2,25,4,4,0.03398747444152832
2,25,4,6,0.03515474796295166
2,25,4,8,0.03452005386352539
2,25,4,10,0.03802170753479004
2,25,4,12,0.04287974834442139
2,25,4,14,0.04239048957824707
2,25,4,16,0.04280622005462646
2,25,4,18,0.04764337539672851
2,25,4,20,0.04572353363037109
2,25,4,22,0.046049857139587404
2,25,4,24,0.04336395263671875
2,25,4,26,0.04503111839294434
2,25,4,28,0.04369997978210449
2,25,4,30,0.04713382720947266
2,25,4,32,0.04404194355010986
2,25,4,34,0.04758970737457276
2,25,4,36,0.04879803657531738
2,25,4,38,0.0460151195526123
2,25,4,40,0.043712830543518065
2,25,5,2,0.04634394645690918
2,25,5,4,0.031959152221679686
2,25,5,6,0.030348730087280274
2,25,5,8,0.0313382625579834
2,25,5,10,0.03436930179595947
2,25,5,12,0.041129684448242186
2,25,5,14,0.044793128967285156
2,25,5,16,0.04454817771911621
2,25,5,18,0.044724655151367185
2,25,5,20,0.04257476329803467
2,25,5,22,0.044706106185913086
2,25,5,24,0.04356927871704101
2,25,5,26,0.04463191032409668
2,25,5,28,0.048258209228515626
2,25,5,30,0.04656286239624023
2,25,5,32,0.04380557537078857
2,25,5,34,0.046407032012939456
2,25,5,36,0.04430522918701172
2,25,5,38,0.04329087734222412
2,25,5,40,0.04353783130645752
2,25,6,2,0.04597094058990479
2,25,6,4,0.03255758285522461
2,25,6,6,0.027471756935119628
2,25,6,8,0.029581713676452636
2,25,6,10,0.03171195983886719
2,25,6,12,0.03626737594604492
2,25,6,14,0.03992128372192383
2,25,6,16,0.04285366535186767
2,25,6,18,0.042506980895996097
2,25,6,20,0.0412214994430542
2,25,6,22,0.04499382972717285
2,25,6,24,0.043591642379760744
2,25,6,26,0.04325273036956787
2,25,6,28,0.04377400875091553
2,25,6,30,0.0452195405960083
2,25,6,32,0.04298486709594727
2,25,6,34,0.04533946514129639
2,25,6,36,0.04493780136108398
2,25,6,38,0.04539968967437744
2,25,6,40,0.04598569869995117
2,25,7,2,0.048243165016174316
2,25,7,4,0.0309251070022583
2,25,7,6,0.03032214641571045
2,25,7,8,0.03318829536437988
2,25,7,10,0.03732457160949707
2,25,7,12,0.040294742584228514
2,25,7,14,0.0417133092880249
2,25,7,16,0.045593976974487305
2,25,7,18,0.04550092220306397
2,25,7,20,0.04211061000823975
2,25,7,22,0.042384672164916995
2,25,7,24,0.04538981914520264
2,25,7,26,0.04264764785766602
2,25,7,28,0.043655109405517575
2,25,7,30,0.04144983291625977
2,25,7,32,0.04564976692199707
2,25,7,34,0.046599411964416505
2,25,7,36,0.0443631649017334
2,25,7,38,0.04195258617401123
2,25,7,40,0.043772530555725095
2,25,8,2,0.046903371810913086
2,25,8,4,0.03260989189147949
2,25,8,6,0.028684163093566896
2,25,8,8,0.029332661628723146
2,25,8,10,0.035757923126220705
2,25,8,12,0.04245259761810303
2,25,8,14,0.04098379611968994
2,25,8,16,0.04444112777709961
2,25,8,18,0.04434528350830078
2,25,8,20,0.04501099586486816
2,25,8,22,0.042158079147338864
2,25,8,24,0.04540412425994873
2,25,8,26,0.04565186500549316
2,25,8,28,0.0439908504486084
2,25,8,30,0.0434098482131958
2,25,8,32,0.04362473487854004
2,25,8,34,0.044872283935546875
2,25,8,36,0.045343875885009766
2,25,8,38,0.04665617942810059
2,25,8,40,0.04457755088806152
2,26,0,1,0.06098792552947998
2,26,1,2,0.0515667200088501
2,26,1,4,0.04692206382751465
2,26,1,6,0.043656539916992185
2,26,1,8,0.04191005229949951
2,26,1,10,0.04108264446258545
2,26,1,12,0.04181818962097168
2,26,1,14,0.04019184112548828
2,26,1,16,0.044893717765808104
2,26,1,18,0.039651346206665036
2,26,1,20,0.03998723030090332
2,26,1,22,0.04071254730224609
2,26,1,24,0.04459366798400879
2,26,1,26,0.042050957679748535
2,26,1,28,0.04189975261688232
2,26,1,30,0.04586217403411865
2,26,1,32,0.03986837863922119
2,26,1,34,0.042208099365234376
2,26,1,36,0.04139533042907715
2,26,1,38,0.04049861431121826
2,26,1,40,0.04291508197784424
2,26,2,2,0.04727516174316406
2,26,2,4,0.03702695369720459
2,26,2,6,0.03813002109527588
2,26,2,8,0.0390669584274292
2,26,2,10,0.04063770771026611
2,26,2,12,0.04290537834167481
2,26,2,14,0.04485688209533691
2,26,2,16,0.0433025598526001
2,26,2,18,0.0434821605682373
2,26,2,20,0.0418316125869751
2,26,2,22,0.04222176074981689
2,26,2,24,0.0446044921875
2,26,2,26,0.04189586639404297
2,26,2,28,0.04482767581939697
2,26,2,30,0.04162757396697998
2,26,2,32,0.0432530403137207
2,26,2,34,0.045313549041748044
2,26,2,36,0.04820051193237305
2,26,2,38,0.04479379653930664
2,26,2,40,0.04591104984283447
2,26,3,2,0.04840073585510254
2,26,3,4,0.031110715866088868
2,26,3,6,0.03285834789276123
2,26,3,8,0.03462698459625244
2,26,3,10,0.03929617404937744
2,26,3,12,0.043668055534362794
2,26,3,14,0.044413280487060544
2,26,3,16,0.04747626781463623
2,26,3,18,0.04663028717041016
2,26,3,20,0.04404203891754151
2,26,3,22,0.045655226707458495
2,26,3,24,0.04181981086730957
2,26,3,26,0.045923900604248044
2,26,3,28,0.047721123695373534
2,26,3,30,0.04222254753112793
2,26,3,32,0.0455207347869873
2,26,3,34,0.042726659774780275
2,26,3,36,0.044735836982727054
2,26,3,38,0.04456491470336914
2,26,3,40,0.04378740787506104
2,26,4,2,0.04736044406890869
2,26,4,4,0.03238503932952881
2,26,4,6,0.028748035430908203
2,26,4,8,0.03403933048248291
2,26,4,10,0.033968544006347655
2,26,4,12,0.03854842185974121
2,26,4,14,0.042901110649108884
2,26,4,16,0.04350161552429199
2,26,4,18,0.042945575714111325
2,26,4,20,0.04092228412628174
2,26,4,22,0.04202141761779785
2,26,4,24,0.042368721961975095
2,26,4,26,0.04114155769348145
2,26,4,28,0.04585118293762207
2,26,4,30,0.0461212158203125
2,26,4,32,0.042899346351623534
2,26,4,34,0.04318468570709229
2,26,4,36,0.04474830627441406
2,26,4,38,0.04316272735595703
2,26,4,40,0.042380547523498534
2,26,5,2,0.04788773059844971
2,26,5,4,0.0323199987411499
2,26,5,6,0.029750514030456542
2,26,5,8,0.03135714530944824
2,26,5,10,0.03585195541381836
2,26,5,12,0.037507271766662596
2,26,5,14,0.041176581382751466
2,26,5,16,0.04457402229309082
2,26,5,18,0.04289240837097168
2,26,5,20,0.045895838737487794
2,26,5,22,0.04682300090789795
2,26,5,24,0.04239201545715332
2,26,5,26,0.04208664894104004
2,26,5,28,0.04370570182800293
2,26,5,30,0.04573752880096436
2,26,5,32,0.041220784187316895
2,26,5,34,0.04425323009490967
2,26,5,36,0.04138360023498535
2,26,5,38,0.043702197074890134
2,26,5,40,0.0410839319229126
2,26,6,2,0.044398832321166995
2,26,6,4,0.03078024387359619
2,26,6,6,0.026073312759399413
2,26,6,8,0.02953171730041504
2,26,6,10,0.03449809551239014
2,26,6,12,0.038821983337402347
2,26,6,14,0.04145858287811279
2,26,6,16,0.04282157421112061
2,26,6,18,0.04244356155395508
2,26,6,20,0.04474344253540039
2,26,6,22,0.04240059852600098
2,26,6,24,0.0425858736038208
2,26,6,26,0.042749333381652835
2,26,6,28,0.042060112953186034
2,26,6,30,0.0419003963470459
2,26,6,32,0.04266271591186523
2,26,6,34,0.04209191799163818
2,26,6,36,0.03993034362792969
2,26,6,38,0.045161867141723634
2,26,6,40,0.04464044570922852
2,26,7,2,0.04451162815093994
2,26,7,4,0.03123776912689209
2,26,7,6,0.029125046730041505
2,26,7,8,0.030332779884338378
2,26,7,10,0.03048863410949707
2,26,7,12,0.036094951629638675
2,26,7,14,0.03891851902008057
2,26,7,16,0.0422588586807251
2,26,7,18,0.043921375274658205
2,26,7,20,0.041585230827331544
2,26,7,22,0.044170808792114255
2,26,7,24,0.043233704566955564
2,26,7,26,0.04393267631530762
2,26,7,28,0.04040205478668213
2,26,7,30,0.04386758804321289
2,26,7,32,0.03993289470672608
2,26,7,34,0.044134092330932614
2,26,7,36,0.03870384693145752
2,26,7,38,0.042833781242370604
2,26,7,40,0.04386558532714844
2,26,8,2,0.04771995544433594
2,26,8,4,0.031990551948547365
2,26,8,6,0.029552054405212403
2,26,8,8,0.03180091381072998
2,26,8,10,0.036331558227539064
2,26,8,12,0.03687427043914795
2,26,8,14,0.044441747665405276
2,26,8,16,0.042593979835510255
2,26,8,18,0.04687938690185547
2,26,8,20,0.04415032863616943
2,26,8,22,0.0433119535446167
2,26,8,24,0.043662428855895996
2,26,8,26,0.04425933361053467
2,26,8,28,0.046975898742675784
2,26,8,30,0.04631502628326416
2,26,8,32,0.04553918838500977
2,26,8,34,0.043756651878356936
2,26,8,36,0.044928574562072755
2,26,8,38,0.0469041109085083
2,26,8,40,0.041680407524108884
2,27,0,1,0.058245515823364256
2,27,1,2,0.04896302223205566
2,27,1,4,0.04368267059326172
2,27,1,6,0.04401352405548096
2,27,1,8,0.04143078327178955
2,27,1,10,0.04595208168029785
2,27,1,12,0.044412994384765626
2,27,1,14,0.044727420806884764
2,27,1,16,0.04485232830047607
2,27,1,18,0.045253849029541014
2,27,1,20,0.043456649780273436
2,27,1,22,0.043517041206359866
2,27,1,24,0.0422196626663208
2,27,1,26,0.043577051162719725
2,27,1,28,0.04426209926605225
2,27,1,30,0.045075511932373045
2,27,1,32,0.04478356838226318
2,27,1,34,0.04274382591247559
2,27,1,36,0.04428565502166748
2,27,1,38,0.045104265213012695
2,27,1,40,0.04399881362915039
2,27,2,2,0.04412672519683838
2,27,2,4,0.032993626594543454
2,27,2,6,0.03714685440063477
2,27,2,8,0.0398808479309082
2,27,2,10,0.0439542293548584
2,27,2,12,0.04653985500335693
2,27,2,14,0.046222782135009764
2,27,2,16,0.04769740104675293
2,27,2,18,0.04589147567749023
2,27,2,20,0.04666638374328613
2,27,2,22,0.047562146186828615
2,27,2,24,0.04839468002319336
2,27,2,26,0.045793795585632326
2,27,2,28,0.046427464485168456
2,27,2,30,0.0435929536819458
2,27,2,32,0.047043466567993165
2,27,2,34,0.047707343101501466
2,27,2,36,0.04448823928833008
2,27,2,38,0.045915627479553224
2,27,2,40,0.04520668983459473
2,27,3,2,0.04335720539093017
2,27,3,4,0.03013300895690918
2,27,3,6,0.0303375244140625
2,27,3,8,0.0343416690826416
2,27,3,10,0.03926637172698975
2,27,3,12,0.04322056770324707
2,27,3,14,0.04510695934295654
2,27,3,16,0.04251852035522461
2,27,3,18,0.044234824180603025
2,27,3,20,0.04341583251953125
2,27,3,22,0.04522771835327148
2,27,3,24,0.04565322399139404
2,27,3,26,0.04715917110443115
2,27,3,28,0.04608676433563232
2,27,3,30,0.04262909889221191
2,27,3,32,0.04386506080627441
2,27,3,34,0.041077399253845216
2,27,3,36,0.04262087345123291
2,27,3,38,0.045612645149230954
2,27,3,40,0.0430565595626831
2,27,4,2,0.044361233711242676
2,27,4,4,0.028473329544067384
2,27,4,6,0.028551292419433594
2,27,4,8,0.03030838966369629
2,27,4,10,0.032931280136108396
2,27,4,12,0.03678209781646728
2,27,4,14,0.044732093811035156
2,27,4,16,0.040767335891723634
2,27,4,18,0.04643781185150146
2,27,4,20,0.04239335060119629
2,27,4,22,0.043392300605773926
2,27,4,24,0.042670583724975585
2,27,4,26,0.03910062313079834
2,27,4,28,0.04436948299407959
2,27,4,30,0.04444127082824707
2,27,4,32,0.042715811729431154
2,27,4,34,0.04676952362060547
2,27,4,36,0.04710226058959961
2,27,4,38,0.04558441638946533
2,27,4,40,0.03999335765838623
2,27,5,2,0.04417409896850586
2,27,5,4,0.031079769134521484
2,27,5,6,0.03089871406555176
2,27,5,8,0.031086206436157227
2,27,5,10,0.03816490173339844
2,27,5,12,0.03480420112609863
2,27,5,14,0.03990485668182373
2,27,5,16,0.04126043319702148
2,27,5,18,0.041273856163024904
2,27,5,20,0.042264485359191896
2,27,5,22,0.04045743942260742
2,27,5,24,0.044041681289672854
2,27,5,26,0.043106245994567874
2,27,5,28,0.04247121810913086
2,27,5,30,0.04669778347015381
2,27,5,32,0.04598543643951416
2,27,5,34,0.04304580688476563
2,27,5,36,0.04044294357299805
2,27,5,38,0.043108129501342775
2,27,5,40,0.04217958450317383
2,27,6,2,0.04360685348510742
2,27,6,4,0.02875254154205322
2,27,6,6,0.027479267120361327
2,27,6,8,0.03294975757598877
2,27,6,10,0.034620141983032225
2,27,6,12,0.03988890647888184
2,27,6,14,0.04371984004974365
2,27,6,16,0.042999434471130374
2,27,6,18,0.04269852638244629
2,27,6,20,0.04297337532043457
2,27,6,22,0.044957947731018064
2,27,6,24,0.046056056022644044
2,27,6,26,0.04567263126373291
2,27,6,28,0.04645571708679199
2,27,6,30,0.04434483051300049
2,27,6,32,0.04461691379547119
2,27,6,34,0.04373350143432617
2,27,6,36,0.045168304443359376
2,27,6,38,0.04330458641052246
2,27,6,40,0.04424161911010742
2,27,7,2,0.04477286338806152
2,27,7,4,0.027946972846984865
2,27,7,6,0.028626322746276855
2,27,7,8,0.03129148483276367
2,27,7,10,0.033862757682800296
2,27,7,12,0.03850107192993164
2,27,7,14,0.038859319686889646
2,27,7,16,0.04272160530090332
2,27,7,18,0.04538824558258057
2,27,7,20,0.045379233360290525
2,27,7,22,0.043276095390319826
2,27,7,24,0.042690825462341306
2,27,7,26,0.04478025436401367
2,27,7,28,0.04198939800262451
2,27,7,30,0.04371976852416992
2,27,7,32,0.04425692558288574
2,27,7,34,0.04440903663635254
2,27,7,36,0.045836234092712404
2,27,7,38,0.043834686279296875
2,27,7,40,0.0451399564743042
2,27,8,2,0.04417009353637695
2,27,8,4,0.030783438682556154
2,27,8,6,0.02830333709716797
2,27,8,8,0.03123183250427246
2,27,8,10,0.03317441940307617
2,27,8,12,0.04063820838928223
2,27,8,14,0.04056782722473144
2,27,8,16,0.04533388614654541
2,27,8,18,0.04440603256225586
2,27,8,20,0.04622948169708252
2,27,8,22,0.04463748931884766
2,27,8,24,0.04129798412322998
2,27,8,26,0.043822646141052246
2,27,8,28,0.040326809883117674
2,27,8,30,0.043511271476745605
2,27,8,32,0.04015471935272217
2,27,8,34,0.0443634033203125
2,27,8,36,0.04214413166046142
2,27,8,38,0.04462954998016357
2,27,8,40,0.04307641983032227
2,28,0,1,0.06948795318603515
2,28,1,2,0.056629371643066403
2,28,1,4,0.051454472541809085
2,28,1,6,0.048490309715271
2,28,1,8,0.049186301231384275
2,28,1,10,0.04887127876281738
2,28,1,12,0.049011516571044925
2,28,1,14,0.048566436767578124
2,28,1,16,0.047951674461364745
2,28,1,18,0.0491898775100708
2,28,1,20,0.04684019088745117
2,28,1,22,0.048980998992919925
2,28,1,24,0.047252988815307616
2,28,1,26,0.048370528221130374
2,28,1,28,0.049171829223632814
2,28,1,30,0.049530768394470216
2,28,1,32,0.04605534076690674
2,28,1,34,0.04716160297393799
2,28,1,36,0.04871842861175537
2,28,1,38,0.04770574569702148
2,28,1,40,0.04796557426452637
2,28,2,2,0.05106971263885498
2,28,2,4,0.038429975509643555
2,28,2,6,0.04003362655639649
2,28,2,8,0.04127004146575928
2,28,2,10,0.042275094985961915
2,28,2,12,0.0441591739654541
2,28,2,14,0.04784014225006104
2,28,2,16,0.048776793479919436
2,28,2,18,0.04712080955505371
2,28,2,20,0.04616589546203613
2,28,2,22,0.048954558372497556
2,28,2,24,0.04698731899261475
2,28,2,26,0.04594290256500244
2,28,2,28,0.045684981346130374
2,28,2,30,0.04748034477233887
2,28,2,32,0.04528324604034424
2,28,2,34,0.04532747268676758
2,28,2,36,0.0453815221786499
2,28,2,38,0.046891307830810545
2,28,2,40,0.04812150001525879
2,28,3,2,0.051794695854187014
2,28,3,4,0.03619530200958252
2,28,3,6,0.03479797840118408
2,28,3,8,0.03685767650604248
2,28,3,10,0.03864121437072754
2,28,3,12,0.0444507360458374
2,28,3,14,0.04809336662292481
2,28,3,16,0.046488714218139646
2,28,3,18,0.04878127574920654
2,28,3,20,0.04798903465270996
2,28,3,22,0.04559988975524902
2,28,3,24,0.04569761753082276
2,28,3,26,0.04804432392120361
2,28,3,28,0.044656920433044436
2,28,3,30,0.0496288537979126
2,28,3,32,0.04924459457397461
2,28,3,34,0.048938560485839847
2,28,3,36,0.0485957145690918
2,28,3,38,0.045576977729797366
2,28,3,40,0.045171570777893064
2,28,4,2,0.04856662750244141
2,28,4,4,0.03307962417602539
2,28,4,6,0.03386037349700928
2,28,4,8,0.033107566833496097
2,28,4,10,0.03586604595184326
2,28,4,12,0.038508248329162595
2,28,4,14,0.04055697917938232
2,28,4,16,0.042112135887146
2,28,4,18,0.04661037921905518
2,28,4,20,0.04455523490905762
2,28,4,22,0.04490108489990234
2,28,4,24,0.0450251579284668
2,28,4,26,0.047855687141418454
2,28,4,28,0.04869236946105957
2,28,4,30,0.04667596817016602
2,28,4,32,0.04816148281097412
2,28,4,34,0.04916400909423828
2,28,4,36,0.047542238235473634
2,28,4,38,0.0445936918258667
2,28,4,40,0.0472445011138916
2,28,5,2,0.05159313678741455
2,28,5,4,0.03512661457061768
2,28,5,6,0.033977174758911134
2,28,5,8,0.0331667423248291
2,28,5,10,0.036629009246826175
2,28,5,12,0.03991725444793701
2,28,5,14,0.043070626258850095
2,28,5,16,0.048381900787353514
2,28,5,18,0.0436859130859375
2,28,5,20,0.048401403427124026
2,28,5,22,0.04984524250030518
2,28,5,24,0.048429274559021
2,28,5,26,0.049814677238464354
2,28,5,28,0.04997761249542236
2,28,5,30,0.04755077362060547
2,28,5,32,0.047278547286987306
2,28,5,34,0.04735331535339356
2,28,5,36,0.046128153800964355
2,28,5,38,0.04516582489013672
2,28,5,40,0.047773194313049314
2,28,6,2,0.04883148670196533
2,28,6,4,0.03388786315917969
2,28,6,6,0.02998967170715332
2,28,6,8,0.032273364067077634
2,28,6,10,0.0346149206161499
2,28,6,12,0.03777401447296143
2,28,6,14,0.039627885818481444
2,28,6,16,0.045104455947875974
2,28,6,18,0.043640875816345216
2,28,6,20,0.04845349788665772
2,28,6,22,0.04488973617553711
2,28,6,24,0.045935416221618654
2,28,6,26,0.04280998706817627
2,28,6,28,0.04479739665985107
2,28,6,30,0.04715297222137451
2,28,6,32,0.04548823833465576
2,28,6,34,0.047409462928771975
2,28,6,36,0.046204352378845216
2,28,6,38,0.04173033237457276
2,28,6,40,0.04639079570770264
2,28,7,2,0.05079503059387207
2,28,7,4,0.03298184871673584
2,28,7,6,0.030217289924621582
2,28,7,8,0.030751752853393554
2,28,7,10,0.03312904834747314
2,28,7,12,0.03828175067901611
2,28,7,14,0.038132238388061526
2,28,7,16,0.04221165180206299
2,28,7,18,0.04364521503448486
2,28,7,20,0.04578280448913574
2,28,7,22,0.04642472267150879
2,28,7,24,0.0465928316116333
2,28,7,26,0.04502236843109131
2,28,7,28,0.0436915397644043
2,28,7,30,0.047476768493652344
2,28,7,32,0.045023441314697266
2,28,7,34,0.04102301597595215
2,28,7,36,0.04448435306549072
2,28,7,38,0.04672958850860596
2,28,7,40,0.04593236446380615
2,28,8,2,0.04925103187561035
2,28,8,4,0.03274867534637451
2,28,8,6,0.03054986000061035
2,28,8,8,0.03337283134460449
2,28,8,10,0.03414819240570068
2,28,8,12,0.035963010787963864
2,28,8,14,0.04114046096801758
2,28,8,16,0.04329750537872314
2,28,8,18,0.04596834182739258
2,28,8,20,0.04356684684753418
2,28,8,22,0.04542360305786133
2,28,8,24,0.04218504428863525
2,28,8,26,0.04802563190460205
2,28,8,28,0.044781970977783206
2,28,8,30,0.046175456047058104
2,28,8,32,0.04571003913879394
2,28,8,34,0.04506881237030029
2,28,8,36,0.04647552967071533
2,28,8,38,0.04435594081878662
2,28,8,40,0.04520153999328613
2,29,0,1,0.06412248611450196
2,29,1,2,0.05949013233184815
2,29,1,4,0.057703280448913576
2,29,1,6,0.05632424354553223
2,29,1,8,0.05578336715698242
2,29,1,10,0.0561232328414917
2,29,1,12,0.05439701080322266
2,29,1,14,0.05713024139404297
2,29,1,16,0.0557542085647583
2,29,1,18,0.0566842794418335
2,29,1,20,0.05405483245849609
2,29,1,22,0.05347983837127686
2,29,1,24,0.05270316600799561
2,29,1,26,0.054619336128234865
2,29,1,28,0.05349855422973633
2,29,1,30,0.05619897842407227
2,29,1,32,0.055767154693603514
2,29,1,34,0.055421090126037596
2,29,1,36,0.05726866722106934
2,29,1,38,0.05469326972961426
2,29,1,40,0.05594577789306641
2,29,2,2,0.05861225128173828
2,29,2,4,0.044343185424804685
2,29,2,6,0.04274981021881104
2,29,2,8,0.045853400230407716
2,29,2,10,0.04748508930206299
2,29,2,12,0.050737833976745604
2,29,2,14,0.053693199157714845
2,29,2,16,0.051146078109741214
2,29,2,18,0.054607391357421875
2,29,2,20,0.05202407836914062
2,29,2,22,0.054214882850646975
2,29,2,24,0.05235354900360108
2,29,2,26,0.05342972278594971
2,29,2,28,0.05551760196685791
2,29,2,30,0.05310733318328857
2,29,2,32,0.05290358066558838
2,29,2,34,0.05427429676055908
2,29,2,36,0.05341446399688721
2,29,2,38,0.054268050193786624
2,29,2,40,0.05296165943145752
2,29,3,2,0.05980463027954101
2,29,3,4,0.04133591651916504
2,29,3,6,0.03797173500061035
2,29,3,8,0.0408684253692627
2,29,3,10,0.041900348663330075
2,29,3,12,0.04539191722869873
2,29,3,14,0.04974884986877441
2,29,3,16,0.04995405673980713
2,29,3,18,0.05018074512481689
2,29,3,20,0.051908326148986814
2,29,3,22,0.04839329719543457
2,29,3,24,0.04963223934173584
2,29,3,26,0.053097105026245116
2,29,3,28,0.04913396835327148
2,29,3,30,0.051934003829956055
2,29,3,32,0.049187541007995605
2,29,3,34,0.05156393051147461
2,29,3,36,0.051806855201721194
2,29,3,38,0.05182797908782959
2,29,3,40,0.04982399940490723
2,29,4,2,0.0583249568939209
2,29,4,4,0.03977897167205811
2,29,4,6,0.03535759449005127
2,29,4,8,0.035470223426818846
2,29,4,10,0.03840558528900147
2,29,4,12,0.03906760215759277
2,29,4,14,0.04439268112182617
2,29,4,16,0.04777483940124512
2,29,4,18,0.051115894317626955
2,29,4,20,0.047870540618896486
2,29,4,22,0.050693678855896
2,29,4,24,0.05174474716186524
2,29,4,26,0.05062110424041748
2,29,4,28,0.04795472621917725
2,29,4,30,0.04840497970581055
2,29,4,32,0.044268107414245604
2,29,4,34,0.04977672100067139
2,29,4,36,0.0518033504486084
2,29,4,38,0.04763486385345459
2,29,4,40,0.049000668525695804
2,29,5,2,0.058903956413269044
2,29,5,4,0.03936357498168945
2,29,5,6,0.03314864635467529
2,29,5,8,0.033737683296203615
2,29,5,10,0.03503115177154541
2,29,5,12,0.03998651504516602
2,29,5,14,0.040815424919128415
2,29,5,16,0.04722394943237305
2,29,5,18,0.04893484115600586
2,29,5,20,0.04737067222595215
2,29,5,22,0.05032744407653809
2,29,5,24,0.05045919418334961
2,29,5,26,0.04989361763000488
2,29,5,28,0.05029211044311523
2,29,5,30,0.04986340999603271
2,29,5,32,0.0485076904296875
2,29,5,34,0.049320316314697264
2,29,5,36,0.04957740306854248
2,29,5,38,0.052550101280212404
2,29,5,40,0.04800019264221191
2,29,6,2,0.05839109420776367
2,29,6,4,0.03752012252807617
2,29,6,6,0.0346738338470459
2,29,6,8,0.03289027214050293
2,29,6,10,0.03432862758636475
2,29,6,12,0.04413359165191651
2,29,6,14,0.043169045448303224
2,29,6,16,0.04624831676483154
2,29,6,18,0.04604475498199463
2,29,6,20,0.049027323722839355
2,29,6,22,0.051538944244384766
2,29,6,24,0.048607921600341795
2,29,6,26,0.04803719520568848
2,29,6,28,0.04944519996643067
2,29,6,30,0.04947195053100586
2,29,6,32,0.051992177963256836
2,29,6,34,0.04951589107513428
2,29,6,36,0.049660444259643555
2,29,6,38,0.0477787971496582
2,29,6,40,0.049139547348022464
2,29,7,2,0.05824615955352783
2,29,7,4,0.039507079124450686
2,29,7,6,0.033803701400756836
2,29,7,8,0.03363082408905029
2,29,7,10,0.037907958030700684
2,29,7,12,0.04298067092895508
2,29,7,14,0.041853904724121094
2,29,7,16,0.045569205284118654
2,29,7,18,0.048155927658081056
2,29,7,20,0.04857444763183594
2,29,7,22,0.04820370674133301
2,29,7,24,0.04965050220489502
2,29,7,26,0.047203874588012694
2,29,7,28,0.05058410167694092
2,29,7,30,0.05169413089752197
2,29,7,32,0.05087854862213135
2,29,7,34,0.0517409086227417
2,29,7,36,0.04817626476287842
2,29,7,38,0.05217139720916748
2,29,7,40,0.046045970916748044
2,29,8,2,0.059232354164123535
2,29,8,4,0.03993070125579834
2,29,8,6,0.03519937992095947
2,29,8,8,0.03254115581512451
2,29,8,10,0.03776543140411377
2,29,8,12,0.04361717700958252
2,29,8,14,0.041298317909240725
2,29,8,16,0.04764490127563477
2,29,8,18,0.050236296653747556
2,29,8,20,0.048894834518432614
2,29,8,22,0.04762740135192871
2,29,8,24,0.05055012702941895
2,29,8,26,0.05201027393341064
2,29,8,28,0.048667311668395996
2,29,8,30,0.05038530826568603
2,29,8,32,0.0516474723815918
2,29,8,34,0.047952699661254886
2,29,8,36,0.04679281711578369
2,29,8,38,0.04817452430725098
2,29,8,40,0.051160120964050294
2,30,0,1,0.062337303161621095
2,30,1,2,0.05872311592102051
2,30,1,4,0.050331854820251466
2,30,1,6,0.05094597339630127
2,30,1,8,0.05029127597808838
2,30,1,10,0.05184462070465088
2,30,1,12,0.0500596284866333
2,30,1,14,0.050887012481689455
2,30,1,16,0.05328035354614258
2,30,1,18,0.052587485313415526
2,30,1,20,0.050696516036987306
2,30,1,22,0.0522075891494751
2,30,1,24,0.049582719802856445
2,30,1,26,0.05161621570587158
2,30,1,28,0.050903940200805665
2,30,1,30,0.050852203369140626
2,30,1,32,0.04906487464904785
2,30,1,34,0.05016229152679443
2,30,1,36,0.051496696472167966
2,30,1,38,0.049375486373901364
2,30,1,40,0.05154762268066406
2,30,2,2,0.057168078422546384
2,30,2,4,0.04419877529144287
2,30,2,6,0.044919919967651364
2,30,2,8,0.04792327880859375
2,30,2,10,0.05109703540802002
2,30,2,12,0.050920534133911136
2,30,2,14,0.05291204452514649
2,30,2,16,0.05298583507537842
2,30,2,18,0.050836944580078126
2,30,2,20,0.0553480863571167
2,30,2,22,0.05196189880371094
2,30,2,24,0.050237631797790526
2,30,2,26,0.05295884609222412
2,30,2,28,0.04979813098907471
2,30,2,30,0.052905917167663574
2,30,2,32,0.05435330867767334
2,30,2,34,0.0544029712677002
2,30,2,36,0.05243792533874512
2,30,2,38,0.05508887767791748
2,30,2,40,0.051456546783447264
2,30,3,2,0.05724954605102539
2,30,3,4,0.0398198127746582
2,30,3,6,0.03885407447814941
2,30,3,8,0.04078123569488525
2,30,3,10,0.040422892570495604
2,30,3,12,0.044592094421386716
2,30,3,14,0.04815285205841065
2,30,3,16,0.04964747428894043
2,30,3,18,0.05353202819824219
2,30,3,20,0.04959638118743896
2,30,3,22,0.051166749000549315
2,30,3,24,0.04924242496490479
2,30,3,26,0.05061912536621094
2,30,3,28,0.05126774311065674
2,30,3,30,0.04969944953918457
2,30,3,32,0.05122597217559814
2,30,3,34,0.0504697322845459
2,30,3,36,0.050155925750732425
2,30,3,38,0.04959261417388916
2,30,3,40,0.053165864944458005
2,30,4,2,0.056029772758483885
2,30,4,4,0.0390887975692749
2,30,4,6,0.03575048446655273
2,30,4,8,0.03487935066223145
2,30,4,10,0.04109625816345215
2,30,4,12,0.041741800308227536
2,30,4,14,0.05132460594177246
2,30,4,16,0.04915907382965088
2,30,4,18,0.05279054641723633
2,30,4,20,0.054207992553710935
2,30,4,22,0.05129728317260742
2,30,4,24,0.05086474418640137
2,30,4,26,0.04886023998260498
2,30,4,28,0.05019221305847168
2,30,4,30,0.052382397651672366
2,30,4,32,0.05358884334564209
2,30,4,34,0.05045294761657715
2,30,4,36,0.05281209945678711
2,30,4,38,0.04867475032806397
2,30,4,40,0.05551760196685791
2,30,5,2,0.0576664924621582
2,30,5,4,0.0387298583984375
2,30,5,6,0.03546409606933594
2,30,5,8,0.037201857566833495
2,30,5,10,0.03742210865020752
2,30,5,12,0.04075310230255127
2,30,5,14,0.05121643543243408
2,30,5,16,0.05084209442138672
2,30,5,18,0.05103139877319336
2,30,5,20,0.04843921661376953
2,30,5,22,0.05499336719512939
2,30,5,24,0.049522995948791504
2,30,5,26,0.05144357681274414
2,30,5,28,0.04895603656768799
2,30,5,30,0.050861239433288574
2,30,5,32,0.0499434232711792
2,30,5,34,0.05456240177154541
2,30,5,36,0.050321364402771
2,30,5,38,0.052984309196472165
2,30,5,40,0.052228546142578124
2,30,6,2,0.0577547550201416
2,30,6,4,0.0383587121963501
2,30,6,6,0.034665846824646
2,30,6,8,0.03386697769165039
2,30,6,10,0.039969801902770996
2,30,6,12,0.04591922760009766
2,30,6,14,0.04801275730133057
2,30,6,16,0.04736416339874268
2,30,6,18,0.05179405212402344
2,30,6,20,0.049448037147521974
2,30,6,22,0.04878091812133789
2,30,6,24,0.0518681526184082
2,30,6,26,0.05329861640930176
2,30,6,28,0.056104612350463864
2,30,6,30,0.04938669204711914
2,30,6,32,0.052298974990844724
2,30,6,34,0.05171527862548828
2,30,6,36,0.0521813154220581
2,30,6,38,0.04877414703369141
2,30,6,40,0.05488231182098389
2,30,7,2,0.056715965270996094
2,30,7,4,0.03875799179077148
2,30,7,6,0.033234667778015134
2,30,7,8,0.03280098438262939
2,30,7,10,0.033884191513061525
2,30,7,12,0.04336252212524414
2,30,7,14,0.0466076135635376
2,30,7,16,0.05238156318664551
2,30,7,18,0.05587434768676758
2,30,7,20,0.053333616256713866
2,30,7,22,0.051921629905700685
2,30,7,24,0.0537764310836792
2,30,7,26,0.05236117839813233
2,30,7,28,0.05399680137634277
2,30,7,30,0.052091240882873535
2,30,7,32,0.05295417308807373
2,30,7,34,0.054909467697143555
2,30,7,36,0.051551318168640135
2,30,7,38,0.05431373119354248
2,30,7,40,0.05310797691345215
2,30,8,2,0.05737898349761963
2,30,8,4,0.03893337249755859
2,30,8,6,0.03426978588104248
2,30,8,8,0.03655285835266113
2,30,8,10,0.0369020938873291
2,30,8,12,0.04376463890075684
2,30,8,14,0.04718086719512939
2,30,8,16,0.04849274158477783
2,30,8,18,0.051450681686401364
2,30,8,20,0.05210006237030029
2,30,8,22,0.057199287414550784
2,30,8,24,0.0516413688659668
2,30,8,26,0.051223015785217284
2,30,8,28,0.05365602970123291
2,30,8,30,0.0523301362991333
2,30,8,32,0.05054404735565186
2,30,8,34,0.05009260177612305
2,30,8,36,0.049514150619506835
2,30,8,38,0.052208352088928225
2,30,8,40,0.05018181800842285
3,2,0,1,0.25517950057983396
3,2,1,2,0.02173166275024414
3,2,1,4,0.026413631439208985
3,2,1,6,0.027857279777526854
3,2,1,8,0.024882745742797852
3,2,1,10,0.02881765365600586
3,2,1,12,0.02695150375366211
3,2,1,14,0.028292226791381835
3,2,1,16,0.027198934555053712
3,2,1,18,0.024110937118530275
3,2,1,20,0.029268527030944826
3,2,1,22,0.024668312072753905
3,2,1,24,0.02440197467803955
3,2,1,26,0.026894974708557128
3,2,1,28,0.027926421165466307
3,2,1,30,0.02948760986328125
3,2,1,32,0.024764609336853028
3,2,1,34,0.029239845275878907
3,2,1,36,0.024865388870239258
3,2,1,38,0.026190948486328126
3,2,1,40,0.024541282653808595
3,2,2,2,0.020335960388183593
3,2,2,4,0.020938754081726074
3,2,2,6,0.025618433952331543
3,2,2,8,0.02357332706451416
3,2,2,10,0.02643749713897705
3,2,2,12,0.027657341957092286
3,2,2,14,0.02730414867401123
3,2,2,16,0.02706432342529297
3,2,2,18,0.02673771381378174
3,2,2,20,0.027000117301940917
3,2,2,22,0.025045013427734374
3,2,2,24,0.02570192813873291
3,2,2,26,0.027260971069335938
3,2,2,28,0.026639366149902345
3,2,2,30,0.023760652542114256
3,2,2,32,0.02723262310028076
3,2,2,34,0.024915671348571776
3,2,2,36,0.026854968070983885
3,2,2,38,0.02805206775665283
3,2,2,40,0.026505446434020995
3,2,3,2,0.020407438278198242
3,2,3,4,0.020098543167114256
3,2,3,6,0.02455000877380371
3,2,3,8,0.02808489799499512
3,2,3,10,0.02805030345916748
3,2,3,12,0.025895571708679198
3,2,3,14,0.02720649242401123
3,2,3,16,0.025344276428222658
3,2,3,18,0.02488558292388916
3,2,3,20,0.028072237968444824
3,2,3,22,0.026875686645507813
3,2,3,24,0.02649264335632324
3,2,3,26,0.026107072830200195
3,2,3,28,0.02466108798980713
3,2,3,30,0.025182628631591798
3,2,3,32,0.02568812370300293
3,2,3,34,0.025625729560852052
3,2,3,36,0.0260819673538208
3,2,3,38,0.026524567604064943
3,2,3,40,0.02716827392578125
3,2,4,2,0.021558260917663573
3,2,4,4,0.02309720516204834
3,2,4,6,0.023197102546691894
3,2,4,8,0.02159383296966553
3,2,4,10,0.026352572441101074
3,2,4,12,0.02784745693206787
3,2,4,14,0.02501401901245117
3,2,4,16,0.026690244674682617
3,2,4,18,0.026872086524963378
3,2,4,20,0.02592358589172363
3,2,4,22,0.028694462776184083
3,2,4,24,0.028106021881103515
3,2,4,26,0.027843523025512695
3,2,4,28,0.026805591583251954
3,2,4,30,0.02802565097808838
3,2,4,32,0.025945162773132323
3,2,4,34,0.02804882526397705
3,2,4,36,0.028397727012634277
3,2,4,38,0.026648473739624024
3,2,4,40,0.026505255699157716
3,2,5,2,0.020949125289916992
3,2,5,4,0.020446395874023436
3,2,5,6,0.023630094528198243
3,2,5,8,0.025452494621276855
3,2,5,10,0.027183008193969727
3,2,5,12,0.02465207576751709
3,2,5,14,0.029271841049194336
3,2,5,16,0.025168466567993163
3,2,5,18,0.026969504356384278
3,2,5,20,0.02641119956970215
3,2,5,22,0.02700643539428711
3,2,5,24,0.026356101036071777
3,2,5,26,0.02798960208892822
3,2,5,28,0.02631680965423584
3,2,5,30,0.025349736213684082
3,2,5,32,0.02606332302093506
3,2,5,34,0.025996994972229005
3,2,5,36,0.02981400489807129
3,2,5,38,0.029689836502075195
3,2,5,40,0.028011655807495116
3,2,6,2,0.020556092262268066
3,2,6,4,0.019819211959838868
3,2,6,6,0.023885560035705567
3,2,6,8,0.023974919319152833
3,2,6,10,0.028595280647277833
3,2,6,12,0.02790229320526123
3,2,6,14,0.02763068675994873
3,2,6,16,0.02619314193725586
3,2,6,18,0.025453639030456544
3,2,6,20,0.02641932964324951
3,2,6,22,0.02561829090118408
3,2,6,24,0.028447723388671874
3,2,6,26,0.025608015060424805
3,2,6,28,0.028215432167053224
3,2,6,30,0.028873276710510255
3,2,6,32,0.028774404525756837
3,2,6,34,0.02374279499053955
3,2,6,36,0.025351834297180176
3,2,6,38,0.02658698558807373
3,2,6,40,0.03051581382751465
3,2,7,2,0.019452762603759766
3,2,7,4,0.02132277488708496
3,2,7,6,0.022304487228393555
3,2,7,8,0.022458767890930174
3,2,7,10,0.024419212341308595
3,2,7,12,0.02840588092803955
3,2,7,14,0.027468037605285645
3,2,7,16,0.026651930809020997
3,2,7,18,0.027239203453063965
3,2,7,20,0.02329065799713135
3,2,7,22,0.023839879035949706
3,2,7,24,0.025573921203613282
3,2,7,26,0.02604973316192627
3,2,7,28,0.02646799087524414
3,2,7,30,0.028332233428955078
3,2,7,32,0.02616281509399414
3,2,7,34,0.028508687019348146
3,2,7,36,0.028766751289367676
3,2,7,38,0.028551054000854493
3,2,7,40,0.027043676376342772
3,2,8,2,0.018713879585266113
3,2,8,4,0.021741652488708497
3,2,8,6,0.02185797691345215
3,2,8,8,0.023589539527893066
3,2,8,10,0.027001023292541504
3,2,8,12,0.02516636848449707
3,2,8,14,0.027584552764892578
3,2,8,16,0.02556307315826416
3,2,8,18,0.024046897888183594
3,2,8,20,0.026533174514770507
3,2,8,22,0.02803964614868164
3,2,8,24,0.02696714401245117
3,2,8,26,0.028168249130249023
3,2,8,28,0.025943946838378907
3,2,8,30,0.02635204792022705
3,2,8,32,0.023527812957763673
3,2,8,34,0.027588844299316406
3,2,8,36,0.026620697975158692
3,2,8,38,0.02840533256530762
3,2,8,40,0.027724552154541015
3,3,0,1,0.02770404815673828
3,3,1,2,0.028402042388916016
3,3,1,4,0.027051639556884766
3,3,1,6,0.03123319149017334
3,3,1,8,0.032059741020202634
3,3,1,10,0.03396482467651367
3,3,1,12,0.03326010704040527
3,3,1,14,0.03603265285491943
3,3,1,16,0.032353997230529785
3,3,1,18,0.032448744773864745
3,3,1,20,0.03448128700256348
3,3,1,22,0.03197016716003418
3,3,1,24,0.03278036117553711
3,3,1,26,0.03267848491668701
3,3,1,28,0.03564274311065674
3,3,1,30,0.03523609638214111
3,3,1,32,0.032333660125732425
3,3,1,34,0.03389897346496582
3,3,1,36,0.03240096569061279
3,3,1,38,0.034088635444641115
3,3,1,40,0.03539354801177978
3,3,2,2,0.030237793922424316
3,3,2,4,0.023883914947509764
3,3,2,6,0.02523343563079834
3,3,2,8,0.029980564117431642
3,3,2,10,0.03115987777709961
3,3,2,12,0.03489720821380615
3,3,2,14,0.036434268951416014
3,3,2,16,0.03671178817749023
3,3,2,18,0.03330907821655273
3,3,2,20,0.03613286018371582
3,3,2,22,0.03577663898468018
3,3,2,24,0.034549880027771
3,3,2,26,0.036353135108947755
3,3,2,28,0.035222649574279785
3,3,2,30,0.0345245361328125
3,3,2,32,0.033976292610168456
3,3,2,34,0.03265738487243652
3,3,2,36,0.03522195816040039
3,3,2,38,0.03585214614868164
3,3,2,40,0.03583369255065918
3,3,3,2,0.030333280563354492
3,3,3,4,0.022042560577392577
3,3,3,6,0.025746870040893554
3,3,3,8,0.027100110054016115
3,3,3,10,0.029572129249572754
3,3,3,12,0.03260927200317383
3,3,3,14,0.03485338687896729
3,3,3,16,0.03456966876983643
3,3,3,18,0.03447222709655762
3,3,3,20,0.03415217399597168
3,3,3,22,0.03656988143920899
3,3,3,24,0.03429262638092041
3,3,3,26,0.03420479297637939
3,3,3,28,0.037288498878479
3,3,3,30,0.03602347373962402
3,3,3,32,0.03668661117553711
3,3,3,34,0.033676671981811526
3,3,3,36,0.03544199466705322
3,3,3,38,0.034239459037780764
3,3,3,40,0.03782820701599121
3,3,4,2,0.030274415016174318
3,3,4,4,0.02397611141204834
3,3,4,6,0.024025559425354004
3,3,4,8,0.028017497062683104
3,3,4,10,0.03369174003601074
3,3,4,12,0.03406975269317627
3,3,4,14,0.037554049491882326
3,3,4,16,0.03663647174835205
3,3,4,18,0.03577532768249512
3,3,4,20,0.03503422737121582
3,3,4,22,0.03441374301910401
3,3,4,24,0.0356964111328125
3,3,4,26,0.033633995056152347
3,3,4,28,0.03451838493347168
3,3,4,30,0.031942105293273924
3,3,4,32,0.03598301410675049
3,3,4,34,0.03658130168914795
3,3,4,36,0.03524737358093262
3,3,4,38,0.036044979095458986
3,3,4,40,0.036160635948181155
3,3,5,2,0.03173398971557617
3,3,5,4,0.02157323360443115
3,3,5,6,0.027651500701904298
3,3,5,8,0.02556116580963135
3,3,5,10,0.033436131477355954
3,3,5,12,0.033655428886413576
3,3,5,14,0.03638558387756348
3,3,5,16,0.037021732330322264
3,3,5,18,0.03418202400207519
3,3,5,20,0.03456556797027588
3,3,5,22,0.032500624656677246
3,3,5,24,0.037604475021362306
3,3,5,26,0.03550403118133545
3,3,5,28,0.032631945610046384
3,3,5,30,0.03381359577178955
3,3,5,32,0.036822509765625
3,3,5,34,0.03490965366363526
3,3,5,36,0.03558492660522461
3,3,5,38,0.039477992057800296
3,3,5,40,0.03560645580291748
3,3,6,2,0.029256176948547364
3,3,6,4,0.021735525131225585
3,3,6,6,0.027888989448547362
3,3,6,8,0.02609429359436035
3,3,6,10,0.03260164260864258
3,3,6,12,0.03596088886260986
3,3,6,14,0.03393778800964355
3,3,6,16,0.035139036178588864
3,3,6,18,0.033612537384033206
3,3,6,20,0.03456025123596192
3,3,6,22,0.03590521812438965
3,3,6,24,0.035129714012146
3,3,6,26,0.03518359661102295
3,3,6,28,0.035563993453979495
3,3,6,30,0.03503289222717285
3,3,6,32,0.03606953620910645
3,3,6,34,0.0363508939743042
3,3,6,36,0.035671663284301755
3,3,6,38,0.03387446403503418
3,3,6,40,0.03539309501647949
3,3,7,2,0.02937765121459961
3,3,7,4,0.02124454975128174
3,3,7,6,0.02901642322540283
3,3,7,8,0.027404427528381348
3,3,7,10,0.033965778350830075
3,3,7,12,0.03406107425689697
3,3,7,14,0.037039661407470705
3,3,7,16,0.038803625106811526
3,3,7,18,0.03583979606628418
3,3,7,20,0.03851096630096436
3,3,7,22,0.03320257663726807
3,3,7,24,0.0352933406829834
3,3,7,26,0.035012555122375486
3,3,7,28,0.03182356357574463
3,3,7,30,0.035710692405700684
3,3,7,32,0.036140155792236325
3,3,7,34,0.03529214859008789
3,3,7,36,0.03902013301849365
3,3,7,38,0.037223076820373534
3,3,7,40,0.03419549465179443
3,3,8,2,0.027935385704040527
3,3,8,4,0.021738266944885253
3,3,8,6,0.02577540874481201
3,3,8,8,0.02806248664855957
3,3,8,10,0.029750370979309083
3,3,8,12,0.03564872741699219
3,3,8,14,0.034242773056030275
3,3,8,16,0.03540225028991699
3,3,8,18,0.0349045991897583
3,3,8,20,0.03604896068572998
3,3,8,22,0.033315491676330564
3,3,8,24,0.03428916931152344
3,3,8,26,0.0346790075302124
3,3,8,28,0.03597953319549561
3,3,8,30,0.037407970428466795
3,3,8,32,0.033186483383178714
3,3,8,34,0.037790346145629886
3,3,8,36,0.035964441299438474
3,3,8,38,0.03461027145385742
3,3,8,40,0.03740997314453125
3,4,0,1,0.053471851348876956
3,4,1,2,0.04579174518585205
3,4,1,4,0.03881790637969971
3,4,1,6,0.04004659652709961
3,4,1,8,0.04057927131652832
3,4,1,10,0.04152653217315674
3,4,1,12,0.03971579074859619
3,4,1,14,0.04169909954071045
3,4,1,16,0.03994143009185791
3,4,1,18,0.04125673770904541
3,4,1,20,0.04012596607208252
3,4,1,22,0.04106812477111817
3,4,1,24,0.040226316452026366
3,4,1,26,0.042481613159179685
3,4,1,28,0.040860557556152345
3,4,1,30,0.040358662605285645
3,4,1,32,0.03966832160949707
3,4,1,34,0.04257581233978271
3,4,1,36,0.040508460998535153
3,4,1,38,0.04120867252349854
3,4,1,40,0.03921504020690918
3,4,2,2,0.04639098644256592
3,4,2,4,0.03202486038208008
3,4,2,6,0.030465245246887207
3,4,2,8,0.030690860748291016
3,4,2,10,0.03215732574462891
3,4,2,12,0.03403012752532959
3,4,2,14,0.03668825626373291
3,4,2,16,0.03796606063842774
3,4,2,18,0.03966989517211914
3,4,2,20,0.038428544998168945
3,4,2,22,0.039683079719543456
3,4,2,24,0.04340817928314209
3,4,2,26,0.03917174339294434
3,4,2,28,0.03956589698791504
3,4,2,30,0.03831582069396973
3,4,2,32,0.03791215419769287
3,4,2,34,0.03898091316223144
3,4,2,36,0.03774182796478272
3,4,2,38,0.040869498252868654
3,4,2,40,0.04072160720825195
3,4,3,2,0.04663481712341309
3,4,3,4,0.03345475196838379
3,4,3,6,0.027782201766967773
3,4,3,8,0.030730271339416505
3,4,3,10,0.029988956451416016
3,4,3,12,0.03216431140899658
3,4,3,14,0.03462164402008057
3,4,3,16,0.03603370189666748
3,4,3,18,0.03540892601013183
3,4,3,20,0.040092849731445314
3,4,3,22,0.034269857406616214
3,4,3,24,0.035150909423828126
3,4,3,26,0.037373685836791994
3,4,3,28,0.037893128395080564
3,4,3,30,0.03635122776031494
3,4,3,32,0.03619210720062256
3,4,3,34,0.038061904907226565
3,4,3,36,0.0370936393737793
3,4,3,38,0.03795437812805176
3,4,3,40,0.03820936679840088
3,4,4,2,0.04560995101928711
3,4,4,4,0.033358287811279294
3,4,4,6,0.02738063335418701
3,4,4,8,0.025693845748901368
3,4,4,10,0.030928754806518556
3,4,4,12,0.02877035140991211
3,4,4,14,0.030291748046875
3,4,4,16,0.03406672477722168
3,4,4,18,0.03490970134735107
3,4,4,20,0.03616254329681397
3,4,4,22,0.033182191848754886
3,4,4,24,0.03300776481628418
3,4,4,26,0.034301352500915525
3,4,4,28,0.036803460121154784
3,4,4,30,0.03532185554504395
3,4,4,32,0.034610843658447264
3,4,4,34,0.03431551456451416
3,4,4,36,0.03450572490692139
3,4,4,38,0.03326747417449951
3,4,4,40,0.03434245586395264
3,4,5,2,0.048308610916137695
3,4,5,4,0.0328425407409668
3,4,5,6,0.029191470146179198
3,4,5,8,0.02718799114227295
3,4,5,10,0.027163028717041016
3,4,5,12,0.030394363403320312
3,4,5,14,0.02980163097381592
3,4,5,16,0.035170245170593264
3,4,5,18,0.036925458908081056
3,4,5,20,0.03377537727355957
3,4,5,22,0.03239364624023437
3,4,5,24,0.03580532073974609
3,4,5,26,0.03403053283691406
3,4,5,28,0.0343625545501709
3,4,5,30,0.035799813270568845
3,4,5,32,0.03599479198455811
3,4,5,34,0.037720537185668944
3,4,5,36,0.035028600692749025
3,4,5,38,0.03554399013519287
3,4,5,40,0.036713171005249026
3,4,6,2,0.04569928646087647
3,4,6,4,0.0327268123626709
3,4,6,6,0.027424550056457518
3,4,6,8,0.02618861198425293
3,4,6,10,0.026482748985290527
3,4,6,12,0.030059385299682616
3,4,6,14,0.031187105178833007
3,4,6,16,0.03408386707305908
3,4,6,18,0.03523118495941162
3,4,6,20,0.031824135780334474
3,4,6,22,0.03495724201202392
3,4,6,24,0.034426426887512206
3,4,6,26,0.03473961353302002
3,4,6,28,0.03622505664825439
3,4,6,30,0.036181521415710446
3,4,6,32,0.035963797569274904
3,4,6,34,0.0345414400100708
3,4,6,36,0.03771471977233887
3,4,6,38,0.03706793785095215
3,4,6,40,0.035084199905395505
3,4,7,2,0.0445366382598877
3,4,7,4,0.03389019966125488
3,4,7,6,0.027906966209411622
3,4,7,8,0.028402018547058105
3,4,7,10,0.027493715286254883
3,4,7,12,0.02930018901824951
3,4,7,14,0.03431999683380127
3,4,7,16,0.03369429111480713
3,4,7,18,0.03477022647857666
3,4,7,20,0.03527932167053223
3,4,7,22,0.036371898651123044
3,4,7,24,0.03396859169006348
3,4,7,26,0.03810627460479736
3,4,7,28,0.038507628440856936
3,4,7,30,0.03654558658599853
3,4,7,32,0.03625955581665039
3,4,7,34,0.03753206729888916
3,4,7,36,0.035457706451416014
3,4,7,38,0.036740589141845706
3,4,7,40,0.034439253807067874
3,4,8,2,0.045808720588684085
3,4,8,4,0.03244481086730957
3,4,8,6,0.02921905517578125
3,4,8,8,0.026318669319152832
3,4,8,10,0.028705239295959473
3,4,8,12,0.029202032089233398
3,4,8,14,0.032083892822265626
3,4,8,16,0.034944677352905275
3,4,8,18,0.03439090251922607
3,4,8,20,0.037237548828125
3,4,8,22,0.035161304473876956
3,4,8,24,0.03660154342651367
3,4,8,26,0.037158846855163574
3,4,8,28,0.03517534732818604
3,4,8,30,0.03381199836730957
3,4,8,32,0.035777711868286134
3,4,8,34,0.034697866439819335
3,4,8,36,0.036063313484191895
3,4,8,38,0.036888933181762694
3,4,8,40,0.0355076789855957
3,5,0,1,0.059441757202148435
3,5,1,2,0.04835445880889892
3,5,1,4,0.044725680351257326
3,5,1,6,0.0462855339050293
3,5,1,8,0.05069863796234131
3,5,1,10,0.04992098808288574
3,5,1,12,0.04909646511077881
3,5,1,14,0.047552990913391116
3,5,1,16,0.05126047134399414
3,5,1,18,0.04892222881317139
3,5,1,20,0.04837257862091064
3,5,1,22,0.04934535026550293
3,5,1,24,0.04833002090454101
3,5,1,26,0.049492168426513675
3,5,1,28,0.049631810188293456
3,5,1,30,0.05035591125488281
3,5,1,32,0.050744032859802245
3,5,1,34,0.04919025897979736
3,5,1,36,0.04966871738433838
3,5,1,38,0.05078349113464355
3,5,1,40,0.04891684055328369
3,5,2,2,0.05105116367340088
3,5,2,4,0.035320711135864255
3,5,2,6,0.03207883834838867
3,5,2,8,0.03352851867675781
3,5,2,10,0.03575477600097656
3,5,2,12,0.04015195369720459
3,5,2,14,0.04125580787658691
3,5,2,16,0.04490017890930176
3,5,2,18,0.04624230861663818
3,5,2,20,0.04656095504760742
3,5,2,22,0.04426681995391846
3,5,2,24,0.04793152809143066
3,5,2,26,0.04717528820037842
3,5,2,28,0.04454658031463623
3,5,2,30,0.04605998992919922
3,5,2,32,0.045034050941467285
3,5,2,34,0.04767286777496338
3,5,2,36,0.04616267681121826
3,5,2,38,0.042487263679504395
3,5,2,40,0.0449756383895874
3,5,3,2,0.0514082670211792
3,5,3,4,0.0371150016784668
3,5,3,6,0.029877495765686036
3,5,3,8,0.028298401832580568
3,5,3,10,0.029845118522644043
3,5,3,12,0.037573838233947755
3,5,3,14,0.04017860889434814
3,5,3,16,0.04522078037261963
3,5,3,18,0.047881698608398436
3,5,3,20,0.044319438934326175
3,5,3,22,0.04400217533111572
3,5,3,24,0.0503791332244873
3,5,3,26,0.048400473594665525
3,5,3,28,0.046311473846435545
3,5,3,30,0.04580707550048828
3,5,3,32,0.046839547157287595
3,5,3,34,0.0471515417098999
3,5,3,36,0.045110774040222165
3,5,3,38,0.04830877780914307
3,5,3,40,0.04416191577911377
3,5,4,2,0.05049619674682617
3,5,4,4,0.03887519836425781
3,5,4,6,0.029166626930236816
3,5,4,8,0.03082749843597412
3,5,4,10,0.030511355400085448
3,5,4,12,0.03561561107635498
3,5,4,14,0.03924031257629394
3,5,4,16,0.043832588195800784
3,5,4,18,0.042847394943237305
3,5,4,20,0.06399457454681397
3,5,4,22,0.043120598793029784
3,5,4,24,0.04713761806488037
3,5,4,26,0.048517036437988284
3,5,4,28,0.04848763942718506
3,5,4,30,0.04780809879302979
3,5,4,32,0.04608385562896729
3,5,4,34,0.043982648849487306
3,5,4,36,0.05028843879699707
3,5,4,38,0.04469566345214844
3,5,4,40,0.048186850547790525
3,5,5,2,0.051424503326416016
3,5,5,4,0.03476512432098389
3,5,5,6,0.02894446849822998
3,5,5,8,0.029791975021362306
3,5,5,10,0.03025219440460205
3,5,5,12,0.03551476001739502
3,5,5,14,0.043772339820861816
3,5,5,16,0.04465930461883545
3,5,5,18,0.04688010215759277
3,5,5,20,0.04434659481048584
3,5,5,22,0.048177552223205564
3,5,5,24,0.04554328918457031
3,5,5,26,0.04898126125335693
3,5,5,28,0.04499111175537109
3,5,5,30,0.04929306507110596
3,5,5,32,0.05001680850982666
3,5,5,34,0.04690940380096435
3,5,5,36,0.04606781005859375
3,5,5,38,0.04635009765625
3,5,5,40,0.04661927223205566
3,5,6,2,0.051644182205200194
3,5,6,4,0.03527288436889649
3,5,6,6,0.02899644374847412
3,5,6,8,0.02837522029876709
3,5,6,10,0.03304731845855713
3,5,6,12,0.03647336959838867
3,5,6,14,0.03926441669464111
3,5,6,16,0.04527933597564697
3,5,6,18,0.046063709259033206
3,5,6,20,0.046523547172546385
3,5,6,22,0.04446475505828858
3,5,6,24,0.04439411163330078
3,5,6,26,0.04788274765014648
3,5,6,28,0.05111219882965088
3,5,6,30,0.04815738201141358
3,5,6,32,0.04869921207427978
3,5,6,34,0.047814583778381346
3,5,6,36,0.04483728408813477
3,5,6,38,0.049470949172973636
3,5,6,40,0.04793648719787598
3,5,7,2,0.050093460083007815
3,5,7,4,0.037471222877502444
3,5,7,6,0.029876852035522462
3,5,7,8,0.030692434310913085
3,5,7,10,0.03304967880249023
3,5,7,12,0.03762228488922119
3,5,7,14,0.04295406341552734
3,5,7,16,0.04352743625640869
3,5,7,18,0.04444749355316162
3,5,7,20,0.047479987144470215
3,5,7,22,0.045922708511352536
3,5,7,24,0.04660131931304932
3,5,7,26,0.04345080852508545
3,5,7,28,0.04830553531646729
3,5,7,30,0.04558465480804443
3,5,7,32,0.0463770866394043
3,5,7,34,0.04565062522888184
3,5,7,36,0.047635674476623535
3,5,7,38,0.04674980640411377
3,5,7,40,0.04766952991485596
3,5,8,2,0.050458979606628415
3,5,8,4,0.0367436408996582
3,5,8,6,0.02991931438446045
3,5,8,8,0.02682449817657471
3,5,8,10,0.03325307369232178
3,5,8,12,0.03660397529602051
3,5,8,14,0.04119415283203125
3,5,8,16,0.04692773818969727
3,5,8,18,0.047314691543579104
3,5,8,20,0.047675037384033205
3,5,8,22,0.046102499961853026
3,5,8,24,0.046776318550109865
3,5,8,26,0.048732566833496097
3,5,8,28,0.04596235752105713
3,5,8,30,0.04801738262176514
3,5,8,32,0.044625711441040036
3,5,8,34,0.046818327903747556
3,5,8,36,0.04623203277587891
3,5,8,38,0.044504523277282715
3,5,8,40,0.04557030200958252
3,6,0,1,0.09282152652740479
3,6,1,2,0.07254722118377685
3,6,1,4,0.05671215057373047
3,6,1,6,0.05538480281829834
3,6,1,8,0.05999932289123535
3,6,1,10,0.05867328643798828
3,6,1,12,0.05973706245422363
3,6,1,14,0.06028933525085449
3,6,1,16,0.06032042503356934
3,6,1,18,0.06087851524353027
3,6,1,20,0.05885987281799317
3,6,1,22,0.05966293811798096
3,6,1,24,0.058562421798706056
3,6,1,26,0.058891463279724124
3,6,1,28,0.06074635982513428
3,6,1,30,0.06079838275909424
3,6,1,32,0.06082143783569336
3,6,1,34,0.06001522541046143
3,6,1,36,0.06017975807189942
3,6,1,38,0.05867607593536377
3,6,1,40,0.06023097038269043
3,6,2,2,0.07048180103302001
3,6,2,4,0.04725856781005859
3,6,2,6,0.04303939342498779
3,6,2,8,0.04231007099151611
3,6,2,10,0.040015363693237306
3,6,2,12,0.04669046401977539
3,6,2,14,0.04646511077880859
3,6,2,16,0.05097184181213379
3,6,2,18,0.049287939071655275
3,6,2,20,0.04584403038024902
3,6,2,22,0.046789240837097165
3,6,2,24,0.04825286865234375
3,6,2,26,0.04846279621124268
3,6,2,28,0.049785709381103514
3,6,2,30,0.046181106567382814
3,6,2,32,0.04939007759094238
3,6,2,34,0.049811363220214844
3,6,2,36,0.05255575180053711
3,6,2,38,0.048260974884033206
3,6,2,40,0.04893417358398437
3,6,3,2,0.07430768013000488
3,6,3,4,0.04724013805389404
3,6,3,6,0.03995592594146728
3,6,3,8,0.03545968532562256
3,6,3,10,0.036654329299926756
3,6,3,12,0.03643488883972168
3,6,3,14,0.03631184101104736
3,6,3,16,0.04228401184082031
3,6,3,18,0.0423452615737915
3,6,3,20,0.041885900497436526
3,6,3,22,0.04331254959106445
3,6,3,24,0.04197347164154053
3,6,3,26,0.04388139247894287
3,6,3,28,0.04681265354156494
3,6,3,30,0.04539005756378174
3,6,3,32,0.045415830612182614
3,6,3,34,0.04369599819183349
3,6,3,36,0.046336698532104495
3,6,3,38,0.04580867290496826
3,6,3,40,0.04739394187927246
3,6,4,2,0.07229456901550294
3,6,4,4,0.05050923824310303
3,6,4,6,0.039209604263305664
3,6,4,8,0.03452458381652832
3,6,4,10,0.03314352035522461
3,6,4,12,0.03589460849761963
3,6,4,14,0.03618471622467041
3,6,4,16,0.04226648807525635
3,6,4,18,0.040457868576049806
3,6,4,20,0.039880895614624025
3,6,4,22,0.04075100421905518
3,6,4,24,0.042240142822265625
3,6,4,26,0.045138883590698245
3,6,4,28,0.04400036334991455
3,6,4,30,0.044910001754760745
3,6,4,32,0.04479737281799316
3,6,4,34,0.04241917133331299
3,6,4,36,0.046917843818664554
3,6,4,38,0.04661822319030762
3,6,4,40,0.044998669624328615
3,6,5,2,0.07504591941833497
3,6,5,4,0.05107271671295166
3,6,5,6,0.04067497253417969
3,6,5,8,0.03515570163726807
3,6,5,10,0.033617067337036136
3,6,5,12,0.03557584285736084
3,6,5,14,0.03819758892059326
3,6,5,16,0.04004025459289551
3,6,5,18,0.04359250068664551
3,6,5,20,0.0428600549697876
3,6,5,22,0.044554948806762695
3,6,5,24,0.04624781608581543
3,6,5,26,0.04550929069519043
3,6,5,28,0.04726762771606445
3,6,5,30,0.044594430923461915
3,6,5,32,0.047810149192810056
3,6,5,34,0.04510564804077148
3,6,5,36,0.043540430068969724
3,6,5,38,0.044943928718566895
3,6,5,40,0.047778987884521486
3,6,6,2,0.07352607250213623
3,6,6,4,0.048404145240783694
3,6,6,6,0.04030842781066894
3,6,6,8,0.03677458763122558
3,6,6,10,0.032929730415344236
3,6,6,12,0.03592240810394287
3,6,6,14,0.03633661270141601
3,6,6,16,0.042578601837158205
3,6,6,18,0.04271457195281982
3,6,6,20,0.040266990661621094
3,6,6,22,0.04330739974975586
3,6,6,24,0.04257500171661377
3,6,6,26,0.043747472763061526
3,6,6,28,0.04715588092803955
3,6,6,30,0.046005415916442874
3,6,6,32,0.04595363140106201
3,6,6,34,0.0458920955657959
3,6,6,36,0.047214674949646
3,6,6,38,0.045702362060546876
3,6,6,40,0.046171021461486814
3,6,7,2,0.0717839241027832
3,6,7,4,0.05134174823760986
3,6,7,6,0.04044272899627686
3,6,7,8,0.036276602745056154
3,6,7,10,0.03071744441986084
3,6,7,12,0.03411252498626709
3,6,7,14,0.03512184619903565
3,6,7,16,0.03962361812591553
3,6,7,18,0.04288790225982666
3,6,7,20,0.038641357421875
3,6,7,22,0.04138250350952148
3,6,7,24,0.04147636890411377
3,6,7,26,0.04579031467437744
3,6,7,28,0.04436037540435791
3,6,7,30,0.0433344841003418
3,6,7,32,0.04568982124328613
3,6,7,34,0.0442659854888916
3,6,7,36,0.046227312088012694
3,6,7,38,0.04859139919281006
3,6,7,40,0.047494006156921384
3,6,8,2,0.0725696325302124
3,6,8,4,0.04774603843688965
3,6,8,6,0.039420700073242186
3,6,8,8,0.034431290626525876
3,6,8,10,0.03162450790405273
3,6,8,12,0.03775477409362793
3,6,8,14,0.03617649078369141
3,6,8,16,0.041480422019958496
3,6,8,18,0.04221711158752441
3,6,8,20,0.044659090042114255
3,6,8,22,0.04205291271209717
3,6,8,24,0.04725966453552246
3,6,8,26,0.04480769634246826
3,6,8,28,0.04243679046630859
3,6,8,30,0.04430203437805176
3,6,8,32,0.04661052227020264
3,6,8,34,0.045304393768310545
3,6,8,36,0.047014713287353516
3,6,8,38,0.047629046440124514
3,6,8,40,0.04852848052978516
3,7,0,1,0.15378432273864745
3,7,1,2,0.11370236873626709
3,7,1,4,0.09118771553039551
3,7,1,6,0.08773305416107177
3,7,1,8,0.08835129737854004
3,7,1,10,0.0877652645111084
3,7,1,12,0.08755435943603515
3,7,1,14,0.08837902545928955
3,7,1,16,0.088173246383667
3,7,1,18,0.08691847324371338
3,7,1,20,0.08779630661010743
3,7,1,22,0.08815810680389405
3,7,1,24,0.08648583889007569
3,7,1,26,0.08683714866638184
3,7,1,28,0.08742425441741944
3,7,1,30,0.08850398063659667
3,7,1,32,0.08836255073547364
3,7,1,34,0.0869675874710083
3,7,1,36,0.08814496994018554
3,7,1,38,0.08849174976348877
3,7,1,40,0.08838198184967042
3,7,2,2,0.11012840270996094
3,7,2,4,0.07574138641357422
3,7,2,6,0.06685972213745117
3,7,2,8,0.0632544994354248
3,7,2,10,0.066536545753479
3,7,2,12,0.06734087467193603
3,7,2,14,0.07129871845245361
3,7,2,16,0.07232892513275146
3,7,2,18,0.07172777652740478
3,7,2,20,0.07128205299377441
3,7,2,22,0.0695037603378296
3,7,2,24,0.07321560382843018
3,7,2,26,0.07210714817047119
3,7,2,28,0.07627236843109131
3,7,2,30,0.07185392379760742
3,7,2,32,0.07456886768341064
3,7,2,34,0.07418508529663086
3,7,2,36,0.07527148723602295
3,7,2,38,0.07230103015899658
3,7,2,40,0.0740128517150879
3,7,3,2,0.11368200778961182
3,7,3,4,0.07584614753723144
3,7,3,6,0.05819566249847412
3,7,3,8,0.05099368095397949
3,7,3,10,0.0534569263458252
3,7,3,12,0.05202350616455078
3,7,3,14,0.055363583564758304
3,7,3,16,0.05891761779785156
3,7,3,18,0.05948116779327393
3,7,3,20,0.057950520515441896
3,7,3,22,0.05644068717956543
3,7,3,24,0.06048145294189453
3,7,3,26,0.059282445907592775
3,7,3,28,0.06169700622558594
3,7,3,30,0.06097807884216309
3,7,3,32,0.06103749275207519
3,7,3,34,0.061783671379089355
3,7,3,36,0.06452012062072754
3,7,3,38,0.06545546054840087
3,7,3,40,0.062489867210388184
3,7,4,2,0.11428952217102051
3,7,4,4,0.07337038516998291
3,7,4,6,0.05675420761108398
3,7,4,8,0.05162310600280762
3,7,4,10,0.052092909812927246
3,7,4,12,0.051915550231933595
3,7,4,14,0.05276675224304199
3,7,4,16,0.05416173934936523
3,7,4,18,0.05773746967315674
3,7,4,20,0.057941627502441403
3,7,4,22,0.05616629123687744
3,7,4,24,0.060138607025146486
3,7,4,26,0.058543276786804196
3,7,4,28,0.06075398921966553
3,7,4,30,0.05978114604949951
3,7,4,32,0.061572813987731935
3,7,4,34,0.060920000076293945
3,7,4,36,0.06223528385162354
3,7,4,38,0.06345860958099366
3,7,4,40,0.06761744022369384
3,7,5,2,0.11754169464111328
3,7,5,4,0.07504873275756836
3,7,5,6,0.0577033519744873
3,7,5,8,0.052977371215820315
3,7,5,10,0.051182222366333005
3,7,5,12,0.050318002700805664
3,7,5,14,0.0502108097076416
3,7,5,16,0.05728657245635986
3,7,5,18,0.05649077892303467
3,7,5,20,0.05194268226623535
3,7,5,22,0.056805658340454104
3,7,5,24,0.05897433757781982
3,7,5,26,0.06060817241668701
3,7,5,28,0.061552023887634276
3,7,5,30,0.062096595764160156
3,7,5,32,0.06436498165130615
3,7,5,34,0.06435260772705079
3,7,5,36,0.06241476535797119
3,7,5,38,0.06255402565002441
3,7,5,40,0.06281378269195556
3,7,6,2,0.11611926555633545
3,7,6,4,0.0723351001739502
3,7,6,6,0.05856068134307861
3,7,6,8,0.0527134895324707
3,7,6,10,0.05381300449371338
3,7,6,12,0.051888465881347656
3,7,6,14,0.0540203332901001
3,7,6,16,0.054012513160705565
3,7,6,18,0.0585634708404541
3,7,6,20,0.055397748947143555
3,7,6,22,0.057595014572143555
3,7,6,24,0.05815722942352295
3,7,6,26,0.05810112953186035
3,7,6,28,0.058561849594116214
3,7,6,30,0.06162638664245605
3,7,6,32,0.06296498775482177
3,7,6,34,0.06483275890350342
3,7,6,36,0.06436357498168946
3,7,6,38,0.06268124580383301
3,7,6,40,0.06339881420135499
3,7,7,2,0.11656556129455567
3,7,7,4,0.07366330623626709
3,7,7,6,0.058350753784179685
3,7,7,8,0.054917430877685545
3,7,7,10,0.05121028423309326
3,7,7,12,0.05327506065368652
3,7,7,14,0.0536914587020874
3,7,7,16,0.05299134254455566
3,7,7,18,0.0613863468170166
3,7,7,20,0.05457737445831299
3,7,7,22,0.054643654823303224
3,7,7,24,0.0554295539855957
3,7,7,26,0.06183438301086426
3,7,7,28,0.06256659030914306
3,7,7,30,0.058840274810791016
3,7,7,32,0.061981821060180665
3,7,7,34,0.06218726634979248
3,7,7,36,0.06102080345153808
3,7,7,38,0.061126422882080075
3,7,7,40,0.0645073413848877
3,7,8,2,0.1150395393371582
3,7,8,4,0.07279095649719239
3,7,8,6,0.0581355094909668
3,7,8,8,0.05338797569274902
3,7,8,10,0.05102376937866211
3,7,8,12,0.054252028465270996
3,7,8,14,0.05335910320281982
3,7,8,16,0.05623927116394043
3,7,8,18,0.0568122386932373
3,7,8,20,0.05577130317687988
3,7,8,22,0.055575776100158694
3,7,8,24,0.058871674537658694
3,7,8,26,0.06124274730682373
3,7,8,28,0.059420084953308104
3,7,8,30,0.06067991256713867
3,7,8,32,0.06039905548095703
3,7,8,34,0.06437654495239258
3,7,8,36,0.06213250160217285
3,7,8,38,0.05992910861968994
3,7,8,40,0.06504535675048828
3,8,0,1,0.20020103454589844
3,8,1,2,0.14475469589233397
3,8,1,4,0.10939836502075195
3,8,1,6,0.10033617019653321
3,8,1,8,0.09617362022399903
3,8,1,10,0.09606618881225586
3,8,1,12,0.0978435754776001
3,8,1,14,0.0965543270111084
3,8,1,16,0.09638476371765137
3,8,1,18,0.09559783935546876
3,8,1,20,0.09658560752868653
3,8,1,22,0.09539167881011963
3,8,1,24,0.09806733131408692
3,8,1,26,0.09761123657226563
3,8,1,28,0.0965989351272583
3,8,1,30,0.09845919609069824
3,8,1,32,0.09702143669128419
3,8,1,34,0.09520668983459472
3,8,1,36,0.09619250297546386
3,8,1,38,0.09602565765380859
3,8,1,40,0.09517550468444824
3,8,2,2,0.13731539249420166
3,8,2,4,0.08946068286895752
3,8,2,6,0.07535395622253419
3,8,2,8,0.06913471221923828
3,8,2,10,0.06805498600006103
3,8,2,12,0.06980137825012207
3,8,2,14,0.0717470407485962
3,8,2,16,0.07273483276367188
3,8,2,18,0.07382698059082031
3,8,2,20,0.0704688549041748
3,8,2,22,0.06911125183105468
3,8,2,24,0.07271044254302979
3,8,2,26,0.07113361358642578
3,8,2,28,0.07648391723632812
3,8,2,30,0.07412335872650147
3,8,2,32,0.07403135299682617
3,8,2,34,0.07641305923461914
3,8,2,36,0.07507164478302002
3,8,2,38,0.07844197750091553
3,8,2,40,0.07380738258361816
3,8,3,2,0.1451200246810913
3,8,3,4,0.0884476900100708
3,8,3,6,0.07325198650360107
3,8,3,8,0.06303539276123046
3,8,3,10,0.05982964038848877
3,8,3,12,0.0560492992401123
3,8,3,14,0.05631186962127686
3,8,3,16,0.06322658061981201
3,8,3,18,0.06138143539428711
3,8,3,20,0.05951261520385742
3,8,3,22,0.05942656993865967
3,8,3,24,0.06261498928070068
3,8,3,26,0.06634788513183594
3,8,3,28,0.06588511466979981
3,8,3,30,0.06560819149017334
3,8,3,32,0.06771602630615234
3,8,3,34,0.06912264823913575
3,8,3,36,0.06942570209503174
3,8,3,38,0.0686981201171875
3,8,3,40,0.07039163112640381
3,8,4,2,0.14560775756835936
3,8,4,4,0.09021334648132324
3,8,4,6,0.07196080684661865
3,8,4,8,0.058393335342407225
3,8,4,10,0.054521584510803224
3,8,4,12,0.055136251449584964
3,8,4,14,0.057389688491821286
3,8,4,16,0.055725717544555665
3,8,4,18,0.057224178314208986
3,8,4,20,0.05722804069519043
3,8,4,22,0.057810091972351076
3,8,4,24,0.06013133525848389
3,8,4,26,0.06171185970306396
3,8,4,28,0.06595101356506347
3,8,4,30,0.06723155975341796
3,8,4,32,0.06692936420440673
3,8,4,34,0.06588919162750244
3,8,4,36,0.06514518260955811
3,8,4,38,0.06841301918029785
3,8,4,40,0.06856315135955811
3,8,5,2,0.14389636516571044
3,8,5,4,0.08813772201538086
3,8,5,6,0.07228987216949463
3,8,5,8,0.05921027660369873
3,8,5,10,0.057308101654052736
3,8,5,12,0.056959795951843264
3,8,5,14,0.05392296314239502
3,8,5,16,0.05842461585998535
3,8,5,18,0.0598301887512207
3,8,5,20,0.05776834487915039
3,8,5,22,0.05985527038574219
3,8,5,24,0.06002750396728516
3,8,5,26,0.06469178199768066
3,8,5,28,0.06511580944061279
3,8,5,30,0.06774976253509521
3,8,5,32,0.06843111515045167
3,8,5,34,0.06759536266326904
3,8,5,36,0.06627039909362793
3,8,5,38,0.06799197196960449
3,8,5,40,0.06722643375396728
3,8,6,2,0.1557819128036499
3,8,6,4,0.09280345439910889
3,8,6,6,0.07047631740570068
3,8,6,8,0.06157095432281494
3,8,6,10,0.055669426918029785
3,8,6,12,0.05719990730285644
3,8,6,14,0.0561826229095459
3,8,6,16,0.05632398128509521
3,8,6,18,0.05836985111236572
3,8,6,20,0.06306989192962646
3,8,6,22,0.06151535511016846
3,8,6,24,0.06276919841766357
3,8,6,26,0.0657918930053711
3,8,6,28,0.06399493217468262
3,8,6,30,0.0646620512008667
3,8,6,32,0.0648688554763794
3,8,6,34,0.0658848762512207
3,8,6,36,0.06618115901947022
3,8,6,38,0.06664259433746338
3,8,6,40,0.0676128625869751
3,8,7,2,0.14596972465515137
3,8,7,4,0.08896512985229492
3,8,7,6,0.0722724199295044
3,8,7,8,0.06062395572662353
3,8,7,10,0.05767946243286133
3,8,7,12,0.05644025802612305
3,8,7,14,0.05606675148010254
3,8,7,16,0.05819969177246094
3,8,7,18,0.059392261505126956
3,8,7,20,0.058565187454223636
3,8,7,22,0.05911095142364502
3,8,7,24,0.060905861854553225
3,8,7,26,0.062466979026794434
3,8,7,28,0.06744258403778076
3,8,7,30,0.06423678398132324
3,8,7,32,0.06340150833129883
3,8,7,34,0.06924128532409668
3,8,7,36,0.0671339750289917
3,8,7,38,0.0659592866897583
3,8,7,40,0.06829404830932617
3,8,8,2,0.1459104061126709
3,8,8,4,0.08815765380859375
3,8,8,6,0.07078814506530762
3,8,8,8,0.06127297878265381
3,8,8,10,0.0559992790222168
3,8,8,12,0.05466108322143555
3,8,8,14,0.05458223819732666
3,8,8,16,0.05740299224853516
3,8,8,18,0.06020123958587646
3,8,8,20,0.05884284973144531
3,8,8,22,0.060834312438964845
3,8,8,24,0.060182785987854
3,8,8,26,0.06335985660552979
3,8,8,28,0.0630798578262329
3,8,8,30,0.06361222267150879
3,8,8,32,0.0652040719985962
3,8,8,34,0.06498131752014161
3,8,8,36,0.06697704792022705
3,8,8,38,0.06589963436126708
3,8,8,40,0.06873650550842285
3,9,0,1,0.23269484043121338
3,9,1,2,0.16163649559020996
3,9,1,4,0.11817364692687989
3,9,1,6,0.10420775413513184
3,9,1,8,0.10028529167175293
3,9,1,10,0.09852964878082275
3,9,1,12,0.09863924980163574
3,9,1,14,0.09967103004455566
3,9,1,16,0.09974908828735352
3,9,1,18,0.09999551773071289
3,9,1,20,0.098144793510437
3,9,1,22,0.09830281734466553
3,9,1,24,0.09945502281188964
3,9,1,26,0.09863409996032715
3,9,1,28,0.09902348518371581
3,9,1,30,0.09909400939941407
3,9,1,32,0.09818508625030517
3,9,1,34,0.09808294773101807
3,9,1,36,0.09881532192230225
3,9,1,38,0.09986894130706787
3,9,1,40,0.09822907447814941
3,9,2,2,0.15794308185577394
3,9,2,4,0.10434856414794921
3,9,2,6,0.09055697917938232
3,9,2,8,0.08307514190673829
3,9,2,10,0.0831610918045044
3,9,2,12,0.0837083101272583
3,9,2,14,0.08252017498016358
3,9,2,16,0.08561666011810302
3,9,2,18,0.08614072799682618
3,9,2,20,0.08322432041168212
3,9,2,22,0.08259007930755616
3,9,2,24,0.08287465572357178
3,9,2,26,0.08413560390472412
3,9,2,28,0.08925037384033203
3,9,2,30,0.08733375072479248
3,9,2,32,0.08810491561889648
3,9,2,34,0.09345471858978271
3,9,2,36,0.08976037502288818
3,9,2,38,0.08903284072875976
3,9,2,40,0.0899768352508545
3,9,3,2,0.16595382690429689
3,9,3,4,0.1040269374847412
3,9,3,6,0.08100254535675049
3,9,3,8,0.07098631858825684
3,9,3,10,0.06960809230804443
3,9,3,12,0.07208902835845947
3,9,3,14,0.07323811054229737
3,9,3,16,0.07054314613342286
3,9,3,18,0.07193832397460938
3,9,3,20,0.07309427261352539
3,9,3,22,0.07226345539093018
3,9,3,24,0.07428898811340331
3,9,3,26,0.07637364864349365
3,9,3,28,0.07673811912536621
3,9,3,30,0.07910780906677246
3,9,3,32,0.07832639217376709
3,9,3,34,0.07814891338348388
3,9,3,36,0.07828524112701415
3,9,3,38,0.08301301002502441
3,9,3,40,0.0807405948638916
3,9,4,2,0.16499707698822022
3,9,4,4,0.10165364742279052
3,9,4,6,0.07867867946624756
3,9,4,8,0.06768465042114258
3,9,4,10,0.06522884368896484
3,9,4,12,0.06622684001922607
3,9,4,14,0.06810562610626221
3,9,4,16,0.06627368927001953
3,9,4,18,0.0673938512802124
3,9,4,20,0.06762616634368897
3,9,4,22,0.06854588985443115
3,9,4,24,0.06799418926239013
3,9,4,26,0.07348711490631103
3,9,4,28,0.07532749176025391
3,9,4,30,0.07418088912963867
3,9,4,32,0.07630784511566162
3,9,4,34,0.07303578853607177
3,9,4,36,0.07279775142669678
3,9,4,38,0.07752532958984375
3,9,4,40,0.07465312480926514
3,9,5,2,0.17980144023895264
3,9,5,4,0.10499825477600097
3,9,5,6,0.08141872882843018
3,9,5,8,0.06922450065612792
3,9,5,10,0.06711907386779785
3,9,5,12,0.06650335788726806
3,9,5,14,0.06509525775909424
3,9,5,16,0.06746680736541748
3,9,5,18,0.06909124851226807
3,9,5,20,0.06737058162689209
3,9,5,22,0.07092545032501221
3,9,5,24,0.07047014236450196
3,9,5,26,0.06791489124298096
3,9,5,28,0.0710982322692871
3,9,5,30,0.07232530117034912
3,9,5,32,0.07322344779968262
3,9,5,34,0.0741910457611084
3,9,5,36,0.07583599090576172
3,9,5,38,0.07519137859344482
3,9,5,40,0.07890567779541016
3,9,6,2,0.1706458806991577
3,9,6,4,0.1028282880783081
3,9,6,6,0.08075950145721436
3,9,6,8,0.06970002651214599
3,9,6,10,0.06643760204315186
3,9,6,12,0.07101540565490723
3,9,6,14,0.0675762414932251
3,9,6,16,0.06797959804534912
3,9,6,18,0.0699376106262207
3,9,6,20,0.06874854564666748
3,9,6,22,0.0709846019744873
3,9,6,24,0.07272419929504395
3,9,6,26,0.0719834566116333
3,9,6,28,0.07185258865356445
3,9,6,30,0.07280116081237793
3,9,6,32,0.07445306777954101
3,9,6,34,0.07429647445678711
3,9,6,36,0.07568414211273193
3,9,6,38,0.07530293464660645
3,9,6,40,0.07781031131744384
3,9,7,2,0.16852147579193116
3,9,7,4,0.10331850051879883
3,9,7,6,0.08014466762542724
3,9,7,8,0.06783850193023681
3,9,7,10,0.06551544666290283
3,9,7,12,0.067108416557312
3,9,7,14,0.06429762840270996
3,9,7,16,0.06835253238677978
3,9,7,18,0.0678452730178833
3,9,7,20,0.06527276039123535
3,9,7,22,0.06762313842773438
3,9,7,24,0.0689476728439331
3,9,7,26,0.07129905223846436
3,9,7,28,0.06990914344787598
3,9,7,30,0.07277920246124267
3,9,7,32,0.0722055196762085
3,9,7,34,0.07331960201263428
3,9,7,36,0.07315654754638672
3,9,7,38,0.07536756992340088
3,9,7,40,0.07959244251251221
3,9,8,2,0.16891586780548096
3,9,8,4,0.10129015445709229
3,9,8,6,0.08034427165985107
3,9,8,8,0.06995940208435059
3,9,8,10,0.06576595306396485
3,9,8,12,0.06608102321624756
3,9,8,14,0.0653688669204712
3,9,8,16,0.06957056522369384
3,9,8,18,0.06724576950073242
3,9,8,20,0.06888563632965088
3,9,8,22,0.073555326461792
3,9,8,24,0.06976099014282226
3,9,8,26,0.07211694717407227
3,9,8,28,0.07666394710540772
3,9,8,30,0.07573704719543457
3,9,8,32,0.08017253875732422
3,9,8,34,0.07243282794952392
3,9,8,36,0.07561614513397216
3,9,8,38,0.07558240890502929
3,9,8,40,0.07539000511169433
3,10,0,1,0.3225270986557007
3,10,1,2,0.18562572002410888
3,10,1,4,0.14006648063659669
3,10,1,6,0.1347947359085083
3,10,1,8,0.13328726291656495
3,10,1,10,0.13397746086120604
3,10,1,12,0.13300089836120604
3,10,1,14,0.1339719295501709
3,10,1,16,0.1328436851501465
3,10,1,18,0.1342189073562622
3,10,1,20,0.13355376720428466
3,10,1,22,0.13223714828491212
3,10,1,24,0.13524219989776612
3,10,1,26,0.133500337600708
3,10,1,28,0.13355529308319092
3,10,1,30,0.13446295261383057
3,10,1,32,0.13249754905700684
3,10,1,34,0.13275771141052245
3,10,1,36,0.13345818519592284
3,10,1,38,0.13331317901611328
3,10,1,40,0.13377699851989747
3,10,2,2,0.18057470321655272
3,10,2,4,0.1200002908706665
3,10,2,6,0.10015578269958496
3,10,2,8,0.09766521453857421
3,10,2,10,0.09514665603637695
3,10,2,12,0.09810020923614501
3,10,2,14,0.09734911918640136
3,10,2,16,0.09993624687194824
3,10,2,18,0.09915227890014648
3,10,2,20,0.09642190933227539
3,10,2,22,0.09347012042999267
3,10,2,24,0.09575567245483399
3,10,2,26,0.09706156253814698
3,10,2,28,0.1015279769897461
3,10,2,30,0.0971914291381836
3,10,2,32,0.09882616996765137
3,10,2,34,0.10358879566192628
3,10,2,36,0.10238490104675294
3,10,2,38,0.10049359798431397
3,10,2,40,0.10506694316864014
3,10,3,2,0.1915724515914917
3,10,3,4,0.1176384449005127
3,10,3,6,0.09662508964538574
3,10,3,8,0.08490447998046875
3,10,3,10,0.07972140312194824
3,10,3,12,0.08343229293823243
3,10,3,14,0.08209631443023682
3,10,3,16,0.08576231002807617
3,10,3,18,0.08227543830871582
3,10,3,20,0.0847151517868042
3,10,3,22,0.08047523498535156
3,10,3,24,0.08493525981903076
3,10,3,26,0.08183512687683106
3,10,3,28,0.08880815505981446
3,10,3,30,0.08985869884490967
3,10,3,32,0.0887460470199585
3,10,3,34,0.0900538444519043
3,10,3,36,0.08970677852630615
3,10,3,38,0.08896822929382324
3,10,3,40,0.09194035530090332
3,10,4,2,0.1945032835006714
3,10,4,4,0.11611700057983398
3,10,4,6,0.09274718761444092
3,10,4,8,0.07858042716979981
3,10,4,10,0.0727616548538208
3,10,4,12,0.07352597713470459
3,10,4,14,0.07649803161621094
3,10,4,16,0.07969262599945068
3,10,4,18,0.07958948612213135
3,10,4,20,0.08157792091369628
3,10,4,22,0.07844252586364746
3,10,4,24,0.07913753986358643
3,10,4,26,0.08319082260131835
3,10,4,28,0.08540143966674804
3,10,4,30,0.08565478324890137
3,10,4,32,0.08445444107055664
3,10,4,34,0.08583624362945556
3,10,4,36,0.08659374713897705
3,10,4,38,0.0852768898010254
3,10,4,40,0.08687834739685059
3,10,5,2,0.19219231605529785
3,10,5,4,0.11811330318450927
3,10,5,6,0.09126689434051513
3,10,5,8,0.0766061782836914
3,10,5,10,0.07350015640258789
3,10,5,12,0.07588553428649902
3,10,5,14,0.07659969329833985
3,10,5,16,0.07772612571716309
3,10,5,18,0.07711951732635498
3,10,5,20,0.07913384437561036
3,10,5,22,0.07348682880401611
3,10,5,24,0.07954885959625244
3,10,5,26,0.08044989109039306
3,10,5,28,0.08070025444030762
3,10,5,30,0.08269608020782471
3,10,5,32,0.08653082847595214
3,10,5,34,0.08677873611450196
3,10,5,36,0.08835775852203369
3,10,5,38,0.08619279861450195
3,10,5,40,0.08862836360931396
3,10,6,2,0.195637845993042
3,10,6,4,0.12029972076416015
3,10,6,6,0.09506456851959229
3,10,6,8,0.07656626701354981
3,10,6,10,0.07556757926940919
3,10,6,12,0.0744586706161499
3,10,6,14,0.07606277465820313
3,10,6,16,0.07681989669799805
3,10,6,18,0.07681868076324463
3,10,6,20,0.07618796825408936
3,10,6,22,0.07902581691741943
3,10,6,24,0.07726509571075439
3,10,6,26,0.08197124004364013
3,10,6,28,0.08198440074920654
3,10,6,30,0.08536672592163086
3,10,6,32,0.08718135356903076
3,10,6,34,0.08287489414215088
3,10,6,36,0.08232934474945068
3,10,6,38,0.08613827228546142
3,10,6,40,0.08823497295379638
3,10,7,2,0.2066542387008667
3,10,7,4,0.12210700511932374
3,10,7,6,0.09390618801116943
3,10,7,8,0.08031954765319824
3,10,7,10,0.07378129959106446
3,10,7,12,0.07673280239105225
3,10,7,14,0.07660098075866699
3,10,7,16,0.077266263961792
3,10,7,18,0.07848308086395264
3,10,7,20,0.0805499792098999
3,10,7,22,0.07566640377044678
3,10,7,24,0.0781315803527832
3,10,7,26,0.08196442127227783
3,10,7,28,0.08061096668243409
3,10,7,30,0.0844949722290039
3,10,7,32,0.08296949863433838
3,10,7,34,0.08484134674072266
3,10,7,36,0.08698194026947022
3,10,7,38,0.08529586791992187
3,10,7,40,0.08697896003723145
3,10,8,2,0.18917853832244874
3,10,8,4,0.1177137851715088
3,10,8,6,0.09427788257598876
3,10,8,8,0.07659239768981933
3,10,8,10,0.0718994379043579
3,10,8,12,0.07461009025573731
3,10,8,14,0.071712327003479
3,10,8,16,0.075683331489563
3,10,8,18,0.07758870124816894
3,10,8,20,0.07666478157043458
3,10,8,22,0.07694437503814697
3,10,8,24,0.07707819938659669
3,10,8,26,0.07874505519866944
3,10,8,28,0.08153071403503417
3,10,8,30,0.08133633136749267
3,10,8,32,0.08269956111907958
3,10,8,34,0.08276870250701904
3,10,8,36,0.08517391681671142
3,10,8,38,0.0862302303314209
3,10,8,40,0.08288023471832276
3,11,0,1,0.4020207166671753
3,11,1,2,0.2689180850982666
3,11,1,4,0.19088339805603027
3,11,1,6,0.16602764129638672
3,11,1,8,0.15927884578704835
3,11,1,10,0.16063470840454103
3,11,1,12,0.1591492176055908
3,11,1,14,0.15925264358520508
3,11,1,16,0.1586388349533081
3,11,1,18,0.15801587104797363
3,11,1,20,0.15760576725006104
3,11,1,22,0.15794816017150878
3,11,1,24,0.15697033405303956
3,11,1,26,0.15688619613647461
3,11,1,28,0.156830358505249
3,11,1,30,0.1580188274383545
3,11,1,32,0.1576828956604004
3,11,1,34,0.15799026489257811
3,11,1,36,0.15887348651885985
3,11,1,38,0.15784187316894532
3,11,1,40,0.15833063125610353
3,11,2,2,0.2518160343170166
3,11,2,4,0.15945370197296144
3,11,2,6,0.13985567092895507
3,11,2,8,0.12455649375915527
3,11,2,10,0.1189039945602417
3,11,2,12,0.118210768699646
3,11,2,14,0.11618597507476806
3,11,2,16,0.13279225826263427
3,11,2,18,0.11945619583129882
3,11,2,20,0.11714479923248292
3,11,2,22,0.12088429927825928
3,11,2,24,0.11901764869689942
3,11,2,26,0.12200675010681153
3,11,2,28,0.12129330635070801
3,11,2,30,0.12489221096038819
3,11,2,32,0.12175049781799316
3,11,2,34,0.1277641773223877
3,11,2,36,0.1241140604019165
3,11,2,38,0.1275010585784912
3,11,2,40,0.12570886611938475
3,11,3,2,0.2644035339355469
3,11,3,4,0.1621225118637085
3,11,3,6,0.13439383506774902
3,11,3,8,0.11128504276275634
3,11,3,10,0.10115110874176025
3,11,3,12,0.10366597175598144
3,11,3,14,0.10221333503723144
3,11,3,16,0.10585417747497558
3,11,3,18,0.10415935516357422
3,11,3,20,0.09968953132629395
3,11,3,22,0.09791777133941651
3,11,3,24,0.1026449203491211
3,11,3,26,0.10205948352813721
3,11,3,28,0.10359609127044678
3,11,3,30,0.10532441139221191
3,11,3,32,0.10615081787109375
3,11,3,34,0.10474777221679688
3,11,3,36,0.10870685577392578
3,11,3,38,0.10818490982055665
3,11,3,40,0.11302394866943359
3,11,4,2,0.2760376691818237
3,11,4,4,0.1657331943511963
3,11,4,6,0.13110096454620362
3,11,4,8,0.11008186340332031
3,11,4,10,0.10085585117340087
3,11,4,12,0.09915964603424073
3,11,4,14,0.09839918613433837
3,11,4,16,0.09794447422027588
3,11,4,18,0.10099313259124756
3,11,4,20,0.0957632303237915
3,11,4,22,0.09534218311309814
3,11,4,24,0.10059120655059814
3,11,4,26,0.09975166320800781
3,11,4,28,0.10215599536895752
3,11,4,30,0.09980182647705078
3,11,4,32,0.10114367008209228
3,11,4,34,0.10147151947021485
3,11,4,36,0.10203580856323242
3,11,4,38,0.10574576854705811
3,11,4,40,0.10604753494262695
3,11,5,2,0.2895150899887085
3,11,5,4,0.16683189868927
3,11,5,6,0.13158881664276123
3,11,5,8,0.10933282375335693
3,11,5,10,0.09632008075714112
3,11,5,12,0.09987308979034423
3,11,5,14,0.09952366352081299
3,11,5,16,0.09726526737213134
3,11,5,18,0.09563488960266113
3,11,5,20,0.096417236328125
3,11,5,22,0.09646706581115723
3,11,5,24,0.09712450504302979
3,11,5,26,0.10103607177734375
3,11,5,28,0.09906997680664062
3,11,5,30,0.10028822422027588
3,11,5,32,0.10807626247406006
3,11,5,34,0.10464613437652588
3,11,5,36,0.09948413372039795
3,11,5,38,0.1044968843460083
3,11,5,40,0.10635056495666503
3,11,6,2,0.26873810291290284
3,11,6,4,0.1665478229522705
3,11,6,6,0.12732620239257814
3,11,6,8,0.11148500442504883
3,11,6,10,0.1001814603805542
3,11,6,12,0.10002274513244629
3,11,6,14,0.0964247465133667
3,11,6,16,0.09748766422271729
3,11,6,18,0.09905059337615967
3,11,6,20,0.09623489379882813
3,11,6,22,0.09323818683624267
3,11,6,24,0.09837238788604737
3,11,6,26,0.09792754650115967
3,11,6,28,0.10188083648681641
3,11,6,30,0.1013913869857788
3,11,6,32,0.10198400020599366
3,11,6,34,0.10302922725677491
3,11,6,36,0.10385918617248535
3,11,6,38,0.10475268363952636
3,11,6,40,0.10800349712371826
3,11,7,2,0.2756208896636963
3,11,7,4,0.16861085891723632
3,11,7,6,0.1314415454864502
3,11,7,8,0.10887987613677978
3,11,7,10,0.10311734676361084
3,11,7,12,0.1009706974029541
3,11,7,14,0.097285795211792
3,11,7,16,0.09841029644012451
3,11,7,18,0.0915264368057251
3,11,7,20,0.09570798873901368
3,11,7,22,0.09274499416351319
3,11,7,24,0.09701793193817139
3,11,7,26,0.0995074987411499
3,11,7,28,0.09738490581512452
3,11,7,30,0.10108582973480225
3,11,7,32,0.1026383638381958
3,11,7,34,0.10443916320800781
3,11,7,36,0.10143454074859619
3,11,7,38,0.10556364059448242
3,11,7,40,0.10683989524841309
3,11,8,2,0.2766359090805054
3,11,8,4,0.16640925407409668
3,11,8,6,0.13265774250030518
3,11,8,8,0.11148529052734375
3,11,8,10,0.10296850204467774
3,11,8,12,0.09916069507598876
3,11,8,14,0.0976292371749878
3,11,8,16,0.09729590415954589
3,11,8,18,0.09459447860717773
3,11,8,20,0.09275689125061035
3,11,8,22,0.10139725208282471
3,11,8,24,0.10021612644195557
3,11,8,26,0.09920976161956788
3,11,8,28,0.10010888576507568
3,11,8,30,0.10097601413726806
3,11,8,32,0.10070879459381103
3,11,8,34,0.1020158052444458
3,11,8,36,0.10580909252166748
3,11,8,38,0.1079361915588379
3,11,8,40,0.10579447746276856
3,12,0,1,0.47066693305969237
3,12,1,2,0.26182870864868163
3,12,1,4,0.19015042781829833
3,12,1,6,0.16481466293334962
3,12,1,8,0.15360360145568847
3,12,1,10,0.15313310623168946
3,12,1,12,0.1533738136291504
3,12,1,14,0.153043532371521
3,12,1,16,0.15369420051574706
3,12,1,18,0.15219640731811523
3,12,1,20,0.15251169204711915
3,12,1,22,0.15424869060516358
3,12,1,24,0.1531691551208496
3,12,1,26,0.15315890312194824
3,12,1,28,0.15342144966125487
3,12,1,30,0.15310215950012207
3,12,1,32,0.15350127220153809
3,12,1,34,0.1537384033203125
3,12,1,36,0.15440123081207274
3,12,1,38,0.1537332534790039
3,12,1,40,0.15391738414764405
3,12,2,2,0.2596956729888916
3,12,2,4,0.1670603036880493
3,12,2,6,0.1380321741104126
3,12,2,8,0.12798287868499755
3,12,2,10,0.11928000450134277
3,12,2,12,0.11628143787384033
3,12,2,14,0.11482977867126465
3,12,2,16,0.1166001319885254
3,12,2,18,0.11691098213195801
3,12,2,20,0.11080520153045655
3,12,2,22,0.11095199584960938
3,12,2,24,0.11593132019042969
3,12,2,26,0.11583490371704101
3,12,2,28,0.11488182544708252
3,12,2,30,0.11696503162384034
3,12,2,32,0.11922805309295655
3,12,2,34,0.11664130687713622
3,12,2,36,0.11999747753143311
3,12,2,38,0.12150959968566895
3,12,2,40,0.11897234916687012
3,12,3,2,0.26782073974609377
3,12,3,4,0.15722546577453614
3,12,3,6,0.12899558544158934
3,12,3,8,0.11196303367614746
3,12,3,10,0.10667550563812256
3,12,3,12,0.1018831729888916
3,12,3,14,0.09598236083984375
3,12,3,16,0.09848294258117676
3,12,3,18,0.09587156772613525
3,12,3,20,0.09502735137939453
3,12,3,22,0.09504096508026123
3,12,3,24,0.09784698486328125
3,12,3,26,0.09654040336608886
3,12,3,28,0.09827141761779785
3,12,3,30,0.09832260608673096
3,12,3,32,0.10074973106384277
3,12,3,34,0.10279228687286376
3,12,3,36,0.10360028743743896
3,12,3,38,0.10412094593048096
3,12,3,40,0.10401277542114258
3,12,4,2,0.2709768056869507
3,12,4,4,0.1641087293624878
3,12,4,6,0.12842321395874023
3,12,4,8,0.10688707828521729
3,12,4,10,0.09747979640960694
3,12,4,12,0.09244632720947266
3,12,4,14,0.08698556423187256
3,12,4,16,0.09154644012451171
3,12,4,18,0.09114935398101806
3,12,4,20,0.08828411102294922
3,12,4,22,0.09337496757507324
3,12,4,24,0.09238162040710449
3,12,4,26,0.09005789756774903
3,12,4,28,0.09116489887237549
3,12,4,30,0.09373111724853515
3,12,4,32,0.09967701435089112
3,12,4,34,0.09867746829986572
3,12,4,36,0.09949054718017578
3,12,4,38,0.1003950595855713
3,12,4,40,0.10410161018371582
3,12,5,2,0.2719780683517456
3,12,5,4,0.16209948062896729
3,12,5,6,0.12429964542388916
3,12,5,8,0.10864896774291992
3,12,5,10,0.0967677116394043
3,12,5,12,0.09173901081085205
3,12,5,14,0.08926265239715576
3,12,5,16,0.09082973003387451
3,12,5,18,0.09133927822113037
3,12,5,20,0.08660447597503662
3,12,5,22,0.08931708335876465
3,12,5,24,0.09013454914093018
3,12,5,26,0.09437360763549804
3,12,5,28,0.09378879070281983
3,12,5,30,0.09620974063873292
3,12,5,32,0.09631578922271729
3,12,5,34,0.0961493968963623
3,12,5,36,0.09840865135192871
3,12,5,38,0.10434300899505615
3,12,5,40,0.10195326805114746
3,12,6,2,0.27418520450592043
3,12,6,4,0.16316545009613037
3,12,6,6,0.12388074398040771
3,12,6,8,0.1049997091293335
3,12,6,10,0.09852035045623779
3,12,6,12,0.09315545558929443
3,12,6,14,0.09115161895751953
3,12,6,16,0.09189305305480958
3,12,6,18,0.0908442497253418
3,12,6,20,0.08721380233764649
3,12,6,22,0.08890247344970703
3,12,6,24,0.09131515026092529
3,12,6,26,0.09031774997711181
3,12,6,28,0.09158220291137695
3,12,6,30,0.09491934776306152
3,12,6,32,0.0939361572265625
3,12,6,34,0.09708325862884522
3,12,6,36,0.10053963661193847
3,12,6,38,0.09757716655731201
3,12,6,40,0.10310006141662598
3,12,7,2,0.27068133354187013
3,12,7,4,0.16089897155761718
3,12,7,6,0.12365658283233642
3,12,7,8,0.10363869667053223
3,12,7,10,0.09748845100402832
3,12,7,12,0.09606344699859619
3,12,7,14,0.08903071880340577
3,12,7,16,0.09124953746795654
3,12,7,18,0.08770947456359864
3,12,7,20,0.08728933334350586
3,12,7,22,0.09379768371582031
3,12,7,24,0.09230544567108154
3,12,7,26,0.09580647945404053
3,12,7,28,0.09055964946746826
3,12,7,30,0.09878122806549072
3,12,7,32,0.09750957489013672
3,12,7,34,0.09781429767608643
3,12,7,36,0.0990938425064087
3,12,7,38,0.09869294166564942
3,12,7,40,0.09862344264984131
3,12,8,2,0.2836883068084717
3,12,8,4,0.1652749300003052
3,12,8,6,0.124029541015625
3,12,8,8,0.11040644645690918
3,12,8,10,0.09757153987884522
3,12,8,12,0.0920832633972168
3,12,8,14,0.09271705150604248
3,12,8,16,0.09060101509094239
3,12,8,18,0.09045829772949218
3,12,8,20,0.08746912479400634
3,12,8,22,0.09142873287200928
3,12,8,24,0.0940871000289917
3,12,8,26,0.09234054088592529
3,12,8,28,0.09450366497039794
3,12,8,30,0.0991889476776123
3,12,8,32,0.09942419528961181
3,12,8,34,0.09924085140228271
3,12,8,36,0.09975013732910157
3,12,8,38,0.10048019886016846
3,12,8,40,0.09950637817382812
3,13,0,1,0.511107349395752
3,13,1,2,0.32355167865753176
3,13,1,4,0.2274501085281372
3,13,1,6,0.19693138599395751
3,13,1,8,0.17672526836395264
3,13,1,10,0.1776146411895752
3,13,1,12,0.17612912654876708
3,13,1,14,0.17578423023223877
3,13,1,16,0.17693727016448973
3,13,1,18,0.17613539695739747
3,13,1,20,0.17697737216949463
3,13,1,22,0.17570078372955322
3,13,1,24,0.1761863946914673
3,13,1,26,0.17678940296173096
3,13,1,28,0.1767108201980591
3,13,1,30,0.17604539394378663
3,13,1,32,0.17568566799163818
3,13,1,34,0.17596948146820068
3,13,1,36,0.17652652263641358
3,13,1,38,0.1752091407775879
3,13,1,40,0.17553987503051757
3,13,2,2,0.3132113695144653
3,13,2,4,0.19817378520965576
3,13,2,6,0.1556614398956299
3,13,2,8,0.13860094547271729
3,13,2,10,0.12851386070251464
3,13,2,12,0.12659196853637694
3,13,2,14,0.12784371376037598
3,13,2,16,0.12554993629455566
3,13,2,18,0.13062171936035155
3,13,2,20,0.12532331943511962
3,13,2,22,0.1302194118499756
3,13,2,24,0.1299084186553955
3,13,2,26,0.13168537616729736
3,13,2,28,0.13091683387756348
3,13,2,30,0.1328972578048706
3,13,2,32,0.13954122066497804
3,13,2,34,0.13822653293609619
3,13,2,36,0.13833279609680177
3,13,2,38,0.14012506008148193
3,13,2,40,0.13888154029846192
3,13,3,2,0.3250988245010376
3,13,3,4,0.19724030494689943
3,13,3,6,0.15146050453186036
3,13,3,8,0.1289365768432617
3,13,3,10,0.11494359970092774
3,13,3,12,0.11883311271667481
3,13,3,14,0.11324234008789062
3,13,3,16,0.11555235385894776
3,13,3,18,0.11487629413604736
3,13,3,20,0.10827932357788086
3,13,3,22,0.10723974704742431
3,13,3,24,0.11002242565155029
3,13,3,26,0.10942401885986328
3,13,3,28,0.1146242380142212
3,13,3,30,0.11101932525634765
3,13,3,32,0.1176192045211792
3,13,3,34,0.11669518947601318
3,13,3,36,0.11753172874450683
3,13,3,38,0.12013101577758789
3,13,3,40,0.11976227760314942
3,13,4,2,0.33094358444213867
3,13,4,4,0.1978386163711548
3,13,4,6,0.1490185022354126
3,13,4,8,0.12692065238952638
3,13,4,10,0.114223051071167
3,13,4,12,0.11297602653503418
3,13,4,14,0.10879724025726319
3,13,4,16,0.10807147026062011
3,13,4,18,0.1076237440109253
3,13,4,20,0.10653862953186036
3,13,4,22,0.10478370189666748
3,13,4,24,0.10705933570861817
3,13,4,26,0.1093216896057129
3,13,4,28,0.11089565753936767
3,13,4,30,0.10955705642700195
3,13,4,32,0.10903697013854981
3,13,4,34,0.11262009143829346
3,13,4,36,0.11075732707977295
3,13,4,38,0.11703414916992187
3,13,4,40,0.11585240364074707
3,13,5,2,0.3356088876724243
3,13,5,4,0.19550755023956298
3,13,5,6,0.1510817289352417
3,13,5,8,0.12554490566253662
3,13,5,10,0.11310696601867676
3,13,5,12,0.11302599906921387
3,13,5,14,0.10473778247833251
3,13,5,16,0.10764577388763427
3,13,5,18,0.10764825344085693
3,13,5,20,0.10057003498077392
3,13,5,22,0.10380971431732178
3,13,5,24,0.10476512908935547
3,13,5,26,0.10576119422912597
3,13,5,28,0.10820426940917968
3,13,5,30,0.1099498987197876
3,13,5,32,0.1086517333984375
3,13,5,34,0.11376364231109619
3,13,5,36,0.11289176940917969
3,13,5,38,0.11578295230865479
3,13,5,40,0.11552152633666993
3,13,6,2,0.35156447887420655
3,13,6,4,0.2003101587295532
3,13,6,6,0.1506810665130615
3,13,6,8,0.12423853874206543
3,13,6,10,0.11619210243225098
3,13,6,12,0.11121320724487305
3,13,6,14,0.10820770263671875
3,13,6,16,0.10952620506286621
3,13,6,18,0.105403733253479
3,13,6,20,0.10190365314483643
3,13,6,22,0.1058795690536499
3,13,6,24,0.11013355255126953
3,13,6,26,0.10695874691009521
3,13,6,28,0.10913951396942138
3,13,6,30,0.10844035148620605
3,13,6,32,0.11238737106323242
3,13,6,34,0.11539533138275146
3,13,6,36,0.11818828582763671
3,13,6,38,0.11250910758972169
3,13,6,40,0.1156766653060913
3,13,7,2,0.33227360248565674
3,13,7,4,0.19882576465606688
3,13,7,6,0.15157272815704345
3,13,7,8,0.12678155899047852
3,13,7,10,0.11809368133544922
3,13,7,12,0.11187520027160644
3,13,7,14,0.10978782176971436
3,13,7,16,0.10632679462432862
3,13,7,18,0.10451505184173585
3,13,7,20,0.10312366485595703
3,13,7,22,0.1109464168548584
3,13,7,24,0.10345246791839599
3,13,7,26,0.1076847791671753
3,13,7,28,0.11027448177337647
3,13,7,30,0.10795483589172364
3,13,7,32,0.11163418292999268
3,13,7,34,0.11078820228576661
3,13,7,36,0.11233048439025879
3,13,7,38,0.11411087512969971
3,13,7,40,0.11685140132904052
3,13,8,2,0.3336974620819092
3,13,8,4,0.19721269607543945
3,13,8,6,0.15154287815093995
3,13,8,8,0.12515542507171631
3,13,8,10,0.11277871131896973
3,13,8,12,0.10948212146759033
3,13,8,14,0.10759084224700928
3,13,8,16,0.1089104413986206
3,13,8,18,0.10380837917327881
3,13,8,20,0.1037407398223877
3,13,8,22,0.10680978298187256
3,13,8,24,0.10374455451965332
3,13,8,26,0.11154799461364746
3,13,8,28,0.10810487270355225
3,13,8,30,0.10864841938018799
3,13,8,32,0.11178226470947265
3,13,8,34,0.11192450523376465
3,13,8,36,0.11079540252685546
3,13,8,38,0.11341257095336914
3,13,8,40,0.11564021110534668
3,14,0,1,0.5822962045669555
3,14,1,2,0.37613849639892577
3,14,1,4,0.2648348808288574
3,14,1,6,0.23853485584259032
3,14,1,8,0.21515731811523436
3,14,1,10,0.20959737300872802
3,14,1,12,0.2095489978790283
3,14,1,14,0.20890839099884034
3,14,1,16,0.20979020595550538
3,14,1,18,0.20963091850280763
3,14,1,20,0.2096036672592163
3,14,1,22,0.20999481678009033
3,14,1,24,0.20836775302886962
3,14,1,26,0.2089935302734375
3,14,1,28,0.20986266136169435
3,14,1,30,0.21019344329833983
3,14,1,32,0.20994167327880858
3,14,1,34,0.20926182270050048
3,14,1,36,0.20965030193328857
3,14,1,38,0.20985791683197022
3,14,1,40,0.20953450202941895
3,14,2,2,0.35135109424591066
3,14,2,4,0.22762155532836914
3,14,2,6,0.18854727745056152
3,14,2,8,0.1574016809463501
3,14,2,10,0.14589858055114746
3,14,2,12,0.1465851068496704
3,14,2,14,0.1458533525466919
3,14,2,16,0.1449857234954834
3,14,2,18,0.14631328582763672
3,14,2,20,0.14357264041900636
3,14,2,22,0.1464712381362915
3,14,2,24,0.15142321586608887
3,14,2,26,0.15551974773406982
3,14,2,28,0.15368683338165284
3,14,2,30,0.15153725147247316
3,14,2,32,0.15600206851959228
3,14,2,34,0.15543181896209718
3,14,2,36,0.15975768566131593
3,14,2,38,0.15662012100219727
3,14,2,40,0.16022131443023682
3,14,3,2,0.3661224126815796
3,14,3,4,0.21832711696624757
3,14,3,6,0.16504642963409424
3,14,3,8,0.13767144680023194
3,14,3,10,0.1256101608276367
3,14,3,12,0.12629079818725586
3,14,3,14,0.12239103317260742
3,14,3,16,0.1227524757385254
3,14,3,18,0.120619797706604
3,14,3,20,0.1179931640625
3,14,3,22,0.11854381561279297
3,14,3,24,0.12045371532440186
3,14,3,26,0.12480177879333496
3,14,3,28,0.12084803581237794
3,14,3,30,0.122170090675354
3,14,3,32,0.12375726699829101
3,14,3,34,0.12703237533569336
3,14,3,36,0.12981929779052734
3,14,3,38,0.12715375423431396
3,14,3,40,0.12705841064453124
3,14,4,2,0.37495899200439453
3,14,4,4,0.21846408843994142
3,14,4,6,0.16674387454986572
3,14,4,8,0.14035234451293946
3,14,4,10,0.12553372383117675
3,14,4,12,0.12224688529968261
3,14,4,14,0.11716668605804444
3,14,4,16,0.11947922706604004
3,14,4,18,0.11458714008331299
3,14,4,20,0.1146395444869995
3,14,4,22,0.11560368537902832
3,14,4,24,0.11519074440002441
3,14,4,26,0.11657764911651611
3,14,4,28,0.11708540916442871
3,14,4,30,0.12365970611572266
3,14,4,32,0.12229952812194825
3,14,4,34,0.12452480792999268
3,14,4,36,0.12382829189300537
3,14,4,38,0.12654719352722169
3,14,4,40,0.1254636526107788
3,14,5,2,0.37538871765136717
3,14,5,4,0.22000713348388673
3,14,5,6,0.17273352146148682
3,14,5,8,0.14144492149353027
3,14,5,10,0.12491335868835449
3,14,5,12,0.12054402828216552
3,14,5,14,0.11556665897369385
3,14,5,16,0.11967959403991699
3,14,5,18,0.11799662113189698
3,14,5,20,0.11468520164489746
3,14,5,22,0.1141610860824585
3,14,5,24,0.11730108261108399
3,14,5,26,0.11679065227508545
3,14,5,28,0.11985199451446533
3,14,5,30,0.11890764236450195
3,14,5,32,0.11968863010406494
3,14,5,34,0.1247542142868042
3,14,5,36,0.12375860214233399
3,14,5,38,0.12222654819488525
3,14,5,40,0.1257556200027466
3,14,6,2,0.3817162990570068
3,14,6,4,0.22344660758972168
3,14,6,6,0.17299020290374756
3,14,6,8,0.14301884174346924
3,14,6,10,0.12752351760864258
3,14,6,12,0.12907681465148926
3,14,6,14,0.12261438369750977
3,14,6,16,0.12223582267761231
3,14,6,18,0.11552367210388184
3,14,6,20,0.11494250297546386
3,14,6,22,0.11652719974517822
3,14,6,24,0.11945278644561767
3,14,6,26,0.11782474517822265
3,14,6,28,0.11544587612152099
3,14,6,30,0.12016384601593018
3,14,6,32,0.1183305025100708
3,14,6,34,0.1245621919631958
3,14,6,36,0.12375524044036865
3,14,6,38,0.12303774356842041
3,14,6,40,0.12427752017974854
3,14,7,2,0.3756385564804077
3,14,7,4,0.2225435495376587
3,14,7,6,0.17043702602386473
3,14,7,8,0.14274842739105226
3,14,7,10,0.12684829235076905
3,14,7,12,0.11900222301483154
3,14,7,14,0.11739850044250488
3,14,7,16,0.11228351593017578
3,14,7,18,0.11779994964599609
3,14,7,20,0.11597929000854493
3,14,7,22,0.12013661861419678
3,14,7,24,0.11682586669921875
3,14,7,26,0.11507539749145508
3,14,7,28,0.11824536323547363
3,14,7,30,0.12208366394042969
3,14,7,32,0.11892540454864502
3,14,7,34,0.12107737064361572
3,14,7,36,0.12541801929473878
3,14,7,38,0.12543051242828368
3,14,7,40,0.1278521776199341
3,14,8,2,0.39286701679229735
3,14,8,4,0.2241831064224243
3,14,8,6,0.17568786144256593
3,14,8,8,0.14903576374053956
3,14,8,10,0.13317513465881348
3,14,8,12,0.12470495700836182
3,14,8,14,0.12021245956420898
3,14,8,16,0.1186370611190796
3,14,8,18,0.11689081192016601
3,14,8,20,0.12084248065948486
3,14,8,22,0.11794767379760743
3,14,8,24,0.11639468669891358
3,14,8,26,0.12037014961242676
3,14,8,28,0.11964452266693115
3,14,8,30,0.12137620449066162
3,14,8,32,0.12257905006408691
3,14,8,34,0.1202930212020874
3,14,8,36,0.12239916324615478
3,14,8,38,0.1261979818344116
3,14,8,40,0.12675838470458983
3,15,0,1,0.7147855043411255
3,15,1,2,0.4230532646179199
3,15,1,4,0.29618358612060547
3,15,1,6,0.2674294710159302
3,15,1,8,0.23376975059509278
3,15,1,10,0.23236868381500245
3,15,1,12,0.23385155200958252
3,15,1,14,0.23235650062561036
3,15,1,16,0.23174138069152833
3,15,1,18,0.23220863342285156
3,15,1,20,0.2323704957962036
3,15,1,22,0.2322457790374756
3,15,1,24,0.2369074583053589
3,15,1,26,0.23828673362731934
3,15,1,28,0.23754022121429444
3,15,1,30,0.23894014358520507
3,15,1,32,0.23741364479064941
3,15,1,34,0.2319204330444336
3,15,1,36,0.23248803615570068
3,15,1,38,0.23140873908996581
3,15,1,40,0.23221335411071778
3,15,2,2,0.42832863330841064
3,15,2,4,0.26679015159606934
3,15,2,6,0.2143171548843384
3,15,2,8,0.18583898544311522
3,15,2,10,0.18003156185150146
3,15,2,12,0.17362070083618164
3,15,2,14,0.16645448207855223
3,15,2,16,0.16578969955444336
3,15,2,18,0.16833930015563964
3,15,2,20,0.16550796031951903
3,15,2,22,0.17089760303497314
3,15,2,24,0.16876568794250488
3,15,2,26,0.1729670286178589
3,15,2,28,0.1773022174835205
3,15,2,30,0.17254164218902587
3,15,2,32,0.17620248794555665
3,15,2,34,0.17811152935028077
3,15,2,36,0.17417967319488525
3,15,2,38,0.17213890552520753
3,15,2,40,0.17527096271514891
3,15,3,2,0.4403043508529663
3,15,3,4,0.2682809829711914
3,15,3,6,0.20330824851989746
3,15,3,8,0.17739400863647461
3,15,3,10,0.16643824577331542
3,15,3,12,0.1519796371459961
3,15,3,14,0.14946317672729492
3,15,3,16,0.14922399520874025
3,15,3,18,0.14579267501831056
3,15,3,20,0.14153802394866943
3,15,3,22,0.14101240634918213
3,15,3,24,0.14674954414367675
3,15,3,26,0.14891328811645507
3,15,3,28,0.14865081310272216
3,15,3,30,0.14749507904052733
3,15,3,32,0.15027141571044922
3,15,3,34,0.15122733116149903
3,15,3,36,0.1533975124359131
3,15,3,38,0.15279459953308105
3,15,3,40,0.15719914436340332
3,15,4,2,0.44850709438323977
3,15,4,4,0.26534759998321533
3,15,4,6,0.20429205894470215
3,15,4,8,0.17254366874694824
3,15,4,10,0.1590275764465332
3,15,4,12,0.14770715236663817
3,15,4,14,0.14636492729187012
3,15,4,16,0.14558117389678954
3,15,4,18,0.1382192850112915
3,15,4,20,0.13772962093353272
3,15,4,22,0.1332988977432251
3,15,4,24,0.13590583801269532
3,15,4,26,0.13855335712432862
3,15,4,28,0.13996152877807616
3,15,4,30,0.13268816471099854
3,15,4,32,0.1381598472595215
3,15,4,34,0.14310131072998047
3,15,4,36,0.1456164836883545
3,15,4,38,0.1441321849822998
3,15,4,40,0.14389567375183104
3,15,5,2,0.45019557476043703
3,15,5,4,0.2648897409439087
3,15,5,6,0.1984605073928833
3,15,5,8,0.17213294506072999
3,15,5,10,0.15793702602386475
3,15,5,12,0.15015556812286376
3,15,5,14,0.14289181232452391
3,15,5,16,0.13837130069732667
3,15,5,18,0.13827414512634278
3,15,5,20,0.1308656692504883
3,15,5,22,0.13167071342468262
3,15,5,24,0.13394227027893066
3,15,5,26,0.13112447261810303
3,15,5,28,0.13699676990509033
3,15,5,30,0.136816143989563
3,15,5,32,0.14112405776977538
3,15,5,34,0.1389219045639038
3,15,5,36,0.14179232120513915
3,15,5,38,0.13785786628723146
3,15,5,40,0.14106581211090088
3,15,6,2,0.4535020112991333
3,15,6,4,0.26788721084594724
3,15,6,6,0.19781110286712647
3,15,6,8,0.16856541633605956
3,15,6,10,0.15798399448394776
3,15,6,12,0.148134183883667
3,15,6,14,0.14139921665191652
3,15,6,16,0.13635749816894532
3,15,6,18,0.130745005607605
3,15,6,20,0.12848198413848877
3,15,6,22,0.13344502449035645
3,15,6,24,0.13480567932128906
3,15,6,26,0.13673770427703857
3,15,6,28,0.13836686611175536
3,15,6,30,0.13732922077178955
3,15,6,32,0.1360992670059204
3,15,6,34,0.14075868129730223
3,15,6,36,0.1405015230178833
3,15,6,38,0.14294142723083497
3,15,6,40,0.14220685958862306
3,15,7,2,0.44999992847442627
3,15,7,4,0.28613879680633547
3,15,7,6,0.2114582061767578
3,15,7,8,0.1792375087738037
3,15,7,10,0.16402597427368165
3,15,7,12,0.15300817489624025
3,15,7,14,0.14204018115997313
3,15,7,16,0.13992047309875488
3,15,7,18,0.13497753143310548
3,15,7,20,0.13355305194854736
3,15,7,22,0.1403053045272827
3,15,7,24,0.14172978401184083
3,15,7,26,0.13730390071868898
3,15,7,28,0.13790524005889893
3,15,7,30,0.1384340524673462
3,15,7,32,0.14107587337493896
3,15,7,34,0.1415346622467041
3,15,7,36,0.15226879119873046
3,15,7,38,0.14593021869659423
3,15,7,40,0.15336978435516357
3,15,8,2,0.4690544128417969
3,15,8,4,0.27817862033843993
3,15,8,6,0.21136608123779296
3,15,8,8,0.17752480506896973
3,15,8,10,0.165132474899292
3,15,8,12,0.14487237930297853
3,15,8,14,0.14251720905303955
3,15,8,16,0.1383540153503418
3,15,8,18,0.13514914512634277
3,15,8,20,0.12829699516296386
3,15,8,22,0.134661865234375
3,15,8,24,0.1326122283935547
3,15,8,26,0.1368501901626587
3,15,8,28,0.13874671459197999
3,15,8,30,0.13853976726531983
3,15,8,32,0.13741724491119384
3,15,8,34,0.13753197193145753
3,15,8,36,0.1424259901046753
3,15,8,38,0.143473219871521
3,15,8,40,0.14796528816223145
3,16,0,1,0.9269057273864746
3,16,1,2,0.5174661636352539
3,16,1,4,0.35565662384033203
3,16,1,6,0.3124160528182983
3,16,1,8,0.27231433391571047
3,16,1,10,0.2697539091110229
3,16,1,12,0.26149513721466067
3,16,1,14,0.2609152555465698
3,16,1,16,0.26059708595275877
3,16,1,18,0.26001772880554197
3,16,1,20,0.259064245223999
3,16,1,22,0.26063706874847414
3,16,1,24,0.26137802600860593
3,16,1,26,0.26035850048065184
3,16,1,28,0.26053175926208494
3,16,1,30,0.26096343994140625
3,16,1,32,0.26125049591064453
3,16,1,34,0.2616819143295288
3,16,1,36,0.26292731761932375
3,16,1,38,0.2619065523147583
3,16,1,40,0.2625130176544189
3,16,2,2,0.47864322662353515
3,16,2,4,0.29426136016845705
3,16,2,6,0.25001540184021
3,16,2,8,0.2005614757537842
3,16,2,10,0.1881941318511963
3,16,2,12,0.1927023410797119
3,16,2,14,0.18129258155822753
3,16,2,16,0.18818433284759523
3,16,2,18,0.18278813362121582
3,16,2,20,0.18839173316955565
3,16,2,22,0.18915114402770997
3,16,2,24,0.1826188564300537
3,16,2,26,0.1850283145904541
3,16,2,28,0.19324297904968263
3,16,2,30,0.19031472206115724
3,16,2,32,0.19148678779602052
3,16,2,34,0.20176126956939697
3,16,2,36,0.19924404621124267
3,16,2,38,0.19474942684173585
3,16,2,40,0.19572103023529053
3,16,3,2,0.4898571014404297
3,16,3,4,0.2857175588607788
3,16,3,6,0.22283899784088135
3,16,3,8,0.18264296054840087
3,16,3,10,0.17426297664642335
3,16,3,12,0.1633427619934082
3,16,3,14,0.1553171157836914
3,16,3,16,0.1522235631942749
3,16,3,18,0.15228772163391113
3,16,3,20,0.14773659706115722
3,16,3,22,0.14800567626953126
3,16,3,24,0.1439584255218506
3,16,3,26,0.15282652378082276
3,16,3,28,0.15550799369812013
3,16,3,30,0.153578519821167
3,16,3,32,0.15160019397735597
3,16,3,34,0.15494911670684813
3,16,3,36,0.15315690040588378
3,16,3,38,0.15612101554870605
3,16,3,40,0.15838677883148194
3,16,4,2,0.49855091571807864
3,16,4,4,0.2911353826522827
3,16,4,6,0.22274932861328126
3,16,4,8,0.18155550956726074
3,16,4,10,0.17013540267944335
3,16,4,12,0.15805225372314452
3,16,4,14,0.15102789402008057
3,16,4,16,0.15159904956817627
3,16,4,18,0.14654009342193602
3,16,4,20,0.14383344650268554
3,16,4,22,0.1474757194519043
3,16,4,24,0.14339053630828857
3,16,4,26,0.15017082691192626
3,16,4,28,0.14425346851348878
3,16,4,30,0.1437603235244751
3,16,4,32,0.1490325450897217
3,16,4,34,0.14990849494934083
3,16,4,36,0.15185210704803467
3,16,4,38,0.15080344676971436
3,16,4,40,0.1541050434112549
3,16,5,2,0.4978666067123413
3,16,5,4,0.2903880596160889
3,16,5,6,0.22250728607177733
3,16,5,8,0.18507754802703857
3,16,5,10,0.16758639812469484
3,16,5,12,0.15324723720550537
3,16,5,14,0.1507901668548584
3,16,5,16,0.14395461082458497
3,16,5,18,0.14337308406829835
3,16,5,20,0.14248032569885255
3,16,5,22,0.14117488861083985
3,16,5,24,0.14215638637542724
3,16,5,26,0.14572999477386475
3,16,5,28,0.1426165819168091
3,16,5,30,0.1449671745300293
3,16,5,32,0.14748871326446533
3,16,5,34,0.14638230800628663
3,16,5,36,0.14673850536346436
3,16,5,38,0.15152041912078856
3,16,5,40,0.1474165916442871
3,16,6,2,0.49945549964904784
3,16,6,4,0.2897735357284546
3,16,6,6,0.22557172775268555
3,16,6,8,0.18643393516540527
3,16,6,10,0.17158997058868408
3,16,6,12,0.15728912353515626
3,16,6,14,0.15681898593902588
3,16,6,16,0.14448022842407227
3,16,6,18,0.14441089630126952
3,16,6,20,0.14423847198486328
3,16,6,22,0.14268867969512938
3,16,6,24,0.14407532215118407
3,16,6,26,0.14250261783599855
3,16,6,28,0.14469685554504394
3,16,6,30,0.14644927978515626
3,16,6,32,0.14599254131317138
3,16,6,34,0.14677002429962158
3,16,6,36,0.14600603580474852
3,16,6,38,0.147110652923584
3,16,6,40,0.15168337821960448
3,16,7,2,0.49770340919494627
3,16,7,4,0.28921895027160643
3,16,7,6,0.2204810619354248
3,16,7,8,0.1870953321456909
3,16,7,10,0.1661068916320801
3,16,7,12,0.15777056217193602
3,16,7,14,0.1503657341003418
3,16,7,16,0.15069618225097656
3,16,7,18,0.1507735013961792
3,16,7,20,0.14435503482818604
3,16,7,22,0.14107351303100585
3,16,7,24,0.14282310009002686
3,16,7,26,0.14132730960845946
3,16,7,28,0.14309449195861818
3,16,7,30,0.1437889814376831
3,16,7,32,0.14635562896728516
3,16,7,34,0.14582016468048095
3,16,7,36,0.14837379455566407
3,16,7,38,0.14897143840789795
3,16,7,40,0.16556363105773925
3,16,8,2,0.49435536861419677
3,16,8,4,0.28895983695983884
3,16,8,6,0.22071540355682373
3,16,8,8,0.18351237773895263
3,16,8,10,0.1714815616607666
3,16,8,12,0.15551373958587647
3,16,8,14,0.15565018653869628
3,16,8,16,0.15294528007507324
3,16,8,18,0.1454392671585083
3,16,8,20,0.1387650489807129
3,16,8,22,0.14375882148742675
3,16,8,24,0.1429042100906372
3,16,8,26,0.14549214839935304
3,16,8,28,0.14412333965301513
3,16,8,30,0.14744353294372559
3,16,8,32,0.14675512313842773
3,16,8,34,0.14958634376525878
3,16,8,36,0.14544508457183838
3,16,8,38,0.14752504825592042
3,16,8,40,0.14853088855743407
3,17,0,1,1.1198451519012451
3,17,1,2,0.6025728702545166
3,17,1,4,0.40552196502685545
3,17,1,6,0.3377067565917969
3,17,1,8,0.29410109519958494
3,17,1,10,0.29449164867401123
3,17,1,12,0.294596791267395
3,17,1,14,0.2940281629562378
3,17,1,16,0.2947507619857788
3,17,1,18,0.2939356088638306
3,17,1,20,0.29466345310211184
3,17,1,22,0.29544079303741455
3,17,1,24,0.2938400745391846
3,17,1,26,0.29400312900543213
3,17,1,28,0.29409308433532716
3,17,1,30,0.2909601926803589
3,17,1,32,0.2920126438140869
3,17,1,34,0.2908384084701538
3,17,1,36,0.2903587341308594
3,17,1,38,0.2914167642593384
3,17,1,40,0.2909067392349243
3,17,2,2,0.5745049238204956
3,17,2,4,0.35407314300537107
3,17,2,6,0.27986371517181396
3,17,2,8,0.22568531036376954
3,17,2,10,0.21785616874694824
3,17,2,12,0.20468339920043946
3,17,2,14,0.20196306705474854
3,17,2,16,0.20039288997650145
3,17,2,18,0.1992124080657959
3,17,2,20,0.1934342622756958
3,17,2,22,0.19219839572906494
3,17,2,24,0.20083096027374267
3,17,2,26,0.19942355155944824
3,17,2,28,0.2038259506225586
3,17,2,30,0.20141808986663817
3,17,2,32,0.20519282817840576
3,17,2,34,0.2093904972076416
3,17,2,36,0.21060700416564943
3,17,2,38,0.20865025520324706
3,17,2,40,0.21471004486083983
3,17,3,2,0.6020248651504516
3,17,3,4,0.3466325044631958
3,17,3,6,0.26744675636291504
3,17,3,8,0.22116382122039796
3,17,3,10,0.20338783264160157
3,17,3,12,0.19203460216522217
3,17,3,14,0.18585505485534667
3,17,3,16,0.17387688159942627
3,17,3,18,0.1740571975708008
3,17,3,20,0.170133638381958
3,17,3,22,0.17204339504241944
3,17,3,24,0.17426705360412598
3,17,3,26,0.17401199340820311
3,17,3,28,0.1718283176422119
3,17,3,30,0.17553324699401857
3,17,3,32,0.177475643157959
3,17,3,34,0.17783889770507813
3,17,3,36,0.1841357707977295
3,17,3,38,0.18275346755981445
3,17,3,40,0.18275387287139894
3,17,4,2,0.6080994129180908
3,17,4,4,0.35439815521240237
3,17,4,6,0.2647575378417969
3,17,4,8,0.21596271991729737
3,17,4,10,0.1993260860443115
3,17,4,12,0.18845486640930176
3,17,4,14,0.18122172355651855
3,17,4,16,0.17184340953826904
3,17,4,18,0.16929175853729247
3,17,4,20,0.16598644256591796
3,17,4,22,0.16815538406372071
3,17,4,24,0.16807222366333008
3,17,4,26,0.17073028087615966
3,17,4,28,0.1697124719619751
3,17,4,30,0.1719360113143921
3,17,4,32,0.1669527053833008
3,17,4,34,0.16620376110076904
3,17,4,36,0.1721132755279541
3,17,4,38,0.1714242696762085
3,17,4,40,0.17410609722137452
3,17,5,2,0.6153460741043091
3,17,5,4,0.3484825372695923
3,17,5,6,0.266389274597168
3,17,5,8,0.21681432723999022
3,17,5,10,0.20082590579986573
3,17,5,12,0.18586671352386475
3,17,5,14,0.1794870376586914
3,17,5,16,0.17365520000457763
3,17,5,18,0.16873183250427246
3,17,5,20,0.16300055980682374
3,17,5,22,0.16808536052703857
3,17,5,24,0.16104280948638916
3,17,5,26,0.17058711051940917
3,17,5,28,0.16383688449859618
3,17,5,30,0.1691903591156006
3,17,5,32,0.17158353328704834
3,17,5,34,0.17659928798675537
3,17,5,36,0.170662522315979
3,17,5,38,0.17436611652374268
3,17,5,40,0.17649292945861816
3,17,6,2,0.6223772048950196
3,17,6,4,0.3569619655609131
3,17,6,6,0.2694427013397217
3,17,6,8,0.21864182949066163
3,17,6,10,0.19796426296234132
3,17,6,12,0.18529410362243653
3,17,6,14,0.17966601848602295
3,17,6,16,0.17233650684356688
3,17,6,18,0.16455771923065185
3,17,6,20,0.16464173793792725
3,17,6,22,0.16663880348205568
3,17,6,24,0.163490629196167
3,17,6,26,0.1629936695098877
3,17,6,28,0.16581542491912843
3,17,6,30,0.16781561374664306
3,17,6,32,0.17050571441650392
3,17,6,34,0.1704108715057373
3,17,6,36,0.17083818912506105
3,17,6,38,0.17165441513061525
3,17,6,40,0.17479729652404785
3,17,7,2,0.6162207841873169
3,17,7,4,0.35200300216674807
3,17,7,6,0.2663602352142334
3,17,7,8,0.2190413475036621
3,17,7,10,0.19949500560760497
3,17,7,12,0.18738863468170167
3,17,7,14,0.17583467960357665
3,17,7,16,0.17462990283966065
3,17,7,18,0.16691973209381103
3,17,7,20,0.1650331735610962
3,17,7,22,0.16631219387054444
3,17,7,24,0.16664574146270753
3,17,7,26,0.16719529628753663
3,17,7,28,0.1700349807739258
3,17,7,30,0.171209454536438
3,17,7,32,0.16898634433746337
3,17,7,34,0.17033135890960693
3,17,7,36,0.1750561237335205
3,17,7,38,0.17661373615264891
3,17,7,40,0.17500360012054444
3,17,8,2,0.6416567087173461
3,17,8,4,0.36147735118865965
3,17,8,6,0.2708242654800415
3,17,8,8,0.21613597869873047
3,17,8,10,0.20052995681762695
3,17,8,12,0.18844892978668212
3,17,8,14,0.1774451494216919
3,17,8,16,0.17299606800079345
3,17,8,18,0.16838927268981935
3,17,8,20,0.1629129409790039
3,17,8,22,0.16253352165222168
3,17,8,24,0.16558852195739746
3,17,8,26,0.1646803855895996
3,17,8,28,0.16650266647338868
3,17,8,30,0.1654139280319214
3,17,8,32,0.17111012935638428
3,17,8,34,0.1713648796081543
3,17,8,36,0.17367734909057617
3,17,8,38,0.1769284725189209
3,17,8,40,0.17971291542053222
3,18,0,1,1.21343834400177
3,18,1,2,0.7011073350906372
3,18,1,4,0.45080592632293703
3,18,1,6,0.3818082571029663
3,18,1,8,0.3459409952163696
3,18,1,10,0.34439592361450194
3,18,1,12,0.3426769733428955
3,18,1,14,0.34428598880767824
3,18,1,16,0.34184281826019286
3,18,1,18,0.3442513942718506
3,18,1,20,0.3430192947387695
3,18,1,22,0.34298708438873293
3,18,1,24,0.3451061487197876
3,18,1,26,0.3438407421112061
3,18,1,28,0.34254751205444334
3,18,1,30,0.3442352771759033
3,18,1,32,0.34315502643585205
3,18,1,34,0.34324615001678466
3,18,1,36,0.3438802480697632
3,18,1,38,0.34522759914398193
3,18,1,40,0.343034553527832
3,18,2,2,0.6939248323440552
3,18,2,4,0.4151293277740479
3,18,2,6,0.32661752700805663
3,18,2,8,0.2609728813171387
3,18,2,10,0.2579141139984131
3,18,2,12,0.24325435161590575
3,18,2,14,0.23371660709381104
3,18,2,16,0.2331789255142212
3,18,2,18,0.23166205883026122
3,18,2,20,0.22614011764526368
3,18,2,22,0.22598714828491212
3,18,2,24,0.2295863151550293
3,18,2,26,0.2362827777862549
3,18,2,28,0.23415493965148926
3,18,2,30,0.24175753593444824
3,18,2,32,0.24226658344268798
3,18,2,34,0.2457505702972412
3,18,2,36,0.25898873805999756
3,18,2,38,0.2502546787261963
3,18,2,40,0.2449005126953125
3,18,3,2,0.7129773378372193
3,18,3,4,0.41243054866790774
3,18,3,6,0.316705322265625
3,18,3,8,0.2575021982192993
3,18,3,10,0.24045462608337403
3,18,3,12,0.22564642429351806
3,18,3,14,0.22027339935302734
3,18,3,16,0.20965251922607422
3,18,3,18,0.204337215423584
3,18,3,20,0.20315001010894776
3,18,3,22,0.20950927734375
3,18,3,24,0.19992635250091553
3,18,3,26,0.20274040699005128
3,18,3,28,0.19197418689727783
3,18,3,30,0.20023655891418457
3,18,3,32,0.21300032138824462
3,18,3,34,0.20961599349975585
3,18,3,36,0.21222529411315919
3,18,3,38,0.21240909099578859
3,18,3,40,0.2136868953704834
3,18,4,2,0.7334892749786377
3,18,4,4,0.4240060091018677
3,18,4,6,0.32245233058929446
3,18,4,8,0.26202309131622314
3,18,4,10,0.239434552192688
3,18,4,12,0.2195446014404297
3,18,4,14,0.21305441856384277
3,18,4,16,0.2054534673690796
3,18,4,18,0.196022891998291
3,18,4,20,0.19592950344085694
3,18,4,22,0.194640588760376
3,18,4,24,0.19038591384887696
3,18,4,26,0.1915898561477661
3,18,4,28,0.19662075042724608
3,18,4,30,0.1997959852218628
3,18,4,32,0.1996225595474243
3,18,4,34,0.1993318557739258
3,18,4,36,0.19876456260681152
3,18,4,38,0.2009103775024414
3,18,4,40,0.20340249538421631
3,18,5,2,0.7363183259963989
3,18,5,4,0.42048304080963134
3,18,5,6,0.3113316297531128
3,18,5,8,0.2558061838150024
3,18,5,10,0.23250112533569336
3,18,5,12,0.21554961204528808
3,18,5,14,0.21041505336761473
3,18,5,16,0.19811587333679198
3,18,5,18,0.19462802410125732
3,18,5,20,0.18825078010559082
3,18,5,22,0.19166779518127441
3,18,5,24,0.193723726272583
3,18,5,26,0.19366991519927979
3,18,5,28,0.19435794353485109
3,18,5,30,0.19421648979187012
3,18,5,32,0.19298937320709228
3,18,5,34,0.19707915782928467
3,18,5,36,0.19634611606597902
3,18,5,38,0.19742352962493898
3,18,5,40,0.20327284336090087
3,18,6,2,0.7328829288482666
3,18,6,4,0.41675772666931155
3,18,6,6,0.31173295974731446
3,18,6,8,0.2568426847457886
3,18,6,10,0.23770854473114014
3,18,6,12,0.2161726713180542
3,18,6,14,0.20989208221435546
3,18,6,16,0.1975550889968872
3,18,6,18,0.1983163595199585
3,18,6,20,0.18683373928070068
3,18,6,22,0.1918483018875122
3,18,6,24,0.19624197483062744
3,18,6,26,0.19380826950073243
3,18,6,28,0.19381425380706788
3,18,6,30,0.1935591220855713
3,18,6,32,0.19323716163635254
3,18,6,34,0.19154324531555175
3,18,6,36,0.19731194972991944
3,18,6,38,0.20261914730072023
3,18,6,40,0.20148942470550538
3,18,7,2,0.7280281066894532
3,18,7,4,0.42027506828308103
3,18,7,6,0.31340115070343016
3,18,7,8,0.25255694389343264
3,18,7,10,0.22864782810211182
3,18,7,12,0.2191941261291504
3,18,7,14,0.20227344036102296
3,18,7,16,0.2011857509613037
3,18,7,18,0.19353005886077881
3,18,7,20,0.1949305295944214
3,18,7,22,0.19199414253234864
3,18,7,24,0.1912111759185791
3,18,7,26,0.19068877696990966
3,18,7,28,0.1930525779724121
3,18,7,30,0.19060220718383789
3,18,7,32,0.1951152801513672
3,18,7,34,0.19864037036895751
3,18,7,36,0.1989349365234375
3,18,7,38,0.19821977615356445
3,18,7,40,0.20101661682128907
3,18,8,2,0.7352175951004029
3,18,8,4,0.41796002388000486
3,18,8,6,0.31670799255371096
3,18,8,8,0.2621868848800659
3,18,8,10,0.23599059581756593
3,18,8,12,0.22089180946350098
3,18,8,14,0.20929307937622071
3,18,8,16,0.20039026737213134
3,18,8,18,0.19448480606079102
3,18,8,20,0.19049615859985353
3,18,8,22,0.19183263778686524
3,18,8,24,0.19270484447479247
3,18,8,26,0.19099869728088378
3,18,8,28,0.19289186000823974
3,18,8,30,0.19435348510742187
3,18,8,32,0.20017046928405763
3,18,8,34,0.1952700138092041
3,18,8,36,0.19800021648406982
3,18,8,38,0.19993486404418945
3,18,8,40,0.2022219181060791
3,19,0,1,1.4321794986724854
3,19,1,2,0.8043003797531127
3,19,1,4,0.5183162212371826
3,19,1,6,0.4298151254653931
3,19,1,8,0.36255857944488523
3,19,1,10,0.3646395683288574
3,19,1,12,0.36379544734954833
3,19,1,14,0.36604762077331543
3,19,1,16,0.3651197671890259
3,19,1,18,0.36551699638366697
3,19,1,20,0.3655803918838501
3,19,1,22,0.36542088985443116
3,19,1,24,0.36497642993927004
3,19,1,26,0.3652850389480591
3,19,1,28,0.365446138381958
3,19,1,30,0.3621026277542114
3,19,1,32,0.3628499507904053
3,19,1,34,0.3614355087280273
3,19,1,36,0.3622857332229614
3,19,1,38,0.361096715927124
3,19,1,40,0.36115221977233886
3,19,2,2,0.7914500713348389
3,19,2,4,0.4745542049407959
3,19,2,6,0.3642597198486328
3,19,2,8,0.30698318481445314
3,19,2,10,0.2728866100311279
3,19,2,12,0.2599261045455933
3,19,2,14,0.24985921382904053
3,19,2,16,0.24352719783782958
3,19,2,18,0.2424095869064331
3,19,2,20,0.2341390609741211
3,19,2,22,0.2413419723510742
3,19,2,24,0.24315247535705567
3,19,2,26,0.23925445079803467
3,19,2,28,0.2453969955444336
3,19,2,30,0.25418291091918943
3,19,2,32,0.26036407947540285
3,19,2,34,0.25543675422668455
3,19,2,36,0.2550572633743286
3,19,2,38,0.25793702602386476
3,19,2,40,0.25696823596954343
3,19,3,2,0.8264115571975708
3,19,3,4,0.47908141613006594
3,19,3,6,0.3568781137466431
3,19,3,8,0.2974642276763916
3,19,3,10,0.2678114891052246
3,19,3,12,0.2558388948440552
3,19,3,14,0.2444164276123047
3,19,3,16,0.2362762212753296
3,19,3,18,0.23006758689880372
3,19,3,20,0.22209274768829346
3,19,3,22,0.21732726097106933
3,19,3,24,0.21883611679077147
3,19,3,26,0.22215352058410645
3,19,3,28,0.22231380939483641
3,19,3,30,0.2256540298461914
3,19,3,32,0.22521822452545165
3,19,3,34,0.22736871242523193
3,19,3,36,0.22507839202880858
3,19,3,38,0.22645444869995118
3,19,3,40,0.23088159561157226
3,19,4,2,0.8599311113357544
3,19,4,4,0.49278485774993896
3,19,4,6,0.35739233493804934
3,19,4,8,0.2925976276397705
3,19,4,10,0.2671252489089966
3,19,4,12,0.2518441915512085
3,19,4,14,0.22946648597717284
3,19,4,16,0.22843894958496094
3,19,4,18,0.21875388622283937
3,19,4,20,0.2150120735168457
3,19,4,22,0.2140031099319458
3,19,4,24,0.21258270740509033
3,19,4,26,0.21672194004058837
3,19,4,28,0.22242600917816163
3,19,4,30,0.21719110012054443
3,19,4,32,0.22028026580810547
3,19,4,34,0.22049434185028077
3,19,4,36,0.2213303804397583
3,19,4,38,0.22074244022369385
3,19,4,40,0.2245100975036621
3,19,5,2,0.8909204006195068
3,19,5,4,0.49782600402832033
3,19,5,6,0.36309099197387695
3,19,5,8,0.2986873149871826
3,19,5,10,0.2693965435028076
3,19,5,12,0.2510446786880493
3,19,5,14,0.2321233034133911
3,19,5,16,0.22615315914154052
3,19,5,18,0.21827344894409179
3,19,5,20,0.2160038709640503
3,19,5,22,0.21192946434020996
3,19,5,24,0.21329166889190673
3,19,5,26,0.21700260639190674
3,19,5,28,0.21255621910095215
3,19,5,30,0.2183481216430664
3,19,5,32,0.21787726879119873
3,19,5,34,0.21338768005371095
3,19,5,36,0.215086030960083
3,19,5,38,0.2204826831817627
3,19,5,40,0.2201359748840332
3,19,6,2,0.8554118394851684
3,19,6,4,0.48895964622497556
3,19,6,6,0.36076428890228274
3,19,6,8,0.295865535736084
3,19,6,10,0.26645522117614745
3,19,6,12,0.24568040370941163
3,19,6,14,0.23553693294525146
3,19,6,16,0.22790279388427734
3,19,6,18,0.22023963928222656
3,19,6,20,0.2113274574279785
3,19,6,22,0.2131136417388916
3,19,6,24,0.21689536571502685
3,19,6,26,0.21234371662139892
3,19,6,28,0.21616654396057128
3,19,6,30,0.2150723695755005
3,19,6,32,0.22047028541564942
3,19,6,34,0.2155151605606079
3,19,6,36,0.21797566413879393
3,19,6,38,0.2185220956802368
3,19,6,40,0.21895036697387696
3,19,7,2,0.8536810874938965
3,19,7,4,0.4879454612731934
3,19,7,6,0.3568396806716919
3,19,7,8,0.29672582149505616
3,19,7,10,0.2617445945739746
3,19,7,12,0.2513385772705078
3,19,7,14,0.23468737602233886
3,19,7,16,0.22218172550201415
3,19,7,18,0.2237684965133667
3,19,7,20,0.21373369693756103
3,19,7,22,0.21417200565338135
3,19,7,24,0.21519644260406495
3,19,7,26,0.21538939476013183
3,19,7,28,0.21925055980682373
3,19,7,30,0.2164393186569214
3,19,7,32,0.2145294427871704
3,19,7,34,0.21708235740661622
3,19,7,36,0.21779279708862304
3,19,7,38,0.21813130378723145
3,19,7,40,0.21806817054748534
3,19,8,2,0.8531392574310303
3,19,8,4,0.4843214750289917
3,19,8,6,0.3580343246459961
3,19,8,8,0.29284253120422366
3,19,8,10,0.2579502582550049
3,19,8,12,0.24605133533477783
3,19,8,14,0.22841119766235352
3,19,8,16,0.22504842281341553
3,19,8,18,0.22017030715942382
3,19,8,20,0.2114015579223633
3,19,8,22,0.21102709770202638
3,19,8,24,0.2158944845199585
3,19,8,26,0.21384131908416748
3,19,8,28,0.21649518013000488
3,19,8,30,0.21494643688201903
3,19,8,32,0.21788580417633058
3,19,8,34,0.21298840045928955
3,19,8,36,0.21835572719573976
3,19,8,38,0.21693081855773927
3,19,8,40,0.21995100975036622
3,20,0,1,1.6133445978164673
3,20,1,2,0.8439137458801269
3,20,1,4,0.55374755859375
3,20,1,6,0.4550966501235962
3,20,1,8,0.3962961912155151
3,20,1,10,0.3969397068023682
3,20,1,12,0.3958817720413208
3,20,1,14,0.39569821357727053
3,20,1,16,0.3958458423614502
3,20,1,18,0.3951265335083008
3,20,1,20,0.3971861839294434
3,20,1,22,0.4011782884597778
3,20,1,24,0.402246356010437
3,20,1,26,0.4010425329208374
3,20,1,28,0.4011054754257202
3,20,1,30,0.40152246952056886
3,20,1,32,0.39587814807891847
3,20,1,34,0.4011223793029785
3,20,1,36,0.398669958114624
3,20,1,38,0.4006244659423828
3,20,1,40,0.3947655200958252
3,20,2,2,0.8226999998092651
3,20,2,4,0.4914574146270752
3,20,2,6,0.38787767887115476
3,20,2,8,0.3058876276016235
3,20,2,10,0.28616178035736084
3,20,2,12,0.2819430589675903
3,20,2,14,0.27211856842041016
3,20,2,16,0.26555509567260743
3,20,2,18,0.26088120937347414
3,20,2,20,0.2544109344482422
3,20,2,22,0.25723791122436523
3,20,2,24,0.26259875297546387
3,20,2,26,0.2648002147674561
3,20,2,28,0.265950345993042
3,20,2,30,0.26935887336730957
3,20,2,32,0.2592072725296021
3,20,2,34,0.266792368888855
3,20,2,36,0.2822011232376099
3,20,2,38,0.2721395492553711
3,20,2,40,0.27058556079864504
3,20,3,2,0.8396260976791382
3,20,3,4,0.48757028579711914
3,20,3,6,0.36861467361450195
3,20,3,8,0.3000868558883667
3,20,3,10,0.2658915758132935
3,20,3,12,0.257938027381897
3,20,3,14,0.24464778900146483
3,20,3,16,0.2389547348022461
3,20,3,18,0.23656752109527587
3,20,3,20,0.2311246871948242
3,20,3,22,0.22353792190551758
3,20,3,24,0.22691042423248292
3,20,3,26,0.23579974174499513
3,20,3,28,0.23105988502502442
3,20,3,30,0.24111125469207764
3,20,3,32,0.2312019109725952
3,20,3,34,0.23279120922088622
3,20,3,36,0.23947761058807374
3,20,3,38,0.24010138511657714
3,20,3,40,0.2424769401550293
3,20,4,2,0.8681916236877442
3,20,4,4,0.5076074361801147
3,20,4,6,0.37552642822265625
3,20,4,8,0.3065065860748291
3,20,4,10,0.2715748310089111
3,20,4,12,0.25461421012878416
3,20,4,14,0.23958175182342528
3,20,4,16,0.2342740297317505
3,20,4,18,0.22883024215698242
3,20,4,20,0.22303354740142822
3,20,4,22,0.2169853687286377
3,20,4,24,0.2198486566543579
3,20,4,26,0.2194988489151001
3,20,4,28,0.22290506362915039
3,20,4,30,0.22490520477294923
3,20,4,32,0.2266244649887085
3,20,4,34,0.22174980640411376
3,20,4,36,0.22915434837341309
3,20,4,38,0.23092613220214844
3,20,4,40,0.23045141696929933
3,20,5,2,0.8716779947280884
3,20,5,4,0.5054853200912476
3,20,5,6,0.36760127544403076
3,20,5,8,0.29895839691162107
3,20,5,10,0.26838572025299073
3,20,5,12,0.25465824604034426
3,20,5,14,0.24006276130676268
3,20,5,16,0.23877475261688233
3,20,5,18,0.2294983148574829
3,20,5,20,0.2215480089187622
3,20,5,22,0.21749377250671387
3,20,5,24,0.21863741874694825
3,20,5,26,0.22319517135620118
3,20,5,28,0.22094457149505614
3,20,5,30,0.2218137264251709
3,20,5,32,0.2239691972732544
3,20,5,34,0.22259888648986817
3,20,5,36,0.22646074295043944
3,20,5,38,0.2298285961151123
3,20,5,40,0.23156044483184815
3,20,6,2,0.8645457983016968
3,20,6,4,0.5014229059219361
3,20,6,6,0.37079927921295164
3,20,6,8,0.30283322334289553
3,20,6,10,0.26351237297058105
3,20,6,12,0.25444560050964354
3,20,6,14,0.2342677593231201
3,20,6,16,0.23339228630065917
3,20,6,18,0.22462935447692872
3,20,6,20,0.21649787425994874
3,20,6,22,0.2148364543914795
3,20,6,24,0.2201754331588745
3,20,6,26,0.22291579246520996
3,20,6,28,0.22708656787872314
3,20,6,30,0.2254274606704712
3,20,6,32,0.22143948078155518
3,20,6,34,0.22240242958068848
3,20,6,36,0.22326624393463135
3,20,6,38,0.2239659070968628
3,20,6,40,0.22971739768981933
3,20,7,2,0.8739386081695557
3,20,7,4,0.5024862051010132
3,20,7,6,0.36945042610168455
3,20,7,8,0.30526673793792725
3,20,7,10,0.2674678325653076
3,20,7,12,0.25369327068328856
3,20,7,14,0.24268784523010253
3,20,7,16,0.2352520704269409
3,20,7,18,0.22281260490417482
3,20,7,20,0.22022948265075684
3,20,7,22,0.2220137357711792
3,20,7,24,0.22047069072723388
3,20,7,26,0.22192058563232422
3,20,7,28,0.22008533477783204
3,20,7,30,0.22601518630981446
3,20,7,32,0.22059180736541747
3,20,7,34,0.22376036643981934
3,20,7,36,0.22713046073913573
3,20,7,38,0.22411739826202393
3,20,7,40,0.2248605966567993
3,20,8,2,0.8734609842300415
3,20,8,4,0.5059240341186524
3,20,8,6,0.3708472967147827
3,20,8,8,0.302412748336792
3,20,8,10,0.26789834499359133
3,20,8,12,0.2586357593536377
3,20,8,14,0.23470005989074708
3,20,8,16,0.23687655925750734
3,20,8,18,0.226701021194458
3,20,8,20,0.2215573310852051
3,20,8,22,0.21926138401031495
3,20,8,24,0.22342524528503419
3,20,8,26,0.2213080644607544
3,20,8,28,0.22338547706604003
3,20,8,30,0.22576689720153809
3,20,8,32,0.22556004524230958
3,20,8,34,0.22836709022521973
3,20,8,36,0.22659580707550048
3,20,8,38,0.2277684211730957
3,20,8,40,0.23249707221984864
4,2,0,1,0.20483770370483398
4,2,1,2,0.11481330394744874
4,2,1,4,0.08764770030975341
4,2,1,6,0.07720379829406739
4,2,1,8,0.0769768476486206
4,2,1,10,0.07629189491271973
4,2,1,12,0.0775181531906128
4,2,1,14,0.07863032817840576
4,2,1,16,0.07939453125
4,2,1,18,0.07790648937225342
4,2,1,20,0.07973461151123047
4,2,1,22,0.08115074634552003
4,2,1,24,0.07921223640441895
4,2,1,26,0.08003785610198974
4,2,1,28,0.07812018394470215
4,2,1,30,0.07758405208587646
4,2,1,32,0.07952284812927246
4,2,1,34,0.07912864685058593
4,2,1,36,0.07666473388671875
4,2,1,38,0.07811241149902344
4,2,1,40,0.07865257263183593
4,2,2,2,0.1157526969909668
4,2,2,4,0.07546765804290771
4,2,2,6,0.06250526905059814
4,2,2,8,0.05873267650604248
4,2,2,10,0.0587273359298706
4,2,2,12,0.06221725940704346
4,2,2,14,0.06310141086578369
4,2,2,16,0.06340312957763672
4,2,2,18,0.06410412788391114
4,2,2,20,0.06427464485168458
4,2,2,22,0.06343240737915039
4,2,2,24,0.06380131244659423
4,2,2,26,0.06455411911010742
4,2,2,28,0.06468672752380371
4,2,2,30,0.06693434715270996
4,2,2,32,0.06916179656982421
4,2,2,34,0.06676099300384522
4,2,2,36,0.06994895935058594
4,2,2,38,0.06905174255371094
4,2,2,40,0.06866617202758789
4,2,3,2,0.11383342742919922
4,2,3,4,0.07344622611999511
4,2,3,6,0.05787947177886963
4,2,3,8,0.056044149398803714
4,2,3,10,0.05328624248504639
4,2,3,12,0.05701427459716797
4,2,3,14,0.05937869548797607
4,2,3,16,0.05930905342102051
4,2,3,18,0.05979080200195312
4,2,3,20,0.05727031230926514
4,2,3,22,0.0579129695892334
4,2,3,24,0.058486199378967284
4,2,3,26,0.05897667407989502
4,2,3,28,0.05786521434783935
4,2,3,30,0.05778305530548096
4,2,3,32,0.062134075164794925
4,2,3,34,0.0630491018295288
4,2,3,36,0.0663832187652588
4,2,3,38,0.06513657569885253
4,2,3,40,0.06392691135406495
4,2,4,2,0.1145338773727417
4,2,4,4,0.07433185577392579
4,2,4,6,0.05861718654632568
4,2,4,8,0.05471735000610352
4,2,4,10,0.05169720649719238
4,2,4,12,0.054787063598632814
4,2,4,14,0.05266447067260742
4,2,4,16,0.056645441055297854
4,2,4,18,0.05726468563079834
4,2,4,20,0.05832664966583252
4,2,4,22,0.05545055866241455
4,2,4,24,0.058114147186279295
4,2,4,26,0.058441448211669925
4,2,4,28,0.06306948661804199
4,2,4,30,0.06350605487823487
4,2,4,32,0.06403567790985107
4,2,4,34,0.06166858673095703
4,2,4,36,0.063956618309021
4,2,4,38,0.06233530044555664
4,2,4,40,0.0624924898147583
4,2,5,2,0.11403968334197997
4,2,5,4,0.07494323253631592
4,2,5,6,0.05847632884979248
4,2,5,8,0.05267620086669922
4,2,5,10,0.05026094913482666
4,2,5,12,0.05476303100585937
4,2,5,14,0.05334579944610596
4,2,5,16,0.0564082145690918
4,2,5,18,0.06060004234313965
4,2,5,20,0.055673074722290036
4,2,5,22,0.056972312927246097
4,2,5,24,0.056169533729553224
4,2,5,26,0.05865156650543213
4,2,5,28,0.05966992378234863
4,2,5,30,0.060783791542053225
4,2,5,32,0.057259631156921384
4,2,5,34,0.06060197353363037
4,2,5,36,0.06411333084106445
4,2,5,38,0.06679055690765381
4,2,5,40,0.0639507532119751
4,2,6,2,0.11403703689575195
4,2,6,4,0.07341346740722657
4,2,6,6,0.05823056697845459
4,2,6,8,0.05530672073364258
4,2,6,10,0.05361466407775879
4,2,6,12,0.05447041988372803
4,2,6,14,0.055258893966674806
4,2,6,16,0.05728292465209961
4,2,6,18,0.05751380920410156
4,2,6,20,0.0560943603515625
4,2,6,22,0.05637240409851074
4,2,6,24,0.05656399726867676
4,2,6,26,0.057558083534240724
4,2,6,28,0.061908602714538574
4,2,6,30,0.06366000175476075
4,2,6,32,0.0598008394241333
4,2,6,34,0.06014554500579834
4,2,6,36,0.062237668037414554
4,2,6,38,0.06363918781280517
4,2,6,40,0.06164703369140625
4,2,7,2,0.11840579509735108
4,2,7,4,0.07808151245117187
4,2,7,6,0.06009199619293213
4,2,7,8,0.05438995361328125
4,2,7,10,0.05238995552062988
4,2,7,12,0.052949380874633786
4,2,7,14,0.05178985595703125
4,2,7,16,0.056924629211425784
4,2,7,18,0.05696656703948975
4,2,7,20,0.05660524368286133
4,2,7,22,0.05734386444091797
4,2,7,24,0.058671760559082034
4,2,7,26,0.060847687721252444
4,2,7,28,0.05711863040924072
4,2,7,30,0.06111593246459961
4,2,7,32,0.06363885402679444
4,2,7,34,0.06371853351593018
4,2,7,36,0.06245279312133789
4,2,7,38,0.06146702766418457
4,2,7,40,0.060222816467285153
4,2,8,2,0.11820628643035888
4,2,8,4,0.07380330562591553
4,2,8,6,0.05850205421447754
4,2,8,8,0.053864336013793944
4,2,8,10,0.04983246326446533
4,2,8,12,0.054465079307556154
4,2,8,14,0.05450601577758789
4,2,8,16,0.056035947799682614
4,2,8,18,0.0581035852432251
4,2,8,20,0.05814468860626221
4,2,8,22,0.056805205345153806
4,2,8,24,0.05688071250915527
4,2,8,26,0.06060037612915039
4,2,8,28,0.0598945140838623
4,2,8,30,0.05868773460388184
4,2,8,32,0.06043200492858887
4,2,8,34,0.0627976655960083
4,2,8,36,0.0648374080657959
4,2,8,38,0.06302475929260254
4,2,8,40,0.062099885940551755
4,3,0,1,0.4805382966995239
4,3,1,2,0.2960967540740967
4,3,1,4,0.20660254955291749
4,3,1,6,0.18201632499694825
4,3,1,8,0.1733233690261841
4,3,1,10,0.1725877046585083
4,3,1,12,0.16677727699279785
4,3,1,14,0.1672431707382202
4,3,1,16,0.17042665481567382
4,3,1,18,0.1717052459716797
4,3,1,20,0.16804358959197999
4,3,1,22,0.17233314514160156
4,3,1,24,0.17125370502471923
4,3,1,26,0.17077558040618895
4,3,1,28,0.17015268802642822
4,3,1,30,0.17078788280487062
4,3,1,32,0.1713395357131958
4,3,1,34,0.1712897777557373
4,3,1,36,0.17114758491516113
4,3,1,38,0.1706061601638794
4,3,1,40,0.16936254501342773
4,3,2,2,0.3032475233078003
4,3,2,4,0.192665958404541
4,3,2,6,0.15140860080718993
4,3,2,8,0.1329808712005615
4,3,2,10,0.1220590591430664
4,3,2,12,0.1276000738143921
4,3,2,14,0.1338735818862915
4,3,2,16,0.1383366584777832
4,3,2,18,0.13889362812042236
4,3,2,20,0.13743898868560792
4,3,2,22,0.13717763423919677
4,3,2,24,0.13805503845214845
4,3,2,26,0.14055266380310058
4,3,2,28,0.1436908721923828
4,3,2,30,0.1469590663909912
4,3,2,32,0.14453773498535155
4,3,2,34,0.1474224090576172
4,3,2,36,0.148498272895813
4,3,2,38,0.14549636840820312
4,3,2,40,0.1518859624862671
4,3,3,2,0.3190784454345703
4,3,3,4,0.190366530418396
4,3,3,6,0.14113974571228027
4,3,3,8,0.12368221282958984
4,3,3,10,0.11110384464263916
4,3,3,12,0.11183578968048095
4,3,3,14,0.11322789192199707
4,3,3,16,0.1200857162475586
4,3,3,18,0.12422568798065185
4,3,3,20,0.11889054775238037
4,3,3,22,0.12594306468963623
4,3,3,24,0.1233206033706665
4,3,3,26,0.12335214614868165
4,3,3,28,0.1263430118560791
4,3,3,30,0.12974629402160645
4,3,3,32,0.1308255672454834
4,3,3,34,0.13246381282806396
4,3,3,36,0.13620567321777344
4,3,3,38,0.13606274127960205
4,3,3,40,0.13707926273345947
4,3,4,2,0.32096860408782957
4,3,4,4,0.18849937915802
4,3,4,6,0.14350540637969972
4,3,4,8,0.11931536197662354
4,3,4,10,0.10758748054504394
4,3,4,12,0.11159982681274414
4,3,4,14,0.11121137142181396
4,3,4,16,0.11802585124969482
4,3,4,18,0.11930744647979737
4,3,4,20,0.11718826293945313
4,3,4,22,0.11749155521392822
4,3,4,24,0.11639182567596436
4,3,4,26,0.12121992111206055
4,3,4,28,0.12266972064971923
4,3,4,30,0.12332725524902344
4,3,4,32,0.12849118709564208
4,3,4,34,0.12871334552764893
4,3,4,36,0.1295851707458496
4,3,4,38,0.13387775421142578
4,3,4,40,0.13312997817993164
4,3,5,2,0.3271320104598999
4,3,5,4,0.1916332721710205
4,3,5,6,0.1424809217453003
4,3,5,8,0.12100324630737305
4,3,5,10,0.10912845134735108
4,3,5,12,0.11139872074127197
4,3,5,14,0.11162741184234619
4,3,5,16,0.11671264171600342
4,3,5,18,0.11516330242156983
4,3,5,20,0.11605644226074219
4,3,5,22,0.11704430580139161
4,3,5,24,0.11989092826843262
4,3,5,26,0.11765072345733643
4,3,5,28,0.12421696186065674
4,3,5,30,0.12174558639526367
4,3,5,32,0.12560586929321288
4,3,5,34,0.12932846546173096
4,3,5,36,0.12803230285644532
4,3,5,38,0.12913858890533447
4,3,5,40,0.1361616611480713
4,3,6,2,0.3232632398605347
4,3,6,4,0.18713059425354003
4,3,6,6,0.14137797355651854
4,3,6,8,0.12069323062896728
4,3,6,10,0.10935494899749756
4,3,6,12,0.11273424625396729
4,3,6,14,0.11245105266571045
4,3,6,16,0.11685411930084229
4,3,6,18,0.11946418285369872
4,3,6,20,0.11521027088165284
4,3,6,22,0.11568162441253663
4,3,6,24,0.11590685844421386
4,3,6,26,0.1218475341796875
4,3,6,28,0.12085268497467042
4,3,6,30,0.12309367656707763
4,3,6,32,0.12857935428619385
4,3,6,34,0.12742793560028076
4,3,6,36,0.13439300060272216
4,3,6,38,0.12987921237945557
4,3,6,40,0.1316605806350708
4,3,7,2,0.32156636714935305
4,3,7,4,0.19088542461395264
4,3,7,6,0.14505512714385987
4,3,7,8,0.12066419124603271
4,3,7,10,0.10985639095306396
4,3,7,12,0.11322269439697266
4,3,7,14,0.10938987731933594
4,3,7,16,0.11862852573394775
4,3,7,18,0.11974160671234131
4,3,7,20,0.11767332553863526
4,3,7,22,0.11749205589294434
4,3,7,24,0.11835625171661376
4,3,7,26,0.11740128993988037
4,3,7,28,0.12139112949371338
4,3,7,30,0.12856464385986327
4,3,7,32,0.1269306182861328
4,3,7,34,0.12624223232269288
4,3,7,36,0.1271665096282959
4,3,7,38,0.1317817211151123
4,3,7,40,0.1336282014846802
4,3,8,2,0.3213531017303467
4,3,8,4,0.1899946451187134
4,3,8,6,0.14119372367858887
4,3,8,8,0.12113533020019532
4,3,8,10,0.11035852432250977
4,3,8,12,0.112770414352417
4,3,8,14,0.11657776832580566
4,3,8,16,0.1168349027633667
4,3,8,18,0.11730358600616456
4,3,8,20,0.11415507793426513
4,3,8,22,0.11800274848937989
4,3,8,24,0.11960077285766602
4,3,8,26,0.12097666263580323
4,3,8,28,0.1230461597442627
4,3,8,30,0.12470643520355225
4,3,8,32,0.1279599905014038
4,3,8,34,0.1313103437423706
4,3,8,36,0.1290792465209961
4,3,8,38,0.13142111301422119
4,3,8,40,0.1354426145553589
4,4,0,1,0.8291303396224976
4,4,1,2,0.4863551378250122
4,4,1,4,0.3158251762390137
4,4,1,6,0.2692850351333618
4,4,1,8,0.25650653839111326
4,4,1,10,0.2572628974914551
4,4,1,12,0.2580870151519775
4,4,1,14,0.26400878429412844
4,4,1,16,0.26363861560821533
4,4,1,18,0.2642210960388184
4,4,1,20,0.2635368347167969
4,4,1,22,0.26395511627197266
4,4,1,24,0.26256752014160156
4,4,1,26,0.2641780138015747
4,4,1,28,0.26328024864196775
4,4,1,30,0.26248602867126464
4,4,1,32,0.26354498863220216
4,4,1,34,0.263121223449707
4,4,1,36,0.26422433853149413
4,4,1,38,0.2630568742752075
4,4,1,40,0.2634448528289795
4,4,2,2,0.500810194015503
4,4,2,4,0.2994486093521118
4,4,2,6,0.22073349952697754
4,4,2,8,0.2049621343612671
4,4,2,10,0.19478466510772705
4,4,2,12,0.19836490154266356
4,4,2,14,0.1985715866088867
4,4,2,16,0.20907738208770751
4,4,2,18,0.2062073230743408
4,4,2,20,0.20702450275421141
4,4,2,22,0.20847635269165038
4,4,2,24,0.21230065822601318
4,4,2,26,0.21016931533813477
4,4,2,28,0.21279523372650147
4,4,2,30,0.2197503089904785
4,4,2,32,0.21619222164154053
4,4,2,34,0.22218265533447265
4,4,2,36,0.22561380863189698
4,4,2,38,0.22661275863647462
4,4,2,40,0.23113365173339845
4,4,3,2,0.5370982885360718
4,4,3,4,0.31106245517730713
4,4,3,6,0.22873408794403077
4,4,3,8,0.18868091106414794
4,4,3,10,0.17360506057739258
4,4,3,12,0.1770932674407959
4,4,3,14,0.17059574127197266
4,4,3,16,0.17849836349487305
4,4,3,18,0.1814702033996582
4,4,3,20,0.1778857469558716
4,4,3,22,0.1804882287979126
4,4,3,24,0.17963261604309083
4,4,3,26,0.17591402530670167
4,4,3,28,0.18977251052856445
4,4,3,30,0.19491255283355713
4,4,3,32,0.1884061336517334
4,4,3,34,0.19407284259796143
4,4,3,36,0.19702000617980958
4,4,3,38,0.19392843246459962
4,4,3,40,0.19857563972473144
4,4,4,2,0.536252498626709
4,4,4,4,0.3091139793395996
4,4,4,6,0.2302844285964966
4,4,4,8,0.1891611099243164
4,4,4,10,0.17072758674621583
4,4,4,12,0.16942625045776366
4,4,4,14,0.16705770492553712
4,4,4,16,0.1739227294921875
4,4,4,18,0.17790114879608154
4,4,4,20,0.17039039134979247
4,4,4,22,0.1722989559173584
4,4,4,24,0.17136871814727783
4,4,4,26,0.17646267414093017
4,4,4,28,0.18109362125396727
4,4,4,30,0.18145368099212647
4,4,4,32,0.1892404556274414
4,4,4,34,0.18378419876098634
4,4,4,36,0.19010417461395263
4,4,4,38,0.18923797607421874
4,4,4,40,0.19161396026611327
4,4,5,2,0.5350924015045166
4,4,5,4,0.30781378746032717
4,4,5,6,0.22634315490722656
4,4,5,8,0.18821027278900146
4,4,5,10,0.17143983840942384
4,4,5,12,0.1680626630783081
4,4,5,14,0.16437792778015137
4,4,5,16,0.17276487350463868
4,4,5,18,0.17087464332580565
4,4,5,20,0.17135267257690429
4,4,5,22,0.17285459041595458
4,4,5,24,0.17106344699859619
4,4,5,26,0.17523999214172364
4,4,5,28,0.1759589672088623
4,4,5,30,0.18065462112426758
4,4,5,32,0.1822453260421753
4,4,5,34,0.1811006784439087
4,4,5,36,0.18613982200622559
4,4,5,38,0.18723843097686768
4,4,5,40,0.1880344867706299
4,4,6,2,0.5367470502853393
4,4,6,4,0.3056973457336426
4,4,6,6,0.2270024299621582
4,4,6,8,0.19361977577209472
4,4,6,10,0.17182474136352538
4,4,6,12,0.1688601016998291
4,4,6,14,0.16533236503601073
4,4,6,16,0.17032012939453126
4,4,6,18,0.17735049724578858
4,4,6,20,0.1695783853530884
4,4,6,22,0.17352418899536132
4,4,6,24,0.17041778564453125
4,4,6,26,0.18121545314788817
4,4,6,28,0.18126487731933594
4,4,6,30,0.17917380332946778
4,4,6,32,0.18098797798156738
4,4,6,34,0.18680193424224853
4,4,6,36,0.1888509750366211
4,4,6,38,0.1868175745010376
4,4,6,40,0.19243667125701905
4,4,7,2,0.5417263031005859
4,4,7,4,0.3098843336105347
4,4,7,6,0.22457878589630126
4,4,7,8,0.1895355224609375
4,4,7,10,0.17626018524169923
4,4,7,12,0.17014539241790771
4,4,7,14,0.1673208951950073
4,4,7,16,0.1757312536239624
4,4,7,18,0.17811942100524902
4,4,7,20,0.1718136787414551
4,4,7,22,0.17271883487701417
4,4,7,24,0.1759883403778076
4,4,7,26,0.17882921695709228
4,4,7,28,0.17500691413879393
4,4,7,30,0.18308417797088622
4,4,7,32,0.17768330574035646
4,4,7,34,0.18324742317199708
4,4,7,36,0.18395552635192872
4,4,7,38,0.19050278663635253
4,4,7,40,0.19285285472869873
4,4,8,2,0.5355107307434082
4,4,8,4,0.3095729112625122
4,4,8,6,0.22659244537353515
4,4,8,8,0.1880192756652832
4,4,8,10,0.16916484832763673
4,4,8,12,0.16941461563110352
4,4,8,14,0.16603386402130127
4,4,8,16,0.17283093929290771
4,4,8,18,0.17068328857421874
4,4,8,20,0.16762354373931884
4,4,8,22,0.1746988296508789
4,4,8,24,0.17246630191802978
4,4,8,26,0.17606332302093505
4,4,8,28,0.17499849796295167
4,4,8,30,0.1792203426361084
4,4,8,32,0.1830368757247925
4,4,8,34,0.18166100978851318
4,4,8,36,0.18901512622833253
4,4,8,38,0.1889965534210205
4,4,8,40,0.19394333362579347
4,5,0,1,1.8935035467147827
4,5,1,2,1.1831556558609009
4,5,1,4,0.7264621257781982
4,5,1,6,0.5825292110443115
4,5,1,8,0.5061622142791748
4,5,1,10,0.47854459285736084
4,5,1,12,0.47644116878509524
4,5,1,14,0.4689587116241455
4,5,1,16,0.4693806886672974
4,5,1,18,0.46996679306030276
4,5,1,20,0.47007036209106445
4,5,1,22,0.46872026920318605
4,5,1,24,0.47029135227203367
4,5,1,26,0.47018334865570066
4,5,1,28,0.47049679756164553
4,5,1,30,0.4691686391830444
4,5,1,32,0.46916511058807375
4,5,1,34,0.4690587282180786
4,5,1,36,0.47030105590820315
4,5,1,38,0.47046873569488523
4,5,1,40,0.47280733585357665
4,5,2,2,1.186006760597229
4,5,2,4,0.6567606925964355
4,5,2,6,0.4831432819366455
4,5,2,8,0.40927059650421144
4,5,2,10,0.372062087059021
4,5,2,12,0.35243270397186277
4,5,2,14,0.35107598304748533
4,5,2,16,0.3437999725341797
4,5,2,18,0.34356369972229006
4,5,2,20,0.346197509765625
4,5,2,22,0.3442702293395996
4,5,2,24,0.3537318468093872
4,5,2,26,0.36040353775024414
4,5,2,28,0.359372878074646
4,5,2,30,0.373378324508667
4,5,2,32,0.36437463760375977
4,5,2,34,0.37004287242889405
4,5,2,36,0.36638081073760986
4,5,2,38,0.3774462938308716
4,5,2,40,0.38499085903167723
4,5,3,2,1.1610583305358886
4,5,3,4,0.6786778450012207
4,5,3,6,0.47914369106292726
4,5,3,8,0.39596555233001707
4,5,3,10,0.3401389837265015
4,5,3,12,0.33218836784362793
4,5,3,14,0.3184336185455322
4,5,3,16,0.3185619831085205
4,5,3,18,0.3124229907989502
4,5,3,20,0.305340313911438
4,5,3,22,0.3093347787857056
4,5,3,24,0.3120633363723755
4,5,3,26,0.31634156703948973
4,5,3,28,0.32531325817108153
4,5,3,30,0.31909475326538084
4,5,3,32,0.33123776912689207
4,5,3,34,0.3384481191635132
4,5,3,36,0.33846473693847656
4,5,3,38,0.34249560832977294
4,5,3,40,0.34865550994873046
4,5,4,2,1.1782942295074463
4,5,4,4,0.6595213651657105
4,5,4,6,0.4775019407272339
4,5,4,8,0.38723139762878417
4,5,4,10,0.3437374114990234
4,5,4,12,0.3283764123916626
4,5,4,14,0.31442091464996336
4,5,4,16,0.31393444538116455
4,5,4,18,0.3059758186340332
4,5,4,20,0.3032161951065063
4,5,4,22,0.30707406997680664
4,5,4,24,0.30894277095794676
4,5,4,26,0.3065780162811279
4,5,4,28,0.31041269302368163
4,5,4,30,0.3147110462188721
4,5,4,32,0.31880137920379636
4,5,4,34,0.32086939811706544
4,5,4,36,0.3212718486785889
4,5,4,38,0.3328149080276489
4,5,4,40,0.3407557487487793
4,5,5,2,1.1761515140533447
4,5,5,4,0.6680755138397216
4,5,5,6,0.47655937671661375
4,5,5,8,0.38845508098602294
4,5,5,10,0.34296574592590334
4,5,5,12,0.3305984020233154
4,5,5,14,0.3117749452590942
4,5,5,16,0.31139822006225587
4,5,5,18,0.30617995262145997
4,5,5,20,0.3029369592666626
4,5,5,22,0.30496742725372317
4,5,5,24,0.30694782733917236
4,5,5,26,0.3072227478027344
4,5,5,28,0.31272163391113283
4,5,5,30,0.31680712699890134
4,5,5,32,0.3161718130111694
4,5,5,34,0.32232189178466797
4,5,5,36,0.3256567716598511
4,5,5,38,0.33592393398284914
4,5,5,40,0.33562848567962644
4,5,6,2,1.1837476253509522
4,5,6,4,0.6783106327056885
4,5,6,6,0.48234460353851316
4,5,6,8,0.39082863330841067
4,5,6,10,0.33803839683532716
4,5,6,12,0.32498161792755126
4,5,6,14,0.3133533000946045
4,5,6,16,0.31294329166412355
4,5,6,18,0.3039907217025757
4,5,6,20,0.3017296314239502
4,5,6,22,0.3007895708084106
4,5,6,24,0.30476951599121094
4,5,6,26,0.30992348194122316
4,5,6,28,0.3051826238632202
4,5,6,30,0.3163356065750122
4,5,6,32,0.3158376693725586
4,5,6,34,0.3254178524017334
4,5,6,36,0.3303759336471558
4,5,6,38,0.3323884248733521
4,5,6,40,0.3350913763046265
4,5,7,2,1.1792508602142333
4,5,7,4,0.6637494325637817
4,5,7,6,0.4738908052444458
4,5,7,8,0.3947835206985474
4,5,7,10,0.340002179145813
4,5,7,12,0.327269172668457
4,5,7,14,0.3137586355209351
4,5,7,16,0.31685020923614504
4,5,7,18,0.30787785053253175
4,5,7,20,0.3029501914978027
4,5,7,22,0.30225865840911864
4,5,7,24,0.3078370809555054
4,5,7,26,0.3067910671234131
4,5,7,28,0.30586559772491456
4,5,7,30,0.31595640182495116
4,5,7,32,0.3196499109268188
4,5,7,34,0.3282103300094604
4,5,7,36,0.33146181106567385
4,5,7,38,0.3259922504425049
4,5,7,40,0.3363559484481812
4,5,8,2,1.191520619392395
4,5,8,4,0.6649887561798096
4,5,8,6,0.478380012512207
4,5,8,8,0.39502720832824706
4,5,8,10,0.3419115304946899
4,5,8,12,0.32863821983337405
4,5,8,14,0.31191864013671877
4,5,8,16,0.3153857707977295
4,5,8,18,0.31244897842407227
4,5,8,20,0.3036794900894165
4,5,8,22,0.304980206489563
4,5,8,24,0.30543406009674073
4,5,8,26,0.3017954111099243
4,5,8,28,0.31398897171020507
4,5,8,30,0.313833212852478
4,5,8,32,0.32158408164978025
4,5,8,34,0.3193004846572876
4,5,8,36,0.3231278657913208
4,5,8,38,0.3364884614944458
4,5,8,40,0.3362259864807129
4,6,0,1,2.9661929845809936
4,6,1,2,1.59885892868042
4,6,1,4,1.0052305459976196
4,6,1,6,0.7944207906723022
4,6,1,8,0.7085747003555298
4,6,1,10,0.6486525774002075
4,6,1,12,0.620045518875122
4,6,1,14,0.6220546960830688
4,6,1,16,0.6151041507720947
4,6,1,18,0.61638925075531
4,6,1,20,0.6159732818603516
4,6,1,22,0.6151405572891235
4,6,1,24,0.6159548044204712
4,6,1,26,0.6179025888442993
4,6,1,28,0.6198284149169921
4,6,1,30,0.6189257383346558
4,6,1,32,0.6180007457733154
4,6,1,34,0.6169247388839721
4,6,1,36,0.6168749332427979
4,6,1,38,0.6164610862731934
4,6,1,40,0.6180836677551269
4,6,2,2,1.627683901786804
4,6,2,4,0.9129430294036865
4,6,2,6,0.6655068635940552
4,6,2,8,0.5463368892669678
4,6,2,10,0.48497557640075684
4,6,2,12,0.4552750110626221
4,6,2,14,0.4418147325515747
4,6,2,16,0.4458440065383911
4,6,2,18,0.4351983547210693
4,6,2,20,0.4302493095397949
4,6,2,22,0.4224834442138672
4,6,2,24,0.4323441743850708
4,6,2,26,0.43166289329528806
4,6,2,28,0.4499668598175049
4,6,2,30,0.4568031787872314
4,6,2,32,0.4537015199661255
4,6,2,34,0.45262062549591064
4,6,2,36,0.4564829349517822
4,6,2,38,0.4578667879104614
4,6,2,40,0.46875782012939454
4,6,3,2,1.747699785232544
4,6,3,4,0.9674548387527466
4,6,3,6,0.6888864994049072
4,6,3,8,0.5646405696868897
4,6,3,10,0.4846816062927246
4,6,3,12,0.448417067527771
4,6,3,14,0.41533570289611815
4,6,3,16,0.40893652439117434
4,6,3,18,0.40515186786651614
4,6,3,20,0.39364578723907473
4,6,3,22,0.39276483058929446
4,6,3,24,0.3931415319442749
4,6,3,26,0.39542126655578613
4,6,3,28,0.39489433765411375
4,6,3,30,0.4066041946411133
4,6,3,32,0.4108694791793823
4,6,3,34,0.4127561092376709
4,6,3,36,0.4133059024810791
4,6,3,38,0.41680235862731935
4,6,3,40,0.42933461666107176
4,6,4,2,1.7697046995162964
4,6,4,4,0.9726257085800171
4,6,4,6,0.6871747732162475
4,6,4,8,0.5581694841384888
4,6,4,10,0.4775860786437988
4,6,4,12,0.4500410556793213
4,6,4,14,0.4109057426452637
4,6,4,16,0.3949832201004028
4,6,4,18,0.3850282669067383
4,6,4,20,0.37817161083221434
4,6,4,22,0.3807729005813599
4,6,4,24,0.3839073181152344
4,6,4,26,0.38231046199798585
4,6,4,28,0.38188536167144777
4,6,4,30,0.38517050743103026
4,6,4,32,0.38719136714935304
4,6,4,34,0.39229750633239746
4,6,4,36,0.39078032970428467
4,6,4,38,0.39985079765319825
4,6,4,40,0.40594120025634767
4,6,5,2,1.7640880823135376
4,6,5,4,0.9693197250366211
4,6,5,6,0.6894793510437012
4,6,5,8,0.5558699846267701
4,6,5,10,0.4708832263946533
4,6,5,12,0.44615349769592283
4,6,5,14,0.404583740234375
4,6,5,16,0.4050553560256958
4,6,5,18,0.3887360095977783
4,6,5,20,0.3777215003967285
4,6,5,22,0.3793473243713379
4,6,5,24,0.3811636447906494
4,6,5,26,0.38182103633880615
4,6,5,28,0.3813455104827881
4,6,5,30,0.38351428508758545
4,6,5,32,0.3895446538925171
4,6,5,34,0.38722479343414307
4,6,5,36,0.394538140296936
4,6,5,38,0.39800682067871096
4,6,5,40,0.40791265964508056
4,6,6,2,1.768130373954773
4,6,6,4,0.9712141513824463
4,6,6,6,0.696476149559021
4,6,6,8,0.558650541305542
4,6,6,10,0.4715512990951538
4,6,6,12,0.4410012483596802
4,6,6,14,0.41490960121154785
4,6,6,16,0.3989833354949951
4,6,6,18,0.38722643852233884
4,6,6,20,0.3773509979248047
4,6,6,22,0.37799625396728515
4,6,6,24,0.37482855319976804
4,6,6,26,0.377399206161499
4,6,6,28,0.38039321899414064
4,6,6,30,0.382507848739624
4,6,6,32,0.38262648582458497
4,6,6,34,0.392166805267334
4,6,6,36,0.3991023778915405
4,6,6,38,0.3992539644241333
4,6,6,40,0.40208802223205564
4,6,7,2,1.763598084449768
4,6,7,4,0.9698908567428589
4,6,7,6,0.6849329233169555
4,6,7,8,0.5569164276123046
4,6,7,10,0.46372051239013673
4,6,7,12,0.4454876661300659
4,6,7,14,0.41317574977874755
4,6,7,16,0.39900133609771726
4,6,7,18,0.38781569004058836
4,6,7,20,0.3832066535949707
4,6,7,22,0.3832984924316406
4,6,7,24,0.38015716075897216
4,6,7,26,0.37536935806274413
4,6,7,28,0.380863881111145
4,6,7,30,0.3845221519470215
4,6,7,32,0.389941668510437
4,6,7,34,0.3854756593704224
4,6,7,36,0.39073317050933837
4,6,7,38,0.39867596626281737
4,6,7,40,0.40328710079193114
4,6,8,2,1.8133244514465332
4,6,8,4,0.9972553253173828
4,6,8,6,0.6928282022476197
4,6,8,8,0.5507937669754028
4,6,8,10,0.46330971717834474
4,6,8,12,0.4436102151870728
4,6,8,14,0.4108618497848511
4,6,8,16,0.39891226291656495
4,6,8,18,0.3905427694320679
4,6,8,20,0.3780869483947754
4,6,8,22,0.3737258195877075
4,6,8,24,0.38222336769104004
4,6,8,26,0.38253610134124755
4,6,8,28,0.38133218288421633
4,6,8,30,0.3820232391357422
4,6,8,32,0.38695707321166994
4,6,8,34,0.39418797492980956
4,6,8,36,0.3970156669616699
4,6,8,38,0.4013783931732178
4,6,8,40,0.40793838500976565
4,7,0,1,5.012998127937317
4,7,1,2,2.702747130393982
4,7,1,4,1.6450765609741211
4,7,1,6,1.3499269485473633
4,7,1,8,1.1792505741119386
4,7,1,10,1.0993152618408204
4,7,1,12,1.0991235494613647
4,7,1,14,1.0627313137054444
4,7,1,16,1.0259793281555176
4,7,1,18,1.055432629585266
4,7,1,20,1.0245641708374023
4,7,1,22,1.0313322067260742
4,7,1,24,1.0329246044158935
4,7,1,26,1.037199282646179
4,7,1,28,1.0674294710159302
4,7,1,30,1.0388740062713624
4,7,1,32,1.052538776397705
4,7,1,34,1.0504212141036988
4,7,1,36,1.0517298936843873
4,7,1,38,1.051457405090332
4,7,1,40,1.0539765119552613
4,7,2,2,2.8628507614135743
4,7,2,4,1.5325019598007201
4,7,2,6,1.0921650886535645
4,7,2,8,0.8707253456115722
4,7,2,10,0.761232328414917
4,7,2,12,0.7231387376785279
4,7,2,14,0.6941942691802978
4,7,2,16,0.6761913776397706
4,7,2,18,0.6464336395263672
4,7,2,20,0.64040207862854
4,7,2,22,0.6168731927871705
4,7,2,24,0.659034538269043
4,7,2,26,0.6422312498092652
4,7,2,28,0.6636515378952026
4,7,2,30,0.6654617309570312
4,7,2,32,0.6653005361557007
4,7,2,34,0.6847748756408691
4,7,2,36,0.6817040920257569
4,7,2,38,0.6955175876617432
4,7,2,40,0.7104338884353638
4,7,3,2,2.900458335876465
4,7,3,4,1.5613791942596436
4,7,3,6,1.110137128829956
4,7,3,8,0.8913407802581788
4,7,3,10,0.753800630569458
4,7,3,12,0.6997881889343261
4,7,3,14,0.649366307258606
4,7,3,16,0.6225051403045654
4,7,3,18,0.5958398580551147
4,7,3,20,0.5752300024032593
4,7,3,22,0.5806242465972901
4,7,3,24,0.5705891847610474
4,7,3,26,0.5909676790237427
4,7,3,28,0.5814621448516846
4,7,3,30,0.5875380277633667
4,7,3,32,0.5906657218933106
4,7,3,34,0.6021604537963867
4,7,3,36,0.6143112421035767
4,7,3,38,0.6256203889846802
4,7,3,40,0.6251874685287475
4,7,4,2,2.8844706535339357
4,7,4,4,1.5793004035949707
4,7,4,6,1.1147974729537964
4,7,4,8,0.9051252841949463
4,7,4,10,0.7606048583984375
4,7,4,12,0.7015503883361817
4,7,4,14,0.6480313777923584
4,7,4,16,0.6122395038604737
4,7,4,18,0.5882765293121338
4,7,4,20,0.5698351860046387
4,7,4,22,0.569672966003418
4,7,4,24,0.5705914497375488
4,7,4,26,0.5742591857910156
4,7,4,28,0.5761106967926025
4,7,4,30,0.5670372247695923
4,7,4,32,0.5712518692016602
4,7,4,34,0.5852961540222168
4,7,4,36,0.5893513202667237
4,7,4,38,0.5998279809951782
4,7,4,40,0.5986818313598633
4,7,5,2,2.890103268623352
4,7,5,4,1.5828048229217528
4,7,5,6,1.1103102684020996
4,7,5,8,0.8966407537460327
4,7,5,10,0.7572089910507203
4,7,5,12,0.7038307666778565
4,7,5,14,0.6550464153289794
4,7,5,16,0.6185473680496216
4,7,5,18,0.5929795980453492
4,7,5,20,0.5740154027938843
4,7,5,22,0.565526008605957
4,7,5,24,0.5674792528152466
4,7,5,26,0.5657579898834229
4,7,5,28,0.5685808897018433
4,7,5,30,0.577737832069397
4,7,5,32,0.5831101655960083
4,7,5,34,0.5845894336700439
4,7,5,36,0.5948601961135864
4,7,5,38,0.5965367317199707
4,7,5,40,0.5994947195053101
4,7,6,2,2.94572856426239
4,7,6,4,1.5929913520812988
4,7,6,6,1.1166852235794067
4,7,6,8,0.8902454376220703
4,7,6,10,0.7478374719619751
4,7,6,12,0.6998752593994141
4,7,6,14,0.6514386415481568
4,7,6,16,0.6190736293792725
4,7,6,18,0.5928117990493774
4,7,6,20,0.5723985433578491
4,7,6,22,0.5689722299575806
4,7,6,24,0.5677823066711426
4,7,6,26,0.5728134632110595
4,7,6,28,0.5698019027709961
4,7,6,30,0.5691921234130859
4,7,6,32,0.5740896463394165
4,7,6,34,0.5887287139892579
4,7,6,36,0.5923754930496216
4,7,6,38,0.5947368144989014
4,7,6,40,0.6040476799011231
4,7,7,2,3.0551201343536376
4,7,7,4,1.6200631618499757
4,7,7,6,1.1245791912078857
4,7,7,8,0.8897727012634278
4,7,7,10,0.7514787673950195
4,7,7,12,0.7008788585662842
4,7,7,14,0.6462842702865601
4,7,7,16,0.6148216247558593
4,7,7,18,0.5893108367919921
4,7,7,20,0.568218183517456
4,7,7,22,0.5718253374099731
4,7,7,24,0.5656773328781128
4,7,7,26,0.569252324104309
4,7,7,28,0.5646820545196534
4,7,7,30,0.5742557287216187
4,7,7,32,0.5757338285446167
4,7,7,34,0.5815869569778442
4,7,7,36,0.594379997253418
4,7,7,38,0.595801591873169
4,7,7,40,0.6093414783477783
4,7,8,2,2.9021520376205445
4,7,8,4,1.6273861408233643
4,7,8,6,1.131844401359558
4,7,8,8,0.8995526552200317
4,7,8,10,0.758572006225586
4,7,8,12,0.6979947090148926
4,7,8,14,0.6460004568099975
4,7,8,16,0.615013313293457
4,7,8,18,0.5895261287689209
4,7,8,20,0.575322961807251
4,7,8,22,0.5733075857162475
4,7,8,24,0.5667559862136841
4,7,8,26,0.5678475856781006
4,7,8,28,0.5686991214752197
4,7,8,30,0.5769472599029541
4,7,8,32,0.5791982650756836
4,7,8,34,0.5815620422363281
4,7,8,36,0.5906152486801147
4,7,8,38,0.6001243352890014
4,7,8,40,0.6036888837814331
4,8,0,1,9.34690043926239
4,8,1,2,5.072202825546265
4,8,1,4,3.108751964569092
4,8,1,6,2.3839836597442625
4,8,1,8,2.063164567947388
4,8,1,10,1.9088545799255372
4,8,1,12,1.7684503555297852
4,8,1,14,1.7392240524291993
4,8,1,16,1.5758225202560425
4,8,1,18,1.60273334980011
4,8,1,20,1.5579383373260498
4,8,1,22,1.5522698879241943
4,8,1,24,1.5714773416519165
4,8,1,26,1.5842125177383424
4,8,1,28,1.5749070405960084
4,8,1,30,1.5709241867065429
4,8,1,32,1.575704002380371
4,8,1,34,1.5955431699752807
4,8,1,36,1.5840376377105714
4,8,1,38,1.5585535764694214
4,8,1,40,1.560460138320923
4,8,2,2,4.970597720146179
4,8,2,4,2.740701603889465
4,8,2,6,1.9636738777160645
4,8,2,8,1.6037507057189941
4,8,2,10,1.3690789937973022
4,8,2,12,1.2575012683868407
4,8,2,14,1.170781397819519
4,8,2,16,1.0626720666885376
4,8,2,18,1.0129914283752441
4,8,2,20,0.9586699485778809
4,8,2,22,0.9596282243728638
4,8,2,24,0.9626857519149781
4,8,2,26,0.9628717422485351
4,8,2,28,0.9956971645355225
4,8,2,30,1.03488347530365
4,8,2,32,1.010760521888733
4,8,2,34,1.006719422340393
4,8,2,36,1.004120111465454
4,8,2,38,1.0039611101150512
4,8,2,40,1.0160780906677247
4,8,3,2,5.145864653587341
4,8,3,4,2.8167592525482177
4,8,3,6,1.9695032596588136
4,8,3,8,1.5395759344100952
4,8,3,10,1.290142822265625
4,8,3,12,1.1938677549362182
4,8,3,14,1.0823307275772094
4,8,3,16,0.9896670341491699
4,8,3,18,0.9229249000549317
4,8,3,20,0.8844293117523193
4,8,3,22,0.8849678993225097
4,8,3,24,0.8860052347183227
4,8,3,26,0.8720267534255981
4,8,3,28,0.8853420972824096
4,8,3,30,0.8892390012741089
4,8,3,32,0.8874250888824463
4,8,3,34,0.8947130441665649
4,8,3,36,0.9063705921173095
4,8,3,38,0.9172907829284668
4,8,3,40,0.9120522022247315
4,8,4,2,5.236469292640686
4,8,4,4,2.837048602104187
4,8,4,6,1.9692595720291137
4,8,4,8,1.5495484113693236
4,8,4,10,1.3078770160675048
4,8,4,12,1.1732110738754273
4,8,4,14,1.064356303215027
4,8,4,16,0.9968982219696045
4,8,4,18,0.9250357866287231
4,8,4,20,0.8910919189453125
4,8,4,22,0.8881635665893555
4,8,4,24,0.8796805620193482
4,8,4,26,0.8785755872726441
4,8,4,28,0.8742146492004395
4,8,4,30,0.8795632600784302
4,8,4,32,0.8817178010940552
4,8,4,34,0.8920458793640137
4,8,4,36,0.886757755279541
4,8,4,38,0.8992780685424805
4,8,4,40,0.8869822740554809
4,8,5,2,5.24303138256073
4,8,5,4,2.8446672201156615
4,8,5,6,1.9717739582061768
4,8,5,8,1.5512450695037843
4,8,5,10,1.2989402294158936
4,8,5,12,1.1662479162216186
4,8,5,14,1.0761271953582763
4,8,5,16,0.9895766258239747
4,8,5,18,0.9285132408142089
4,8,5,20,0.8961832046508789
4,8,5,22,0.8866568803787231
4,8,5,24,0.8868785858154297
4,8,5,26,0.8764121770858765
4,8,5,28,0.8694532155990601
4,8,5,30,0.8791918277740478
4,8,5,32,0.8744031667709351
4,8,5,34,0.8771124601364135
4,8,5,36,0.8806491136550904
4,8,5,38,0.88978431224823
4,8,5,40,0.8876295566558838
4,8,6,2,5.23261878490448
4,8,6,4,2.828509497642517
4,8,6,6,1.9738628387451171
4,8,6,8,1.5617955207824707
4,8,6,10,1.3005855560302735
4,8,6,12,1.1879502296447755
4,8,6,14,1.0918092250823974
4,8,6,16,0.9883618593215943
4,8,6,18,0.9238446474075317
4,8,6,20,0.8868165969848633
4,8,6,22,0.8793779611587524
4,8,6,24,0.8669062852859497
4,8,6,26,0.8700448274612427
4,8,6,28,0.8688133239746094
4,8,6,30,0.8691213607788086
4,8,6,32,0.8690228462219238
4,8,6,34,0.8743006944656372
4,8,6,36,0.8878229141235352
4,8,6,38,0.8862945795059204
4,8,6,40,0.884902811050415
4,8,7,2,5.240803623199463
4,8,7,4,2.8390463829040526
4,8,7,6,1.9764696598052978
4,8,7,8,1.5580578327178956
4,8,7,10,1.311415719985962
4,8,7,12,1.175979208946228
4,8,7,14,1.0701377630233764
4,8,7,16,0.9883251667022706
4,8,7,18,0.932101821899414
4,8,7,20,0.8908843994140625
4,8,7,22,0.8784524202346802
4,8,7,24,0.8772639989852905
4,8,7,26,0.8827506065368652
4,8,7,28,0.8838162422180176
4,8,7,30,0.8797443628311157
4,8,7,32,0.8832861661911011
4,8,7,34,0.8870542049407959
4,8,7,36,0.8931998252868653
4,8,7,38,0.8923690319061279
4,8,7,40,0.8919346332550049
4,8,8,2,5.460574221611023
4,8,8,4,2.8667268991470336
4,8,8,6,1.981079363822937
4,8,8,8,1.5516948699951172
4,8,8,10,1.2986682891845702
4,8,8,12,1.16260085105896
4,8,8,14,1.068449902534485
4,8,8,16,0.9895000219345093
4,8,8,18,0.9229864120483399
4,8,8,20,0.8892916917800904
4,8,8,22,0.8794668674468994
4,8,8,24,0.8785527944564819
4,8,8,26,0.8686738252639771
4,8,8,28,0.8669645309448242
4,8,8,30,0.8701300621032715
4,8,8,32,0.8752255439758301
4,8,8,34,0.8788083791732788
4,8,8,36,0.8839653253555297
4,8,8,38,0.8872275352478027
4,8,8,40,0.879158902168274
4,9,0,1,16.024394845962526
4,9,1,2,8.428652667999268
4,9,1,4,4.834089612960815
4,9,1,6,3.714251184463501
4,9,1,8,3.2186452865600588
4,9,1,10,2.92271032333374
4,9,1,12,2.766379880905151
4,9,1,14,2.6817679405212402
4,9,1,16,2.563549304008484
4,9,1,18,2.574741792678833
4,9,1,20,2.5899863719940184
4,9,1,22,2.565689516067505
4,9,1,24,2.5446279764175417
4,9,1,26,2.5292277336120605
4,9,1,28,2.5764873027801514
4,9,1,30,2.5738651275634767
4,9,1,32,2.56616268157959
4,9,1,34,2.5895939826965333
4,9,1,36,2.5792080402374267
4,9,1,38,2.5776987791061403
4,9,1,40,2.55693256855011
4,9,2,2,8.564973616600037
4,9,2,4,4.645582127571106
4,9,2,6,3.25824830532074
4,9,2,8,2.673651671409607
4,9,2,10,2.2261805057525637
4,9,2,12,1.9636542797088623
4,9,2,14,1.8150969743728638
4,9,2,16,1.6881720781326295
4,9,2,18,1.63730309009552
4,9,2,20,1.5258732557296752
4,9,2,22,1.516399097442627
4,9,2,24,1.5229238271713257
4,9,2,26,1.5567848920822143
4,9,2,28,1.5343679428100585
4,9,2,30,1.5432875871658325
4,9,2,32,1.6165708541870116
4,9,2,34,1.641600203514099
4,9,2,36,1.6265554904937745
4,9,2,38,1.6178213834762574
4,9,2,40,1.5610365390777587
4,9,3,2,8.494314169883728
4,9,3,4,4.595026898384094
4,9,3,6,3.2055176496505737
4,9,3,8,2.506929850578308
4,9,3,10,2.0923014879226685
4,9,3,12,1.8516982078552247
4,9,3,14,1.680555272102356
4,9,3,16,1.5366244554519652
4,9,3,18,1.4185325860977174
4,9,3,20,1.3911275148391724
4,9,3,22,1.3811318159103394
4,9,3,24,1.3518221378326416
4,9,3,26,1.3608089447021485
4,9,3,28,1.3563923358917236
4,9,3,30,1.3742457151412963
4,9,3,32,1.3397291421890258
4,9,3,34,1.3677046298980713
4,9,3,36,1.3653599262237548
4,9,3,38,1.348936176300049
4,9,3,40,1.303857111930847
4,9,4,2,8.755319380760193
4,9,4,4,4.720919775962829
4,9,4,6,3.263045310974121
4,9,4,8,2.5185172080993654
4,9,4,10,2.0987753868103027
4,9,4,12,1.8396437883377075
4,9,4,14,1.6865652561187745
4,9,4,16,1.5323294639587401
4,9,4,18,1.4271677017211915
4,9,4,20,1.3563855171203614
4,9,4,22,1.3352722883224488
4,9,4,24,1.3229838848114013
4,9,4,26,1.327225351333618
4,9,4,28,1.3129556894302368
4,9,4,30,1.298572587966919
4,9,4,32,1.3159413099288941
4,9,4,34,1.2911595344543456
4,9,4,36,1.301905345916748
4,9,4,38,1.3120395421981812
4,9,4,40,1.2934427738189698
4,9,5,2,8.661967778205872
4,9,5,4,4.654228019714355
4,9,5,6,3.225389838218689
4,9,5,8,2.504300093650818
4,9,5,10,2.1252817153930663
4,9,5,12,1.845849299430847
4,9,5,14,1.6763789415359498
4,9,5,16,1.5303037405014037
4,9,5,18,1.4294175863265992
4,9,5,20,1.3589855194091798
4,9,5,22,1.328242015838623
4,9,5,24,1.3244118690490723
4,9,5,26,1.315859603881836
4,9,5,28,1.3221498250961303
4,9,5,30,1.3153857231140136
4,9,5,32,1.2917678356170654
4,9,5,34,1.3061789751052857
4,9,5,36,1.3082474231719972
4,9,5,38,1.2937474966049194
4,9,5,40,1.2595415115356445
4,9,6,2,8.647834777832031
4,9,6,4,4.659655332565308
4,9,6,6,3.229012703895569
4,9,6,8,2.50021653175354
4,9,6,10,2.0981408834457396
4,9,6,12,1.8317869901657104
4,9,6,14,1.6584434032440185
4,9,6,16,1.5217548131942749
4,9,6,18,1.4136387348175048
4,9,6,20,1.3506808519363402
4,9,6,22,1.3263611793518066
4,9,6,24,1.3040716171264648
4,9,6,26,1.3069447994232177
4,9,6,28,1.3050965309143066
4,9,6,30,1.3158672094345092
4,9,6,32,1.295384120941162
4,9,6,34,1.295531439781189
4,9,6,36,1.2991589784622193
4,9,6,38,1.3085967540740966
4,9,6,40,1.2654541254043579
4,9,7,2,8.65975832939148
4,9,7,4,4.688489079475403
4,9,7,6,3.2352247714996336
4,9,7,8,2.516880226135254
4,9,7,10,2.0763651609420775
4,9,7,12,1.8554503679275514
4,9,7,14,1.6560147047042846
4,9,7,16,1.5315027475357055
4,9,7,18,1.412443470954895
4,9,7,20,1.352608823776245
4,9,7,22,1.344828486442566
4,9,7,24,1.3168684244155884
4,9,7,26,1.3065123319625855
4,9,7,28,1.3142042636871338
4,9,7,30,1.3039392471313476
4,9,7,32,1.2986000299453735
4,9,7,34,1.3085747241973877
4,9,7,36,1.3017629861831665
4,9,7,38,1.3003183126449585
4,9,7,40,1.266375970840454
4,9,8,2,8.761090993881226
4,9,8,4,4.698050117492675
4,9,8,6,3.243647336959839
4,9,8,8,2.5467195749282836
4,9,8,10,2.089431571960449
4,9,8,12,1.8472615242004395
4,9,8,14,1.668262004852295
4,9,8,16,1.5190373182296752
4,9,8,18,1.4251412153244019
4,9,8,20,1.3602470874786377
4,9,8,22,1.322747039794922
4,9,8,24,1.3270174980163574
4,9,8,26,1.3055099248886108
4,9,8,28,1.3088229417800903
4,9,8,30,1.28289794921875
4,9,8,32,1.3083516359329224
4,9,8,34,1.2888829946517943
4,9,8,36,1.315239381790161
4,9,8,38,1.3011314868927002
4,9,8,40,1.2649463415145874
4,10,0,1,32.17144513130188
4,10,1,2,16.128135132789613
4,10,1,4,9.631677532196045
4,10,1,6,7.277030682563781
4,10,1,8,6.141482162475586
4,10,1,10,5.518370890617371
4,10,1,12,5.177683854103089
4,10,1,14,4.976454067230224
4,10,1,16,4.832326769828796
4,10,1,18,4.81790816783905
4,10,1,20,4.814318251609802
4,10,1,22,4.839838171005249
4,10,1,24,4.810727524757385
4,10,1,26,4.832470893859863
4,10,1,28,4.7645207166671755
4,10,1,30,4.762201261520386
4,10,1,32,4.788830089569092
4,10,1,34,4.82062976360321
4,10,1,36,4.825659060478211
4,10,1,38,4.81441719532013
4,10,1,40,4.869911074638367
4,10,2,2,15.608724474906921
4,10,2,4,8.595647072792053
4,10,2,6,6.106131196022034
4,10,2,8,4.690609359741211
4,10,2,10,4.025740385055542
4,10,2,12,3.4829404830932615
4,10,2,14,3.1679462671279905
4,10,2,16,2.927876663208008
4,10,2,18,2.741484594345093
4,10,2,20,2.679480481147766
4,10,2,22,2.594646143913269
4,10,2,24,2.6565239906311033
4,10,2,26,2.693855142593384
4,10,2,28,2.6549044847488403
4,10,2,30,2.6619333982467652
4,10,2,32,2.57953941822052
4,10,2,34,2.6614077568054197
4,10,2,36,2.5377117156982423
4,10,2,38,2.6345223665237425
4,10,2,40,2.629246187210083
4,10,3,2,15.860831212997436
4,10,3,4,8.589299249649049
4,10,3,6,5.9293311595916744
4,10,3,8,4.589068174362183
4,10,3,10,3.798625421524048
4,10,3,12,3.301105570793152
4,10,3,14,3.0035033226013184
4,10,3,16,2.7315316438674926
4,10,3,18,2.5447582244873046
4,10,3,20,2.399004602432251
4,10,3,22,2.3005178689956667
4,10,3,24,2.287541079521179
4,10,3,26,2.2934276819229127
4,10,3,28,2.296061897277832
4,10,3,30,2.3134023904800416
4,10,3,32,2.24822313785553
4,10,3,34,2.235630965232849
4,10,3,36,2.2184894323349
4,10,3,38,2.214339780807495
4,10,3,40,2.11967134475708
4,10,4,2,16.152165699005128
4,10,4,4,8.727262592315673
4,10,4,6,6.004409718513489
4,10,4,8,4.619467854499817
4,10,4,10,3.8507816553115846
4,10,4,12,3.3546485900878906
4,10,4,14,2.9876076936721803
4,10,4,16,2.743104338645935
4,10,4,18,2.541062927246094
4,10,4,20,2.370841717720032
4,10,4,22,2.290145921707153
4,10,4,24,2.2731396913528443
4,10,4,26,2.2392459154129027
4,10,4,28,2.239165472984314
4,10,4,30,2.2153247117996218
4,10,4,32,2.219850015640259
4,10,4,34,2.213702392578125
4,10,4,36,2.1785385370254517
4,10,4,38,2.1884877681732178
4,10,4,40,2.113603639602661
4,10,5,2,16.205815839767457
4,10,5,4,8.746834635734558
4,10,5,6,6.005698418617248
4,10,5,8,4.6329868078231815
4,10,5,10,3.8274375915527346
4,10,5,12,3.327290415763855
4,10,5,14,2.9963737964630126
4,10,5,16,2.7561267852783202
4,10,5,18,2.5283065319061278
4,10,5,20,2.3904924392700195
4,10,5,22,2.3116714000701903
4,10,5,24,2.2884454011917112
4,10,5,26,2.2371514797210694
4,10,5,28,2.2281585693359376
4,10,5,30,2.1918878078460695
4,10,5,32,2.2075355052948
4,10,5,34,2.1948012590408323
4,10,5,36,2.2226470470428468
4,10,5,38,2.190464973449707
4,10,5,40,2.0982789039611816
4,10,6,2,16.26578207015991
4,10,6,4,8.771163249015808
4,10,6,6,6.067929482460022
4,10,6,8,4.6379906177520756
4,10,6,10,3.827238988876343
4,10,6,12,3.321418118476868
4,10,6,14,2.9710387229919433
4,10,6,16,2.765419340133667
4,10,6,18,2.5453586101531984
4,10,6,20,2.4057971239089966
4,10,6,22,2.3259807586669923
4,10,6,24,2.3031575202941896
4,10,6,26,2.2739763021469117
4,10,6,28,2.2289649724960325
4,10,6,30,2.247075581550598
4,10,6,32,2.2705437898635865
4,10,6,34,2.204953837394714
4,10,6,36,2.2048987627029417
4,10,6,38,2.2072484254837037
4,10,6,40,2.0663489818573
4,10,7,2,16.19045376777649
4,10,7,4,8.83032705783844
4,10,7,6,6.0505879640579225
4,10,7,8,4.648799729347229
4,10,7,10,3.8555518627166747
4,10,7,12,3.358368229866028
4,10,7,14,3.0173242807388307
4,10,7,16,2.753433012962341
4,10,7,18,2.54786479473114
4,10,7,20,2.383848547935486
4,10,7,22,2.2850455045700073
4,10,7,24,2.303526186943054
4,10,7,26,2.26007764339447
4,10,7,28,2.26620557308197
4,10,7,30,2.2321828603744507
4,10,7,32,2.221580410003662
4,10,7,34,2.220166230201721
4,10,7,36,2.206673574447632
4,10,7,38,2.199611949920654
4,10,7,40,2.1179141283035277
4,10,8,2,16.19999325275421
4,10,8,4,8.771386313438416
4,10,8,6,6.02537248134613
4,10,8,8,4.628691411018371
4,10,8,10,3.9175475597381593
4,10,8,12,3.342192530632019
4,10,8,14,3.0186534881591798
4,10,8,16,2.7598229885101317
4,10,8,18,2.532036638259888
4,10,8,20,2.37658748626709
4,10,8,22,2.284630036354065
4,10,8,24,2.2576472997665404
4,10,8,26,2.2418084383010863
4,10,8,28,2.247788834571838
4,10,8,30,2.202741503715515
4,10,8,32,2.1159385204315186
4,10,8,34,2.0896866083145142
4,10,8,36,2.1302560806274413
4,10,8,38,2.019965648651123
4,10,8,40,1.9769970178604126
4,11,0,1,40.6107861995697
4,11,1,2,22.792787504196166
4,11,1,4,13.259318351745605
4,11,1,6,10.177546763420105
4,11,1,8,8.624278283119201
4,11,1,10,7.929961681365967
4,11,1,12,7.538858318328858
4,11,1,14,7.054378390312195
4,11,1,16,6.456919813156128
4,11,1,18,6.560074329376221
4,11,1,20,6.462162661552429
4,11,1,22,6.460027837753296
4,11,1,24,6.479211521148682
4,11,1,26,6.427274608612061
4,11,1,28,6.4097915410995485
4,11,1,30,6.496033358573913
4,11,1,32,6.463934373855591
4,11,1,34,6.507030510902405
4,11,1,36,6.495528364181519
4,11,1,38,6.474531412124634
4,11,1,40,6.424035429954529
4,11,2,2,21.432428526878358
4,11,2,4,11.638575983047485
4,11,2,6,8.24046995639801
4,11,2,8,6.5562885999679565
4,11,2,10,5.413432192802429
4,11,2,12,4.870733428001404
4,11,2,14,4.4924088478088375
4,11,2,16,3.8544159173965453
4,11,2,18,3.7003836631774902
4,11,2,20,3.457052159309387
4,11,2,22,3.3218746185302734
4,11,2,24,3.2466578006744387
4,11,2,26,3.4132062435150146
4,11,2,28,3.2818172216415404
4,11,2,30,3.2915462255477905
4,11,2,32,3.2729236841201783
4,11,2,34,3.4541221857070923
4,11,2,36,3.466952991485596
4,11,2,38,3.3978122234344483
4,11,2,40,3.3108678579330446
4,11,3,2,22.45784556865692
4,11,3,4,11.639624953269958
4,11,3,6,7.900262498855591
4,11,3,8,6.183469605445862
4,11,3,10,5.05601019859314
4,11,3,12,4.4276179552078245
4,11,3,14,3.9263967752456663
4,11,3,16,3.6430827617645263
4,11,3,18,3.3100096702575685
4,11,3,20,3.0673231363296507
4,11,3,22,2.9876305103302
4,11,3,24,2.9816699743270876
4,11,3,26,2.9678345918655396
4,11,3,28,2.9505788564682005
4,11,3,30,2.9183852910995483
4,11,3,32,2.8550983905792235
4,11,3,34,2.8796788454055786
4,11,3,36,2.7971096277236938
4,11,3,38,2.791629600524902
4,11,3,40,2.629057192802429
4,11,4,2,21.62455689907074
4,11,4,4,11.51177875995636
4,11,4,6,7.905701947212219
4,11,4,8,6.142384386062622
4,11,4,10,5.096148133277893
4,11,4,12,4.380795216560363
4,11,4,14,3.9540119409561156
4,11,4,16,3.6002028465270994
4,11,4,18,3.317220664024353
4,11,4,20,3.115233898162842
4,11,4,22,2.9531882762908936
4,11,4,24,2.8783995389938353
4,11,4,26,2.848330760002136
4,11,4,28,2.804812431335449
4,11,4,30,2.818370008468628
4,11,4,32,2.8310131072998046
4,11,4,34,2.7853283643722535
4,11,4,36,2.7705025672912598
4,11,4,38,2.758146286010742
4,11,4,40,2.6156960248947145
4,11,5,2,21.330259227752684
4,11,5,4,11.540012979507447
4,11,5,6,7.913496112823486
4,11,5,8,6.135062646865845
4,11,5,10,5.051608753204346
4,11,5,12,4.372375965118408
4,11,5,14,3.979785203933716
4,11,5,16,3.5838735342025756
4,11,5,18,3.2957321643829345
4,11,5,20,3.076241135597229
4,11,5,22,2.9321959972381593
4,11,5,24,2.840787672996521
4,11,5,26,2.7684632778167724
4,11,5,28,2.802345108985901
4,11,5,30,2.789080834388733
4,11,5,32,2.7401623487472535
4,11,5,34,2.7467278242111206
4,11,5,36,2.8162443161010744
4,11,5,38,2.702752685546875
4,11,5,40,2.622379732131958
4,11,6,2,21.297153258323668
4,11,6,4,11.531287169456482
4,11,6,6,7.898740029335022
4,11,6,8,6.128572249412537
4,11,6,10,5.157556271553039
4,11,6,12,4.436457633972168
4,11,6,14,3.995990014076233
4,11,6,16,3.5677452802658083
4,11,6,18,3.253583550453186
4,11,6,20,3.10677855014801
4,11,6,22,2.963395428657532
4,11,6,24,2.8021283626556395
4,11,6,26,2.746172642707825
4,11,6,28,2.702118492126465
4,11,6,30,2.6457140684127807
4,11,6,32,2.672847771644592
4,11,6,34,2.624648904800415
4,11,6,36,2.5827736854553223
4,11,6,38,2.555200457572937
4,11,6,40,2.4361843824386598
4,11,7,2,21.78396120071411
4,11,7,4,11.589490485191345
4,11,7,6,8.051678729057311
4,11,7,8,6.223772430419922
4,11,7,10,5.117481970787049
4,11,7,12,4.4428811311721805
4,11,7,14,3.9336813926696776
4,11,7,16,3.5705862998962403
4,11,7,18,3.242103433609009
4,11,7,20,3.1423685550689697
4,11,7,22,2.985844588279724
4,11,7,24,2.9177451372146606
4,11,7,26,2.842151093482971
4,11,7,28,2.737216258049011
4,11,7,30,2.8243077039718627
4,11,7,32,2.7534452438354493
4,11,7,34,2.7836827278137206
4,11,7,36,2.694499707221985
4,11,7,38,2.7173989057540893
4,11,7,40,2.55376250743866
4,11,8,2,21.672104120254517
4,11,8,4,11.582887315750122
4,11,8,6,7.931284761428833
4,11,8,8,6.1382975578308105
4,11,8,10,5.116264700889587
4,11,8,12,4.400852751731873
4,11,8,14,3.9582552194595335
4,11,8,16,3.6135175466537475
4,11,8,18,3.3240703344345093
4,11,8,20,3.071507453918457
4,11,8,22,2.9289070844650267
4,11,8,24,2.863620924949646
4,11,8,26,2.8633156538009645
4,11,8,28,2.818470335006714
4,11,8,30,2.797073554992676
4,11,8,32,2.7573415994644166
4,11,8,34,2.7656424045562744
4,11,8,36,2.778752899169922
4,11,8,38,2.740607571601868
4,11,8,40,2.5781726837158203
4,12,0,1,65.63440794944763
4,12,1,2,35.60045735836029
4,12,1,4,20.705125164985656
4,12,1,6,15.249974942207336
4,12,1,8,12.606193923950196
4,12,1,10,11.314560556411744
4,12,1,12,10.337653541564942
4,12,1,14,9.804771828651429
4,12,1,16,8.7497483253479
4,12,1,18,8.8460613489151
4,12,1,20,8.763123035430908
4,12,1,22,8.784887194633484
4,12,1,24,8.883464097976685
4,12,1,26,8.873462152481078
4,12,1,28,8.768104887008667
4,12,1,30,8.849379920959473
4,12,1,32,8.797648978233337
4,12,1,34,8.712057995796204
4,12,1,36,8.819599318504334
4,12,1,38,8.816324734687806
4,12,1,40,8.869818878173827
4,12,2,2,33.41275475025177
4,12,2,4,18.461289477348327
4,12,2,6,12.928051209449768
4,12,2,8,9.956184673309327
4,12,2,10,8.29971158504486
4,12,2,12,7.291305804252625
4,12,2,14,6.819412732124329
4,12,2,16,6.060530829429626
4,12,2,18,5.503399515151978
4,12,2,20,5.313718175888061
4,12,2,22,5.077405214309692
4,12,2,24,4.83436689376831
4,12,2,26,4.887497520446777
4,12,2,28,4.799414920806885
4,12,2,30,4.855293655395508
4,12,2,32,4.607791447639466
4,12,2,34,4.815752291679383
4,12,2,36,4.804259634017944
4,12,2,38,4.736655569076538
4,12,2,40,4.589653897285461
4,12,3,2,34.75230164527893
4,12,3,4,18.142941498756407
4,12,3,6,12.473300242424012
4,12,3,8,9.620041823387146
4,12,3,10,7.92497341632843
4,12,3,12,6.827804112434388
4,12,3,14,6.159004473686219
4,12,3,16,5.618037915229797
4,12,3,18,5.103809571266174
4,12,3,20,4.7290550708770756
4,12,3,22,4.523309850692749
4,12,3,24,4.3207629203796385
4,12,3,26,4.227505993843079
4,12,3,28,4.202867126464843
4,12,3,30,4.2110580682754515
4,12,3,32,4.197782897949219
4,12,3,34,4.2005146741867065
4,12,3,36,4.167301034927368
4,12,3,38,4.166000199317932
4,12,3,40,3.931183695793152
4,12,4,2,34.675866317749026
4,12,4,4,18.39262709617615
4,12,4,6,12.64710283279419
4,12,4,8,9.699956440925598
4,12,4,10,8.018620157241822
4,12,4,12,6.882684445381164
4,12,4,14,6.135124850273132
4,12,4,16,5.655479812622071
4,12,4,18,5.163687014579773
4,12,4,20,4.782889556884766
4,12,4,22,4.489804363250732
4,12,4,24,4.348037695884704
4,12,4,26,4.215760564804077
4,12,4,28,4.227767133712769
4,12,4,30,4.1908355236053465
4,12,4,32,4.097440123558044
4,12,4,34,4.18588650226593
4,12,4,36,4.156266593933106
4,12,4,38,4.106260466575622
4,12,4,40,3.8839986324310303
4,12,5,2,34.236588048934934
4,12,5,4,18.37617423534393
4,12,5,6,12.65138487815857
4,12,5,8,9.702789092063904
4,12,5,10,7.995414090156555
4,12,5,12,6.936747717857361
4,12,5,14,6.181760287284851
4,12,5,16,5.580270099639892
4,12,5,18,5.173145318031311
4,12,5,20,4.798707962036133
4,12,5,22,4.494135761260987
4,12,5,24,4.342552137374878
4,12,5,26,4.233710098266601
4,12,5,28,4.199591112136841
4,12,5,30,4.192734432220459
4,12,5,32,4.155076241493225
4,12,5,34,4.25163083076477
4,12,5,36,4.159196162223816
4,12,5,38,4.012740921974182
4,12,5,40,3.8570965051651003
4,12,6,2,34.180246114730835
4,12,6,4,18.381590294837952
4,12,6,6,12.616140937805175
4,12,6,8,9.70441677570343
4,12,6,10,7.9879358291625975
4,12,6,12,6.897429990768432
4,12,6,14,6.046684145927429
4,12,6,16,5.62177209854126
4,12,6,18,5.171378183364868
4,12,6,20,4.772022533416748
4,12,6,22,4.567514252662659
4,12,6,24,4.330547404289246
4,12,6,26,4.304299330711364
4,12,6,28,4.169109678268432
4,12,6,30,4.207463526725769
4,12,6,32,4.135435342788696
4,12,6,34,4.219944477081299
4,12,6,36,4.205284285545349
4,12,6,38,4.128636193275452
4,12,6,40,3.938120150566101
4,12,7,2,34.12819061279297
4,12,7,4,18.367798829078673
4,12,7,6,12.583777618408202
4,12,7,8,9.71122715473175
4,12,7,10,7.977463340759277
4,12,7,12,6.851321363449097
4,12,7,14,6.140324521064758
4,12,7,16,5.555709648132324
4,12,7,18,5.111644458770752
4,12,7,20,4.734585070610047
4,12,7,22,4.51569709777832
4,12,7,24,4.263056325912475
4,12,7,26,4.237219715118409
4,12,7,28,4.176277208328247
4,12,7,30,4.1990468263626095
4,12,7,32,4.088312149047852
4,12,7,34,4.116859650611877
4,12,7,36,4.092855405807495
4,12,7,38,4.113062739372253
4,12,7,40,3.9453611373901367
4,12,8,2,34.63276884555817
4,12,8,4,18.467489290237427
4,12,8,6,12.663608717918397
4,12,8,8,9.771423292160033
4,12,8,10,8.00408706665039
4,12,8,12,6.889697885513305
4,12,8,14,6.195674204826355
4,12,8,16,5.563221716880799
4,12,8,18,5.143154001235962
4,12,8,20,4.761131286621094
4,12,8,22,4.5143317699432375
4,12,8,24,4.326402688026429
4,12,8,26,4.2715325355529785
4,12,8,28,4.264406704902649
4,12,8,30,4.13290581703186
4,12,8,32,4.184272456169128
4,12,8,34,4.095010161399841
4,12,8,36,4.1806049108505245
4,12,8,38,4.02114245891571
4,12,8,40,3.9753230094909666
4,13,0,1,95.88151452541351
4,13,1,2,49.71271550655365
4,13,1,4,28.407307434082032
4,13,1,6,21.20438232421875
4,13,1,8,17.473810601234437
4,13,1,10,15.545454692840575
4,13,1,12,14.53855333328247
4,13,1,14,13.654154729843139
4,13,1,16,12.32624123096466
4,13,1,18,12.306587195396423
4,13,1,20,12.450049209594727
4,13,1,22,12.442612171173096
4,13,1,24,12.366642379760743
4,13,1,26,12.376258587837219
4,13,1,28,12.40684003829956
4,13,1,30,12.349976062774658
4,13,1,32,12.455068063735961
4,13,1,34,12.193268179893494
4,13,1,36,12.364456462860108
4,13,1,38,12.376963710784912
4,13,1,40,12.348283624649047
4,13,2,2,48.48156735897064
4,13,2,4,26.174288058280943
4,13,2,6,18.244868659973143
4,13,2,8,14.230061078071595
4,13,2,10,11.851657152175903
4,13,2,12,10.270931792259216
4,13,2,14,9.431540989875794
4,13,2,16,8.499887609481812
4,13,2,18,7.90568253993988
4,13,2,20,7.3210573434829715
4,13,2,22,7.2267687797546385
4,13,2,24,6.93037223815918
4,13,2,26,6.708131909370422
4,13,2,28,6.8233343124389645
4,13,2,30,6.751163744926453
4,13,2,32,6.86633996963501
4,13,2,34,6.83246762752533
4,13,2,36,6.698206377029419
4,13,2,38,6.488099455833435
4,13,2,40,6.704453301429749
4,13,3,2,48.7629251241684
4,13,3,4,26.49949703216553
4,13,3,6,18.223144221305848
4,13,3,8,14.020367002487182
4,13,3,10,11.472652149200439
4,13,3,12,9.890586519241333
4,13,3,14,8.932144522666931
4,13,3,16,7.971213698387146
4,13,3,18,7.522536444664001
4,13,3,20,6.8511124610900875
4,13,3,22,6.32967734336853
4,13,3,24,6.135716772079467
4,13,3,26,5.976692342758179
4,13,3,28,5.728639411926269
4,13,3,30,5.8659151792526245
4,13,3,32,5.813938617706299
4,13,3,34,5.746570992469787
4,13,3,36,5.6413288593292235
4,13,3,38,5.562890148162841
4,13,3,40,5.511466860771179
4,13,4,2,49.83313636779785
4,13,4,4,26.79606854915619
4,13,4,6,18.367619776725768
4,13,4,8,14.110937356948853
4,13,4,10,11.620647025108337
4,13,4,12,9.989655780792237
4,13,4,14,8.898266768455505
4,13,4,16,8.031387615203858
4,13,4,18,7.331945061683655
4,13,4,20,6.765058135986328
4,13,4,22,6.450589847564697
4,13,4,24,6.13427426815033
4,13,4,26,5.966503596305847
4,13,4,28,5.8264480352401735
4,13,4,30,5.853240156173706
4,13,4,32,5.657143306732178
4,13,4,34,5.682356333732605
4,13,4,36,5.700110721588135
4,13,4,38,5.685727930068969
4,13,4,40,5.419187664985657
4,13,5,2,49.99834897518158
4,13,5,4,26.7062260389328
4,13,5,6,18.28838152885437
4,13,5,8,14.095428395271302
4,13,5,10,11.635908770561219
4,13,5,12,9.910963487625121
4,13,5,14,8.885195970535278
4,13,5,16,8.004296851158141
4,13,5,18,7.28728220462799
4,13,5,20,6.838594436645508
4,13,5,22,6.43856520652771
4,13,5,24,6.142542386054993
4,13,5,26,5.947749376296997
4,13,5,28,5.982435822486877
4,13,5,30,5.766640520095825
4,13,5,32,5.7939342021942135
4,13,5,34,5.75603039264679
4,13,5,36,5.725296521186829
4,13,5,38,5.695185351371765
4,13,5,40,5.495572781562805
4,13,6,2,49.68116853237152
4,13,6,4,26.669552302360536
4,13,6,6,18.292630624771117
4,13,6,8,14.13596007823944
4,13,6,10,11.597912526130676
4,13,6,12,9.931289958953858
4,13,6,14,8.883721685409546
4,13,6,16,8.006074500083923
4,13,6,18,7.391145825386047
4,13,6,20,6.810815930366516
4,13,6,22,6.385716676712036
4,13,6,24,6.08348023891449
4,13,6,26,5.97736427783966
4,13,6,28,5.852676796913147
4,13,6,30,5.788268613815307
4,13,6,32,5.796454191207886
4,13,6,34,5.774271678924561
4,13,6,36,5.630388021469116
4,13,6,38,5.553036212921143
4,13,6,40,5.38961968421936
4,13,7,2,49.745507502555846
4,13,7,4,26.651026010513306
4,13,7,6,18.293501234054567
4,13,7,8,14.119868898391724
4,13,7,10,11.614747548103333
4,13,7,12,9.914432883262634
4,13,7,14,8.763298678398133
4,13,7,16,8.0074951171875
4,13,7,18,7.374301528930664
4,13,7,20,6.868139052391053
4,13,7,22,6.475649905204773
4,13,7,24,6.1005020380020145
4,13,7,26,5.971653270721435
4,13,7,28,5.832003784179688
4,13,7,30,5.729244709014893
4,13,7,32,5.778695797920227
4,13,7,34,5.755102801322937
4,13,7,36,5.764150309562683
4,13,7,38,5.622513651847839
4,13,7,40,5.464754295349121
4,13,8,2,49.59458222389221
4,13,8,4,26.65591969490051
4,13,8,6,18.32261939048767
4,13,8,8,14.118453335762023
4,13,8,10,11.55169084072113
4,13,8,12,9.913336586952209
4,13,8,14,8.764545345306397
4,13,8,16,7.949112486839295
4,13,8,18,7.28922131061554
4,13,8,20,6.843617963790893
4,13,8,22,6.391397881507873
4,13,8,24,6.026870751380921
4,13,8,26,5.89904477596283
4,13,8,28,5.797249603271484
4,13,8,30,5.7981996774673465
4,13,8,32,5.7119649887084964
4,13,8,34,5.779420185089111
4,13,8,36,5.608228254318237
4,13,8,38,5.604577851295471
4,13,8,40,5.578951668739319
4,14,0,1,133.03903493881225
4,14,1,2,70.03157348632813
4,14,1,4,40.15180306434631
4,14,1,6,29.745089864730836
4,14,1,8,25.16201870441437
4,14,1,10,22.98911256790161
4,14,1,12,20.481427431106567
4,14,1,14,19.120774841308595
4,14,1,16,17.8340482711792
4,14,1,18,17.35707015991211
4,14,1,20,17.5807585477829
4,14,1,22,17.58395414352417
4,14,1,24,17.56608917713165
4,14,1,26,17.511735558509827
4,14,1,28,17.51894602775574
4,14,1,30,17.35428383350372
4,14,1,32,17.398856544494627
4,14,1,34,17.359048867225646
4,14,1,36,17.375795912742614
4,14,1,38,17.50276644229889
4,14,1,40,17.436942744255067
4,14,2,2,72.88010513782501
4,14,2,4,37.822950506210326
4,14,2,6,26.277383279800414
4,14,2,8,20.50221598148346
4,14,2,10,16.757491278648377
4,14,2,12,14.568291687965393
4,14,2,14,12.956879425048829
4,14,2,16,11.371523141860962
4,14,2,18,10.540553498268128
4,14,2,20,9.913262200355529
4,14,2,22,9.58668692111969
4,14,2,24,8.968571996688842
4,14,2,26,8.551729011535645
4,14,2,28,8.514987921714782
4,14,2,30,8.60432276725769
4,14,2,32,8.532935690879821
4,14,2,34,8.073520827293397
4,14,2,36,8.329148983955383
4,14,2,38,8.418999242782593
4,14,2,40,7.794268345832824
4,14,3,2,72.65941503047944
4,14,3,4,37.53013792037964
4,14,3,6,25.53334331512451
4,14,3,8,19.587859582901
4,14,3,10,16.128797817230225
4,14,3,12,13.682461953163147
4,14,3,14,12.153026890754699
4,14,3,16,10.944765281677245
4,14,3,18,9.993466234207153
4,14,3,20,9.315651273727417
4,14,3,22,8.691621994972229
4,14,3,24,8.303198647499084
4,14,3,26,8.01493480205536
4,14,3,28,7.76244637966156
4,14,3,30,7.535983848571777
4,14,3,32,7.129422569274903
4,14,3,34,7.2889344692230225
4,14,3,36,7.1884620666503904
4,14,3,38,7.626890921592713
4,14,3,40,7.14512574672699
4,14,4,2,73.60450506210327
4,14,4,4,37.86123795509339
4,14,4,6,25.528014135360717
4,14,4,8,19.60574338436127
4,14,4,10,16.008415150642396
4,14,4,12,13.714678239822387
4,14,4,14,12.05441107749939
4,14,4,16,10.907774949073792
4,14,4,18,10.009328746795655
4,14,4,20,9.310564994812012
4,14,4,22,8.717805171012879
4,14,4,24,8.240856838226318
4,14,4,26,8.016966462135315
4,14,4,28,7.8511871814727785
4,14,4,30,7.617598605155945
4,14,4,32,7.65886914730072
4,14,4,34,7.572894620895386
4,14,4,36,7.456981062889099
4,14,4,38,7.334343218803406
4,14,4,40,7.16597969532013
4,14,5,2,69.40311424732208
4,14,5,4,37.056810307502744
4,14,5,6,25.44280707836151
4,14,5,8,19.574822545051575
4,14,5,10,16.033361077308655
4,14,5,12,13.670463228225708
4,14,5,14,12.107265329360962
4,14,5,16,10.92431697845459
4,14,5,18,10.078749632835388
4,14,5,20,9.193222737312317
4,14,5,22,8.699501228332519
4,14,5,24,8.350985980033874
4,14,5,26,7.963661789894104
4,14,5,28,7.861321592330933
4,14,5,30,7.676232361793518
4,14,5,32,7.656976127624512
4,14,5,34,7.634592890739441
4,14,5,36,7.579830026626587
4,14,5,38,7.470279502868652
4,14,5,40,7.372579884529114
4,14,6,2,70.36807465553284
4,14,6,4,37.477375864982605
4,14,6,6,25.63656554222107
4,14,6,8,19.696778750419618
4,14,6,10,16.17733426094055
4,14,6,12,13.767681527137757
4,14,6,14,12.117869424819947
4,14,6,16,10.94193344116211
4,14,6,18,10.014864206314087
4,14,6,20,9.337244248390197
4,14,6,22,8.720785760879517
4,14,6,24,8.245476913452148
4,14,6,26,7.993329906463623
4,14,6,28,7.838604044914246
4,14,6,30,7.6159377813339235
4,14,6,32,7.4754406929016115
4,14,6,34,7.196795511245727
4,14,6,36,7.050024819374085
4,14,6,38,7.028830599784851
4,14,6,40,7.000096535682678
4,14,7,2,73.31750030517578
4,14,7,4,37.3319991350174
4,14,7,6,25.57330527305603
4,14,7,8,19.721889519691466
4,14,7,10,16.15008339881897
4,14,7,12,13.728651642799377
4,14,7,14,12.213250613212585
4,14,7,16,10.98439326286316
4,14,7,18,10.117417335510254
4,14,7,20,9.286663603782653
4,14,7,22,8.72457995414734
4,14,7,24,8.355604410171509
4,14,7,26,8.029949235916138
4,14,7,28,7.788967394828797
4,14,7,30,7.732448673248291
4,14,7,32,7.343165802955627
4,14,7,34,7.613108062744141
4,14,7,36,7.406265616416931
4,14,7,38,7.3967290163040165
4,14,7,40,7.06440303325653
4,14,8,2,69.18990454673767
4,14,8,4,37.07025117874146
4,14,8,6,25.602656269073485
4,14,8,8,19.624026799201964
4,14,8,10,16.050788736343385
4,14,8,12,13.686621046066284
4,14,8,14,12.111244654655456
4,14,8,16,10.923852467536927
4,14,8,18,10.00618772506714
4,14,8,20,9.219133448600768
4,14,8,22,8.704121732711792
4,14,8,24,8.279571461677552
4,14,8,26,7.985789728164673
4,14,8,28,7.745664072036743
4,14,8,30,7.5376756429672245
4,14,8,32,7.611918354034424
4,14,8,34,7.558660364151001
4,14,8,36,7.461570501327515
4,14,8,38,6.7334064245224
4,14,8,40,6.746728110313415
4,15,0,1,176.30796837806702
4,15,1,2,92.75302546024322
4,15,1,4,53.323568081855775
4,15,1,6,39.94855365753174
4,15,1,8,32.13202841281891
4,15,1,10,29.307769846916198
4,15,1,12,27.204883813858032
4,15,1,14,25.564663338661195
4,15,1,16,20.33311641216278
4,15,1,18,20.26715953350067
4,15,1,20,20.618461513519286
4,15,1,22,20.74799778461456
4,15,1,24,20.494932293891907
4,15,1,26,20.296150374412537
4,15,1,28,20.264239478111268
4,15,1,30,20.277804803848266
4,15,1,32,20.282340574264527
4,15,1,34,20.365536212921143
4,15,1,36,20.388986539840698
4,15,1,38,20.413025856018066
4,15,1,40,20.39504208564758
4,15,2,2,95.6060256242752
4,15,2,4,49.67571775913238
4,15,2,6,34.39581553936004
4,15,2,8,26.609156823158266
4,15,2,10,22.46732053756714
4,15,2,12,18.831845545768736
4,15,2,14,17.122703862190246
4,15,2,16,15.058959913253783
4,15,2,18,13.754650211334228
4,15,2,20,12.977842116355896
4,15,2,22,12.194396948814392
4,15,2,24,11.515262937545776
4,15,2,26,11.229052567481995
4,15,2,28,10.975714492797852
4,15,2,30,10.978089952468872
4,15,2,32,10.572816920280456
4,15,2,34,10.372088265419006
4,15,2,36,10.158394694328308
4,15,2,38,10.315205669403076
4,15,2,40,10.244388389587403
4,15,3,2,91.83735592365265
4,15,3,4,48.40628306865692
4,15,3,6,33.38372139930725
4,15,3,8,25.92558934688568
4,15,3,10,21.25967319011688
4,15,3,12,18.195010375976562
4,15,3,14,15.934878301620483
4,15,3,16,14.215150356292725
4,15,3,18,13.077109575271606
4,15,3,20,11.995032787322998
4,15,3,22,11.595183801651
4,15,3,24,10.950267934799195
4,15,3,26,10.522261428833009
4,15,3,28,10.139065480232238
4,15,3,30,9.855832934379578
4,15,3,32,9.571157145500184
4,15,3,34,9.749287819862365
4,15,3,36,9.725888586044311
4,15,3,38,9.217745757102966
4,15,3,40,9.167950129508972
4,15,4,2,99.34750514030456
4,15,4,4,50.91049437522888
4,15,4,6,34.11366169452667
4,15,4,8,26.018298196792603
4,15,4,10,21.269836330413817
4,15,4,12,18.217734813690186
4,15,4,14,16.108284497261046
4,15,4,16,14.452775812149047
4,15,4,18,13.372000694274902
4,15,4,20,12.218221521377563
4,15,4,22,11.437188291549683
4,15,4,24,10.88081419467926
4,15,4,26,10.422800207138062
4,15,4,28,10.13015079498291
4,15,4,30,9.90232949256897
4,15,4,32,9.599060082435608
4,15,4,34,9.147408986091614
4,15,4,36,9.147084617614746
4,15,4,38,8.969086647033691
4,15,4,40,9.001985478401185
4,15,5,2,93.64548387527466
4,15,5,4,49.79794526100159
4,15,5,6,34.45699384212494
4,15,5,8,26.28725998401642
4,15,5,10,21.455343198776244
4,15,5,12,18.36579828262329
4,15,5,14,16.093827152252196
4,15,5,16,14.309556603431702
4,15,5,18,13.14203233718872
4,15,5,20,12.127600622177123
4,15,5,22,11.426588892936707
4,15,5,24,11.08717110157013
4,15,5,26,10.774046874046325
4,15,5,28,10.361622786521911
4,15,5,30,9.667302513122559
4,15,5,32,9.604126858711243
4,15,5,34,9.489034509658813
4,15,5,36,9.509548449516297
4,15,5,38,9.49116153717041
4,15,5,40,8.530582213401795
4,15,6,2,93.37280788421631
4,15,6,4,49.60292224884033
4,15,6,6,34.40289404392242
4,15,6,8,26.36489884853363
4,15,6,10,21.609936928749086
4,15,6,12,18.457555413246155
4,15,6,14,16.139679145812988
4,15,6,16,14.440385985374451
4,15,6,18,13.125752758979797
4,15,6,20,12.087378478050232
4,15,6,22,11.452912592887879
4,15,6,24,10.949604940414428
4,15,6,26,10.48251748085022
4,15,6,28,10.1077810049057
4,15,6,30,9.833931016921998
4,15,6,32,9.595658755302429
4,15,6,34,9.651713299751282
4,15,6,36,9.674594807624818
4,15,6,38,9.448879408836365
4,15,6,40,8.617211508750916
4,15,7,2,96.65557065010071
4,15,7,4,49.852122282981874
4,15,7,6,33.99835720062256
4,15,7,8,26.15402023792267
4,15,7,10,21.371576952934266
4,15,7,12,18.353888273239136
4,15,7,14,16.30182030200958
4,15,7,16,14.671083927154541
4,15,7,18,13.353681635856628
4,15,7,20,12.346499300003051
4,15,7,22,11.586607360839844
4,15,7,24,11.015447449684142
4,15,7,26,10.58748219013214
4,15,7,28,10.24532709121704
4,15,7,30,10.009838247299195
4,15,7,32,9.783691453933717
4,15,7,34,9.681653261184692
4,15,7,36,9.744560265541077
4,15,7,38,9.54698646068573
4,15,7,40,8.905709218978881
4,15,8,2,96.35395240783691
4,15,8,4,49.77395544052124
4,15,8,6,33.9796355009079
4,15,8,8,25.76971309185028
4,15,8,10,21.075028920173644
4,15,8,12,18.40935800075531
4,15,8,14,16.653478145599365
4,15,8,16,14.737161207199097
4,15,8,18,13.286182403564453
4,15,8,20,12.180200457572937
4,15,8,22,11.4500408411026
4,15,8,24,11.222553038597107
4,15,8,26,10.485599184036255
4,15,8,28,10.117710781097411
4,15,8,30,9.668679690361023
4,15,8,32,9.495773863792419
4,15,8,34,9.504527044296264
4,15,8,36,9.475781106948853
4,15,8,38,9.067831969261169
4,15,8,40,8.916010189056397
5,2,0,1,1.7229017734527587
5,2,1,2,1.059643292427063
5,2,1,4,0.6713883876800537
5,2,1,6,0.5327616453170776
5,2,1,8,0.4951183795928955
5,2,1,10,0.4743632793426514
5,2,1,12,0.48446271419525144
5,2,1,14,0.4762939453125
5,2,1,16,0.4801933765411377
5,2,1,18,0.47263896465301514
5,2,1,20,0.4744391679763794
5,2,1,22,0.4952569007873535
5,2,1,24,0.49007084369659426
5,2,1,26,0.5141033887863159
5,2,1,28,0.5008624792098999
5,2,1,30,0.4938214778900146
5,2,1,32,0.49704647064208984
5,2,1,34,0.4797774076461792
5,2,1,36,0.48340749740600586
5,2,1,38,0.5030956268310547
5,2,1,40,0.4956505298614502
5,2,2,2,1.0317955493927002
5,2,2,4,0.5877471446990967
5,2,2,6,0.43740429878234866
5,2,2,8,0.3867199897766113
5,2,2,10,0.3649206399917603
5,2,2,12,0.3518645763397217
5,2,2,14,0.35032806396484373
5,2,2,16,0.35254027843475344
5,2,2,18,0.34811675548553467
5,2,2,20,0.34625771045684817
5,2,2,22,0.34820659160614015
5,2,2,24,0.354327917098999
5,2,2,26,0.3602212190628052
5,2,2,28,0.37057430744171144
5,2,2,30,0.376466703414917
5,2,2,32,0.3787543296813965
5,2,2,34,0.38431763648986816
5,2,2,36,0.39102294445037844
5,2,2,38,0.39457881450653076
5,2,2,40,0.4139166116714478
5,2,3,2,1.0797894954681397
5,2,3,4,0.6047722101211548
5,2,3,6,0.4484570980072021
5,2,3,8,0.3703951358795166
5,2,3,10,0.3308472394943237
5,2,3,12,0.33019351959228516
5,2,3,14,0.3287070274353027
5,2,3,16,0.3210338830947876
5,2,3,18,0.3272050380706787
5,2,3,20,0.3204235792160034
5,2,3,22,0.33050196170806884
5,2,3,24,0.33135361671447755
5,2,3,26,0.3346447467803955
5,2,3,28,0.3417187213897705
5,2,3,30,0.34942030906677246
5,2,3,32,0.3535255193710327
5,2,3,34,0.3553048849105835
5,2,3,36,0.36060705184936526
5,2,3,38,0.36618790626525877
5,2,3,40,0.3723323345184326
5,2,4,2,1.0576534509658813
5,2,4,4,0.6150867223739624
5,2,4,6,0.4562317132949829
5,2,4,8,0.3619758367538452
5,2,4,10,0.32872512340545657
5,2,4,12,0.3274386882781982
5,2,4,14,0.31961147785186766
5,2,4,16,0.3241278648376465
5,2,4,18,0.317591118812561
5,2,4,20,0.3202409505844116
5,2,4,22,0.32812397480010985
5,2,4,24,0.3289947032928467
5,2,4,26,0.3372650623321533
5,2,4,28,0.33888022899627684
5,2,4,30,0.3409339189529419
5,2,4,32,0.3461345911026001
5,2,4,34,0.3473222732543945
5,2,4,36,0.35387866497039794
5,2,4,38,0.35952713489532473
5,2,4,40,0.36424362659454346
5,2,5,2,1.0401462078094483
5,2,5,4,0.619284701347351
5,2,5,6,0.45729727745056153
5,2,5,8,0.3742304086685181
5,2,5,10,0.3370269536972046
5,2,5,12,0.33802731037139894
5,2,5,14,0.3257349729537964
5,2,5,16,0.3286646127700806
5,2,5,18,0.3273360013961792
5,2,5,20,0.3235379695892334
5,2,5,22,0.32653136253356935
5,2,5,24,0.33697876930236814
5,2,5,26,0.33647842407226564
5,2,5,28,0.33659307956695556
5,2,5,30,0.3430121660232544
5,2,5,32,0.34486281871795654
5,2,5,34,0.3464252710342407
5,2,5,36,0.3591166496276855
5,2,5,38,0.36017072200775146
5,2,5,40,0.3713115453720093
5,2,6,2,1.1079437732696533
5,2,6,4,0.59775869846344
5,2,6,6,0.44169471263885496
5,2,6,8,0.3779705762863159
5,2,6,10,0.33133654594421386
5,2,6,12,0.32873849868774413
5,2,6,14,0.3262078523635864
5,2,6,16,0.32546818256378174
5,2,6,18,0.324186897277832
5,2,6,20,0.32416207790374757
5,2,6,22,0.3294318199157715
5,2,6,24,0.3321666717529297
5,2,6,26,0.3372246503829956
5,2,6,28,0.3363922119140625
5,2,6,30,0.3462109088897705
5,2,6,32,0.34809412956237795
5,2,6,34,0.3537352800369263
5,2,6,36,0.35630691051483154
5,2,6,38,0.3596134424209595
5,2,6,40,0.3695748567581177
5,2,7,2,1.084940791130066
5,2,7,4,0.6054764032363892
5,2,7,6,0.435756516456604
5,2,7,8,0.3646742343902588
5,2,7,10,0.33501672744750977
5,2,7,12,0.3287366390228271
5,2,7,14,0.3277297019958496
5,2,7,16,0.3279114723205566
5,2,7,18,0.32441959381103513
5,2,7,20,0.32339794635772706
5,2,7,22,0.33195035457611083
5,2,7,24,0.3319993257522583
5,2,7,26,0.33983707427978516
5,2,7,28,0.34140262603759763
5,2,7,30,0.34210953712463377
5,2,7,32,0.3442509174346924
5,2,7,34,0.35288443565368655
5,2,7,36,0.3595821142196655
5,2,7,38,0.36148016452789306
5,2,7,40,0.3643321990966797
5,2,8,2,1.0367093324661254
5,2,8,4,0.6146183252334595
5,2,8,6,0.44117274284362795
5,2,8,8,0.3686571836471558
5,2,8,10,0.32892775535583496
5,2,8,12,0.3284363031387329
5,2,8,14,0.32214653491973877
5,2,8,16,0.32242019176483155
5,2,8,18,0.32236948013305666
5,2,8,20,0.32389278411865235
5,2,8,22,0.3248820066452026
5,2,8,24,0.3324896812438965
5,2,8,26,0.33773155212402345
5,2,8,28,0.3347540616989136
5,2,8,30,0.3476215362548828
5,2,8,32,0.3419835090637207
5,2,8,34,0.3479451656341553
5,2,8,36,0.3572740077972412
5,2,8,38,0.3588221311569214
5,2,8,40,0.3685577869415283
5,3,0,1,4.309548354148864
5,3,1,2,2.657227396965027
5,3,1,4,1.6131466388702393
5,3,1,6,1.286862301826477
5,3,1,8,1.1814056158065795
5,3,1,10,1.1328598260879517
5,3,1,12,1.0928572416305542
5,3,1,14,1.0933011770248413
5,3,1,16,1.0930644512176513
5,3,1,18,1.093894863128662
5,3,1,20,1.1040817737579345
5,3,1,22,1.1068001747131349
5,3,1,24,1.1221954345703125
5,3,1,26,1.1147184371948242
5,3,1,28,1.1218324422836303
5,3,1,30,1.1716709852218627
5,3,1,32,1.1394416332244872
5,3,1,34,1.1298550844192505
5,3,1,36,1.123304295539856
5,3,1,38,1.1335127353668213
5,3,1,40,1.1428301811218262
5,3,2,2,2.4856073379516603
5,3,2,4,1.4520886898040772
5,3,2,6,1.048008918762207
5,3,2,8,0.8954063177108764
5,3,2,10,0.7820101737976074
5,3,2,12,0.7679179191589356
5,3,2,14,0.7659798860549927
5,3,2,16,0.7601154565811157
5,3,2,18,0.7264935493469238
5,3,2,20,0.7175526142120361
5,3,2,22,0.7561077117919922
5,3,2,24,0.7672314882278443
5,3,2,26,0.7446314811706543
5,3,2,28,0.7774295330047607
5,3,2,30,0.7777375459671021
5,3,2,32,0.7799800157546997
5,3,2,34,0.8149148941040039
5,3,2,36,0.8238014698028564
5,3,2,38,0.825404143333435
5,3,2,40,0.8506400346755981
5,3,3,2,2.6430190086364744
5,3,3,4,1.469672441482544
5,3,3,6,1.054027795791626
5,3,3,8,0.8644917726516723
5,3,3,10,0.7581982612609863
5,3,3,12,0.7252367258071899
5,3,3,14,0.6984309434890748
5,3,3,16,0.6895300626754761
5,3,3,18,0.6739384412765503
5,3,3,20,0.6687552452087402
5,3,3,22,0.6711717844009399
5,3,3,24,0.684933090209961
5,3,3,26,0.6894791126251221
5,3,3,28,0.706113076210022
5,3,3,30,0.7145183563232422
5,3,3,32,0.7183802366256714
5,3,3,34,0.725640869140625
5,3,3,36,0.7377375364303589
5,3,3,38,0.7541590213775635
5,3,3,40,0.7660959243774415
5,3,4,2,2.8879899740219117
5,3,4,4,1.4993778228759767
5,3,4,6,1.0605404138565064
5,3,4,8,0.8700932264328003
5,3,4,10,0.7577021598815918
5,3,4,12,0.7306654453277588
5,3,4,14,0.6912254333496094
5,3,4,16,0.6813542604446411
5,3,4,18,0.6715724468231201
5,3,4,20,0.661375904083252
5,3,4,22,0.666737699508667
5,3,4,24,0.6782663345336915
5,3,4,26,0.6792213439941406
5,3,4,28,0.6903903961181641
5,3,4,30,0.7038928270339966
5,3,4,32,0.7103622913360595
5,3,4,34,0.7195566415786743
5,3,4,36,0.7336475849151611
5,3,4,38,0.7392052412033081
5,3,4,40,0.7580487489700317
5,3,5,2,2.713379669189453
5,3,5,4,1.5224576234817504
5,3,5,6,1.0722854614257813
5,3,5,8,0.8673321962356567
5,3,5,10,0.754206919670105
5,3,5,12,0.7281256437301635
5,3,5,14,0.6986171483993531
5,3,5,16,0.6864139556884765
5,3,5,18,0.6670273542404175
5,3,5,20,0.6611161470413208
5,3,5,22,0.6702786922454834
5,3,5,24,0.669881796836853
5,3,5,26,0.6803911685943603
5,3,5,28,0.6924398899078369
5,3,5,30,0.7013867139816284
5,3,5,32,0.7180734872817993
5,3,5,34,0.7208534717559815
5,3,5,36,0.7306381225585937
5,3,5,38,0.7416219472885132
5,3,5,40,0.7572633743286132
5,3,6,2,2.680267572402954
5,3,6,4,1.485629415512085
5,3,6,6,1.0584604263305664
5,3,6,8,0.8645940065383911
5,3,6,10,0.7551664352416992
5,3,6,12,0.7275822639465332
5,3,6,14,0.6939186096191406
5,3,6,16,0.6855758428573608
5,3,6,18,0.6715816259384155
5,3,6,20,0.6643761396408081
5,3,6,22,0.6636663436889648
5,3,6,24,0.675642728805542
5,3,6,26,0.6791835784912109
5,3,6,28,0.6913279533386231
5,3,6,30,0.7059008836746216
5,3,6,32,0.7143600940704345
5,3,6,34,0.7159533023834228
5,3,6,36,0.7309478044509887
5,3,6,38,0.7424539804458619
5,3,6,40,0.7522553205490112
5,3,7,2,2.669826364517212
5,3,7,4,1.4905051231384276
5,3,7,6,1.0531363010406494
5,3,7,8,0.8587754964828491
5,3,7,10,0.7554533243179321
5,3,7,12,0.7252142906188965
5,3,7,14,0.7007317543029785
5,3,7,16,0.692447304725647
5,3,7,18,0.6751312255859375
5,3,7,20,0.6601977586746216
5,3,7,22,0.6647002220153808
5,3,7,24,0.6743363618850708
5,3,7,26,0.682856822013855
5,3,7,28,0.695693039894104
5,3,7,30,0.7135452270507813
5,3,7,32,0.7151258230209351
5,3,7,34,0.7200215578079223
5,3,7,36,0.7279516220092773
5,3,7,38,0.7387538433074952
5,3,7,40,0.7557991027832032
5,3,8,2,2.6705542325973513
5,3,8,4,1.501962924003601
5,3,8,6,1.0519009828567505
5,3,8,8,0.8553405284881592
5,3,8,10,0.7537928342819213
5,3,8,12,0.719002103805542
5,3,8,14,0.6964774608612061
5,3,8,16,0.6789020299911499
5,3,8,18,0.6713289022445679
5,3,8,20,0.6572757482528686
5,3,8,22,0.6707036256790161
5,3,8,24,0.6676640033721923
5,3,8,26,0.6841795206069946
5,3,8,28,0.6908496379852295
5,3,8,30,0.7025101900100708
5,3,8,32,0.7139726161956788
5,3,8,34,0.7129112482070923
5,3,8,36,0.7318158149719238
5,3,8,38,0.741559624671936
5,3,8,40,0.7544120073318481
5,4,0,1,26.688204407691956
5,4,1,2,14.21854510307312
5,4,1,4,8.448374390602112
5,4,1,6,6.550780034065246
5,4,1,8,5.608492422103882
5,4,1,10,5.236192584037781
5,4,1,12,5.067850708961487
5,4,1,14,4.809313440322876
5,4,1,16,4.761710143089294
5,4,1,18,4.554228520393371
5,4,1,20,4.512286186218262
5,4,1,22,4.3868314027786255
5,4,1,24,4.4147353887557985
5,4,1,26,4.4483301639556885
5,4,1,28,4.413086342811584
5,4,1,30,4.417495369911194
5,4,1,32,4.464523506164551
5,4,1,34,4.413119006156921
5,4,1,36,4.521872425079346
5,4,1,38,4.453112363815308
5,4,1,40,4.42905445098877
5,4,2,2,14.482504606246948
5,4,2,4,8.16181046962738
5,4,2,6,5.87504551410675
5,4,2,8,4.612301325798034
5,4,2,10,4.042098593711853
5,4,2,12,3.7046904802322387
5,4,2,14,3.5010077476501467
5,4,2,16,3.170079779624939
5,4,2,18,3.148657727241516
5,4,2,20,3.1088403463363647
5,4,2,22,3.1348471641540527
5,4,2,24,3.103384256362915
5,4,2,26,3.06629421710968
5,4,2,28,3.1037187576293945
5,4,2,30,3.0910904884338377
5,4,2,32,3.072618007659912
5,4,2,34,3.1655105352401733
5,4,2,36,3.138372015953064
5,4,2,38,3.2444350004196165
5,4,2,40,3.312440609931946
5,4,3,2,15.019329762458801
5,4,3,4,8.197522139549255
5,4,3,6,5.780400967597961
5,4,3,8,4.549960136413574
5,4,3,10,3.944405746459961
5,4,3,12,3.699997091293335
5,4,3,14,3.4551340341567993
5,4,3,16,3.2102213382720945
5,4,3,18,3.0004088640213014
5,4,3,20,2.9226109981536865
5,4,3,22,2.866727113723755
5,4,3,24,2.8672235012054443
5,4,3,26,2.8491825819015504
5,4,3,28,2.8586541414260864
5,4,3,30,2.8651737451553343
5,4,3,32,2.8340175628662108
5,4,3,34,2.8291249513626098
5,4,3,36,2.8595988273620607
5,4,3,38,2.86017701625824
5,4,3,40,2.916686010360718
5,4,4,2,16.435151982307435
5,4,4,4,8.746604180335998
5,4,4,6,6.050302219390869
5,4,4,8,4.861241579055786
5,4,4,10,4.138444280624389
5,4,4,12,3.628394842147827
5,4,4,14,3.309207248687744
5,4,4,16,3.0650633573532104
5,4,4,18,2.920749044418335
5,4,4,20,2.800556516647339
5,4,4,22,2.751957869529724
5,4,4,24,2.75697979927063
5,4,4,26,2.7189850091934202
5,4,4,28,2.745971417427063
5,4,4,30,2.732507276535034
5,4,4,32,2.7231311321258547
5,4,4,34,2.7411335706710815
5,4,4,36,2.7706016302108765
5,4,4,38,2.8211530447006226
5,4,4,40,2.8744088411331177
5,4,5,2,15.524499249458312
5,4,5,4,8.401992297172546
5,4,5,6,5.994997143745422
5,4,5,8,4.874788403511047
5,4,5,10,4.155815196037293
5,4,5,12,3.6558588981628417
5,4,5,14,3.314552569389343
5,4,5,16,3.0801658630371094
5,4,5,18,2.9153443813323974
5,4,5,20,2.853447103500366
5,4,5,22,2.7914467811584474
5,4,5,24,2.7729872465133667
5,4,5,26,2.752648115158081
5,4,5,28,2.7378330707550047
5,4,5,30,2.763633394241333
5,4,5,32,2.7627281665802004
5,4,5,34,2.749460768699646
5,4,5,36,2.763385033607483
5,4,5,38,2.811296820640564
5,4,5,40,2.8234973430633543
5,4,6,2,16.23867266178131
5,4,6,4,8.522804117202758
5,4,6,6,5.9429398536682125
5,4,6,8,4.8110750913619995
5,4,6,10,3.989025330543518
5,4,6,12,3.520651650428772
5,4,6,14,3.2041258096694945
5,4,6,16,3.008040928840637
5,4,6,18,2.8308180570602417
5,4,6,20,2.7286431074142454
5,4,6,22,2.683346462249756
5,4,6,24,2.6317930221557617
5,4,6,26,2.6446884155273436
5,4,6,28,2.6438753843307494
5,4,6,30,2.651318597793579
5,4,6,32,2.6583170890808105
5,4,6,34,2.6888705492019653
5,4,6,36,2.7168802976608277
5,4,6,38,2.7246041536331176
5,4,6,40,2.7501466512680053
5,4,7,2,15.318248724937439
5,4,7,4,8.275923228263855
5,4,7,6,5.797009372711182
5,4,7,8,4.501064920425415
5,4,7,10,3.887128138542175
5,4,7,12,3.4885915994644163
5,4,7,14,3.168996071815491
5,4,7,16,3.010105919837952
5,4,7,18,2.8331787109375
5,4,7,20,2.7216397762298583
5,4,7,22,2.664274716377258
5,4,7,24,2.6415262699127195
5,4,7,26,2.6282668590545653
5,4,7,28,2.645653510093689
5,4,7,30,2.6498839616775514
5,4,7,32,2.669525074958801
5,4,7,34,2.688580942153931
5,4,7,36,2.715728259086609
5,4,7,38,2.727098321914673
5,4,7,40,2.74789183139801
5,4,8,2,15.264281535148621
5,4,8,4,8.242645144462585
5,4,8,6,5.738267660140991
5,4,8,8,4.514659452438354
5,4,8,10,3.8750913619995115
5,4,8,12,3.4438044309616087
5,4,8,14,3.1856527805328367
5,4,8,16,3.0017353773117064
5,4,8,18,2.8446198225021364
5,4,8,20,2.728527641296387
5,4,8,22,2.6725955247879027
5,4,8,24,2.643267345428467
5,4,8,26,2.6417471885681154
5,4,8,28,2.664501905441284
5,4,8,30,2.6672881841659546
5,4,8,32,2.6726691722869873
5,4,8,34,2.6936413049697876
5,4,8,36,2.722727155685425
5,4,8,38,2.7371201038360597
5,4,8,40,2.7532289028167725
5,5,0,1,69.46453127861022
5,5,1,2,37.28616347312927
5,5,1,4,21.032550430297853
5,5,1,6,15.425028944015503
5,5,1,8,12.960249733924865
5,5,1,10,11.617836713790894
5,5,1,12,10.897389268875122
5,5,1,14,10.368510985374451
5,5,1,16,9.915332150459289
5,5,1,18,9.841293454170227
5,5,1,20,9.508450627326965
5,5,1,22,9.499780011177062
5,5,1,24,9.731831264495849
5,5,1,26,9.42461998462677
5,5,1,28,9.548310279846191
5,5,1,30,9.616611099243164
5,5,1,32,9.728869009017945
5,5,1,34,9.712292623519897
5,5,1,36,9.643094253540038
5,5,1,38,9.96800365447998
5,5,1,40,10.083995699882507
5,5,2,2,36.94641695022583
5,5,2,4,19.929452061653137
5,5,2,6,13.758493328094483
5,5,2,8,10.620911693572998
5,5,2,10,8.91755497455597
5,5,2,12,7.83778932094574
5,5,2,14,7.017410731315612
5,5,2,16,6.703511738777161
5,5,2,18,6.095195484161377
5,5,2,20,5.85690667629242
5,5,2,22,5.7686837911605835
5,5,2,24,5.773677206039428
5,5,2,26,5.50331335067749
5,5,2,28,5.553894329071045
5,5,2,30,5.684033346176148
5,5,2,32,5.86996328830719
5,5,2,34,5.915594816207886
5,5,2,36,5.899177670478821
5,5,2,38,5.713484358787537
5,5,2,40,5.78586778640747
5,5,3,2,38.08467040061951
5,5,3,4,20.63887960910797
5,5,3,6,14.195516777038574
5,5,3,8,10.940234422683716
5,5,3,10,9.121186995506287
5,5,3,12,7.913256597518921
5,5,3,14,7.045141673088073
5,5,3,16,6.546062350273132
5,5,3,18,5.974898314476013
5,5,3,20,5.5750600576400755
5,5,3,22,5.336767411231994
5,5,3,24,5.2471518278121945
5,5,3,26,5.150674271583557
5,5,3,28,5.063850522041321
5,5,3,30,5.086362409591675
5,5,3,32,4.997051763534546
5,5,3,34,5.073424386978149
5,5,3,36,5.1399334192276
5,5,3,38,5.054787230491638
5,5,3,40,5.037800931930542
5,5,4,2,38.34641695022583
5,5,4,4,20.74039235115051
5,5,4,6,14.239491629600526
5,5,4,8,11.010282516479492
5,5,4,10,9.21466019153595
5,5,4,12,7.993312931060791
5,5,4,14,7.138265991210938
5,5,4,16,6.536111187934876
5,5,4,18,6.0168099164962765
5,5,4,20,5.629829788208008
5,5,4,22,5.404186582565307
5,5,4,24,5.24838798046112
5,5,4,26,5.1368659973144535
5,5,4,28,5.166243028640747
5,5,4,30,5.045699667930603
5,5,4,32,5.062617135047913
5,5,4,34,4.960225439071655
5,5,4,36,5.049278020858765
5,5,4,38,5.038930678367615
5,5,4,40,4.91054151058197
5,5,5,2,38.66575491428375
5,5,5,4,20.98882567882538
5,5,5,6,14.383675980567933
5,5,5,8,11.186004519462585
5,5,5,10,9.210947132110595
5,5,5,12,7.97382161617279
5,5,5,14,7.1180500984191895
5,5,5,16,6.538225698471069
5,5,5,18,6.090780448913574
5,5,5,20,5.714566016197205
5,5,5,22,5.459125137329101
5,5,5,24,5.265803360939026
5,5,5,26,5.198778414726258
5,5,5,28,5.098787021636963
5,5,5,30,5.061917352676391
5,5,5,32,4.903792428970337
5,5,5,34,4.980134415626526
5,5,5,36,5.029543066024781
5,5,5,38,4.969422793388366
5,5,5,40,4.804007577896118
5,5,6,2,39.41365914344787
5,5,6,4,21.111770939826965
5,5,6,6,14.659883761405945
5,5,6,8,11.537949872016906
5,5,6,10,9.475124502182007
5,5,6,12,8.163532090187072
5,5,6,14,7.235267591476441
5,5,6,16,6.527776169776916
5,5,6,18,6.065908980369568
5,5,6,20,5.658628344535828
5,5,6,22,5.389904475212097
5,5,6,24,5.353170013427734
5,5,6,26,5.203488373756409
5,5,6,28,5.066111278533936
5,5,6,30,5.1280224323272705
5,5,6,32,4.998032355308533
5,5,6,34,5.076418828964234
5,5,6,36,5.029558300971985
5,5,6,38,4.824211430549622
5,5,6,40,4.755720806121826
5,5,7,2,38.77559809684753
5,5,7,4,20.808685398101808
5,5,7,6,14.277738571166992
5,5,7,8,11.063686037063599
5,5,7,10,9.199403524398804
5,5,7,12,7.96542444229126
5,5,7,14,7.144386744499206
5,5,7,16,6.529547548294067
5,5,7,18,6.0647276639938354
5,5,7,20,5.680813241004944
5,5,7,22,5.42571496963501
5,5,7,24,5.410649037361145
5,5,7,26,5.265712189674377
5,5,7,28,5.169235301017761
5,5,7,30,5.057081770896912
5,5,7,32,5.028005456924438
5,5,7,34,5.009464406967163
5,5,7,36,4.906150364875794
5,5,7,38,4.776177000999451
5,5,7,40,4.755589938163757
5,5,8,2,39.17496201992035
5,5,8,4,20.941643285751343
5,5,8,6,14.510530805587768
5,5,8,8,11.562960386276245
5,5,8,10,9.570063853263855
5,5,8,12,8.18845853805542
5,5,8,14,7.234489560127258
5,5,8,16,6.491562628746033
5,5,8,18,5.969450378417969
5,5,8,20,5.595918488502503
5,5,8,22,5.383003067970276
5,5,8,24,5.236458826065063
5,5,8,26,5.132563757896423
5,5,8,28,5.068876957893371
5,5,8,30,5.026420140266419
5,5,8,32,4.9495312690734865
5,5,8,34,4.9755078792572025
5,5,8,36,4.940675234794616
5,5,8,38,4.881800127029419
5,5,8,40,4.876198029518127
5,6,0,1,242.97341816425325
5,6,1,2,129.153493642807
5,6,1,4,73.1266214609146
5,6,1,6,53.136602997779846
5,6,1,8,45.26267466545105
5,6,1,10,40.40334825515747
5,6,1,12,37.21976294517517
5,6,1,14,35.10614717006683
5,6,1,16,33.5690360546112
5,6,1,18,31.99930911064148
5,6,1,20,31.216238069534302
5,6,1,22,30.130688285827638
5,6,1,24,29.810037469863893
5,6,1,26,28.92511656284332
5,6,1,28,29.08195765018463
5,6,1,30,29.602108359336853
5,6,1,32,29.346382403373717
5,6,1,34,28.68125410079956
5,6,1,36,28.610008716583252
5,6,1,38,28.69005744457245
5,6,1,40,28.795399594306947
5,6,2,2,124.46926839351654
5,6,2,4,66.46335089206696
5,6,2,6,45.88582136631012
5,6,2,8,35.52626767158508
5,6,2,10,29.12104551792145
5,6,2,12,24.463808870315553
5,6,2,14,21.58313238620758
5,6,2,16,19.65930094718933
5,6,2,18,17.879113698005675
5,6,2,20,17.217296481132507
5,6,2,22,16.458925795555114
5,6,2,24,15.121779632568359
5,6,2,26,14.788222861289977
5,6,2,28,13.925438022613525
5,6,2,30,13.781526923179626
5,6,2,32,13.814491629600525
5,6,2,34,13.67254433631897
5,6,2,36,13.646146368980407
5,6,2,38,13.00841474533081
5,6,2,40,12.817424845695495
5,6,3,2,131.5254243850708
5,6,3,4,67.60389442443848
5,6,3,6,46.59396424293518
5,6,3,8,35.447793459892274
5,6,3,10,28.79059691429138
5,6,3,12,24.64091475009918
5,6,3,14,21.60405762195587
5,6,3,16,19.240370750427246
5,6,3,18,17.524308371543885
5,6,3,20,16.31564416885376
5,6,3,22,15.437570214271545
5,6,3,24,14.841338062286377
5,6,3,26,13.974939799308777
5,6,3,28,13.274756145477294
5,6,3,30,13.228478598594666
5,6,3,32,12.84712643623352
5,6,3,34,12.315749287605286
5,6,3,36,12.351125383377076
5,6,3,38,12.113488960266114
5,6,3,40,11.503616118431092
5,6,4,2,130.33363313674926
5,6,4,4,67.40981428623199
5,6,4,6,46.297171878814694
5,6,4,8,35.71693346500397
5,6,4,10,29.524351382255553
5,6,4,12,24.91745755672455
5,6,4,14,22.045085549354553
5,6,4,16,19.716254138946532
5,6,4,18,18.02009539604187
5,6,4,20,16.57820072174072
5,6,4,22,15.566556143760682
5,6,4,24,14.598461413383484
5,6,4,26,13.9223783493042
5,6,4,28,13.442079257965087
5,6,4,30,13.176639699935913
5,6,4,32,12.830947232246398
5,6,4,34,12.727483367919922
5,6,4,36,12.540263652801514
5,6,4,38,11.98223819732666
5,6,4,40,11.987794089317322
5,6,5,2,126.77355523109436
5,6,5,4,66.83584542274475
5,6,5,6,45.659187412261964
5,6,5,8,35.20103116035462
5,6,5,10,28.608601021766663
5,6,5,12,24.492719626426698
5,6,5,14,21.49628875255585
5,6,5,16,19.33257863521576
5,6,5,18,17.516399812698364
5,6,5,20,16.15464632511139
5,6,5,22,15.222692227363586
5,6,5,24,14.410117554664613
5,6,5,26,13.884141826629639
5,6,5,28,13.36856210231781
5,6,5,30,12.98354675769806
5,6,5,32,12.642478227615356
5,6,5,34,12.391453409194947
5,6,5,36,12.19368028640747
5,6,5,38,11.837088108062744
5,6,5,40,11.781243014335633
5,6,6,2,128.03760056495668
5,6,6,4,67.23020129203796
5,6,6,6,46.39360625743866
5,6,6,8,35.84028251171112
5,6,6,10,29.224351811408997
5,6,6,12,24.822993278503418
5,6,6,14,21.737716031074523
5,6,6,16,19.567467427253725
5,6,6,18,17.789975380897523
5,6,6,20,16.364255380630492
5,6,6,22,15.238215851783753
5,6,6,24,14.418977189064027
5,6,6,26,13.823802614212036
5,6,6,28,13.334891295433044
5,6,6,30,13.015158247947692
5,6,6,32,12.617938017845153
5,6,6,34,12.722257256507874
5,6,6,36,12.170186734199524
5,6,6,38,12.134946727752686
5,6,6,40,11.664363503456116
5,6,7,2,132.84455184936525
5,6,7,4,68.02532558441162
5,6,7,6,46.79327127933502
5,6,7,8,35.61072423458099
5,6,7,10,29.037245130538942
5,6,7,12,24.762602925300598
5,6,7,14,21.740367388725282
5,6,7,16,19.503710651397704
5,6,7,18,17.767113351821898
5,6,7,20,16.32479319572449
5,6,7,22,15.369242596626282
5,6,7,24,14.651205730438232
5,6,7,26,13.954481530189515
5,6,7,28,13.426240253448487
5,6,7,30,12.960868501663208
5,6,7,32,12.80658836364746
5,6,7,34,12.623949408531189
5,6,7,36,12.447267484664916
5,6,7,38,12.021734595298767
5,6,7,40,11.8363352060318
5,6,8,2,133.03248462677
5,6,8,4,68.49107687473297
5,6,8,6,46.23271737098694
5,6,8,8,35.039657306671145
5,6,8,10,28.440345811843873
5,6,8,12,24.392724895477294
5,6,8,14,21.526098465919496
5,6,8,16,19.22988576889038
5,6,8,18,17.606612825393675
5,6,8,20,16.18910984992981
5,6,8,22,15.212409210205077
5,6,8,24,14.483811712265014
5,6,8,26,13.921469116210938
5,6,8,28,13.525084948539734
5,6,8,30,13.048175644874572
5,6,8,32,12.699654340744019
5,6,8,34,12.467435169219971
5,6,8,36,12.263112640380859
5,6,8,38,12.018219923973083
5,6,8,40,12.049480271339416
5,7,0,1,521.5176527023316
5,7,1,2,280.6649997472763
5,7,1,4,150.66678144931794
5,7,1,6,114.1174774646759
5,7,1,8,92.71626620292663
5,7,1,10,82.04466567039489
5,7,1,12,75.37543992996216
5,7,1,14,72.86253657341004
5,7,1,16,69.39429304599761
5,7,1,18,68.20416483879089
5,7,1,20,65.4560049533844
5,7,1,22,66.77336394786835
5,7,1,24,64.87665476799012
5,7,1,26,62.235440611839294
5,7,1,28,61.852616858482364
5,7,1,30,62.10059268474579
5,7,1,32,62.855323147773746
5,7,1,34,62.11678831577301
5,7,1,36,62.016326141357425
5,7,1,38,61.99871237277985
5,7,1,40,62.3841771364212
5,7,2,2,271.7740143299103
5,7,2,4,144.54569606781007
5,7,2,6,97.50133786201476
5,7,2,8,75.63079881668091
5,7,2,10,62.68943989276886
5,7,2,12,53.50958006381988
5,7,2,14,47.20609061717987
5,7,2,16,44.11557505130768
5,7,2,18,40.10503008365631
5,7,2,20,35.915416502952574
5,7,2,22,34.72487070560455
5,7,2,24,32.95465309619904
5,7,2,26,32.653458976745604
5,7,2,28,32.63836941719055
5,7,2,30,32.02747030258179
5,7,2,32,30.372945547103882
5,7,2,34,28.39888963699341
5,7,2,36,27.37350974082947
5,7,2,38,29.338912653923035
5,7,2,40,28.148178124427794
5,7,3,2,275.57789957523346
5,7,3,4,139.80079464912416
5,7,3,6,95.73112483024597
5,7,3,8,73.19984469413757
5,7,3,10,59.330528426170346
5,7,3,12,49.678468799591066
5,7,3,14,43.92262711524963
5,7,3,16,39.69240393638611
5,7,3,18,36.10112891197205
5,7,3,20,32.77987585067749
5,7,3,22,31.128071856498718
5,7,3,24,29.572228693962096
5,7,3,26,28.238389468193056
5,7,3,28,27.202222752571107
5,7,3,30,26.49572398662567
5,7,3,32,25.739660620689392
5,7,3,34,24.225013041496275
5,7,3,36,23.676624035835268
5,7,3,38,24.117398977279663
5,7,3,40,23.33284764289856
5,7,4,2,260.24552443027494
5,7,4,4,139.25842173099517
5,7,4,6,96.04704983234406
5,7,4,8,73.31803712844848
5,7,4,10,59.51889045238495
5,7,4,12,50.39270939826965
5,7,4,14,44.08423149585724
5,7,4,16,39.43751051425934
5,7,4,18,36.124368858337405
5,7,4,20,32.78812050819397
5,7,4,22,30.90393042564392
5,7,4,24,29.147902393341063
5,7,4,26,27.742615008354186
5,7,4,28,26.734438586235047
5,7,4,30,25.86274847984314
5,7,4,32,24.877670073509215
5,7,4,34,24.072159242630004
5,7,4,36,23.877444243431093
5,7,4,38,23.649984002113342
5,7,4,40,23.178537487983704
5,7,5,2,261.0974596261978
5,7,5,4,139.6902711391449
5,7,5,6,96.22773818969726
5,7,5,8,73.51647565364837
5,7,5,10,59.5217720746994
5,7,5,12,50.45180292129517
5,7,5,14,43.94426527023315
5,7,5,16,39.73445100784302
5,7,5,18,36.18607323169708
5,7,5,20,33.11473491191864
5,7,5,22,31.139149045944215
5,7,5,24,29.23307857513428
5,7,5,26,28.08819806575775
5,7,5,28,26.88063907623291
5,7,5,30,25.90325963497162
5,7,5,32,24.97874183654785
5,7,5,34,24.36861596107483
5,7,5,36,24.037899923324584
5,7,5,38,23.486789560317995
5,7,5,40,23.126007413864137
5,7,6,2,260.76289384365083
5,7,6,4,139.12999086380006
5,7,6,6,96.04508526325226
5,7,6,8,73.66957414150238
5,7,6,10,59.63501949310303
5,7,6,12,50.88587601184845
5,7,6,14,44.63919794559479
5,7,6,16,39.97300915718078
5,7,6,18,36.46681406497955
5,7,6,20,33.31556055545807
5,7,6,22,31.216631126403808
5,7,6,24,29.453150629997253
5,7,6,26,28.049869322776793
5,7,6,28,26.960574173927306
5,7,6,30,25.81850845813751
5,7,6,32,24.937926626205446
5,7,6,34,24.69126923084259
5,7,6,36,23.938428473472595
5,7,6,38,23.379791378974915
5,7,6,40,23.28821020126343
5,7,7,2,260.37892429828645
5,7,7,4,139.59649806022645
5,7,7,6,95.96716198921203
5,7,7,8,73.51406612396241
5,7,7,10,59.86977820396423
5,7,7,12,50.51265528202057
5,7,7,14,44.261455821990964
5,7,7,16,39.98537976741791
5,7,7,18,36.65054066181183
5,7,7,20,33.11889293193817
5,7,7,22,31.14953758716583
5,7,7,24,29.303375720977783
5,7,7,26,27.98978328704834
5,7,7,28,26.784994864463805
5,7,7,30,25.946165800094604
5,7,7,32,24.99173939228058
5,7,7,34,24.410077142715455
5,7,7,36,24.196176052093506
5,7,7,38,23.99801731109619
5,7,7,40,23.20449137687683
5,7,8,2,261.13551862239837
5,7,8,4,139.45875940322875
5,7,8,6,96.18135421276092
5,7,8,8,73.62523987293244
5,7,8,10,59.61190419197082
5,7,8,12,50.38875682353974
5,7,8,14,44.406797003746036
5,7,8,16,39.85814802646637
5,7,8,18,35.92476663589478
5,7,8,20,33.042557501792906
5,7,8,22,30.947219848632812
5,7,8,24,29.32112584114075
5,7,8,26,27.7703959941864
5,7,8,28,26.70421919822693
5,7,8,30,25.8492525100708
5,7,8,32,24.99421446323395
5,7,8,34,24.252569675445557
5,7,8,36,23.615764093399047
5,7,8,38,23.81397638320923
5,7,8,40,22.792595195770264
